review_id,application_id,queue_name,analyst_id,duration_minutes,decision
REV-3000000,APP-1000000,L1_Document_Exception,ANL-181,708.6,APPROVE
REV-3000001,APP-1000001,L2_AML_Sanctions,ANL-147,685.2,APPROVE
REV-3000002,APP-1000002,L2_AML_Sanctions,ANL-183,435.6,APPROVE
REV-3000003,APP-1000003,L1_Document_Exception,ANL-113,503.4,APPROVE
REV-3000004,APP-1000006,L1_Document_Exception,ANL-230,847.8,APPROVE
REV-3000005,APP-1000008,L2_AML_Sanctions,ANL-115,742.8,APPROVE
REV-3000006,APP-1000010,L1_Document_Exception,ANL-198,459.0,APPROVE
REV-3000007,APP-1000015,L2_AML_Sanctions,ANL-144,1425.6,APPROVE
REV-3000008,APP-1000016,L2_AML_Sanctions,ANL-113,681.6,APPROVE
REV-3000009,APP-1000017,L1_Document_Exception,ANL-138,595.2,APPROVE
REV-3000010,APP-1000018,L1_Document_Exception,ANL-188,769.8,APPROVE
REV-3000011,APP-1000020,L1_Document_Exception,ANL-108,658.2,APPROVE
REV-3000012,APP-1000021,L1_Document_Exception,ANL-124,313.2,APPROVE
REV-3000013,APP-1000026,L1_Document_Exception,ANL-129,576.6,APPROVE
REV-3000014,APP-1000031,L1_Document_Exception,ANL-134,519.6,APPROVE
REV-3000015,APP-1000032,L1_Document_Exception,ANL-139,220.2,REQUEST_REWORK
REV-3000016,APP-1000035,L1_Document_Exception,ANL-207,686.4,APPROVE
REV-3000017,APP-1000036,L1_Document_Exception,ANL-172,579.0,REQUEST_REWORK
REV-3000018,APP-1000037,L2_AML_Sanctions,ANL-166,955.8,REJECT
REV-3000019,APP-1000039,L2_AML_Sanctions,ANL-191,547.2,APPROVE
REV-3000020,APP-1000042,L2_AML_Sanctions,ANL-175,539.4,APPROVE
REV-3000021,APP-1000045,L1_Document_Exception,ANL-109,771.0,APPROVE
REV-3000022,APP-1000048,L1_Document_Exception,ANL-110,833.4,APPROVE
REV-3000023,APP-1000054,L2_AML_Sanctions,ANL-137,769.2,APPROVE
REV-3000024,APP-1000057,L1_Document_Exception,ANL-130,666.0,APPROVE
REV-3000025,APP-1000058,L1_Document_Exception,ANL-214,531.6,APPROVE
REV-3000026,APP-1000060,L2_AML_Sanctions,ANL-196,804.6,APPROVE
REV-3000027,APP-1000064,L1_Document_Exception,ANL-101,1458.6,APPROVE
REV-3000028,APP-1000068,L1_Document_Exception,ANL-198,879.6,APPROVE
REV-3000029,APP-1000070,L2_AML_Sanctions,ANL-134,1213.2,APPROVE
REV-3000030,APP-1000075,L1_Document_Exception,ANL-184,1029.6,APPROVE
REV-3000031,APP-1000079,L1_Document_Exception,ANL-120,498.6,APPROVE
REV-3000032,APP-1000080,L1_Document_Exception,ANL-177,606.6,REQUEST_REWORK
REV-3000033,APP-1000084,L1_Document_Exception,ANL-186,525.6,REQUEST_REWORK
REV-3000034,APP-1000085,L1_Document_Exception,ANL-246,642.6,APPROVE
REV-3000035,APP-1000086,L2_AML_Sanctions,ANL-242,340.8,APPROVE
REV-3000036,APP-1000087,L2_AML_Sanctions,ANL-205,615.6,REQUEST_REWORK
REV-3000037,APP-1000088,L1_Document_Exception,ANL-236,351.0,REQUEST_REWORK
REV-3000038,APP-1000091,L1_Document_Exception,ANL-242,697.2,APPROVE
REV-3000039,APP-1000092,L1_Document_Exception,ANL-214,826.8,APPROVE
REV-3000040,APP-1000094,L2_AML_Sanctions,ANL-163,873.6,REJECT
REV-3000041,APP-1000096,L1_Document_Exception,ANL-213,469.2,REQUEST_REWORK
REV-3000042,APP-1000098,L1_Document_Exception,ANL-170,432.0,REQUEST_REWORK
REV-3000043,APP-1000099,L1_Document_Exception,ANL-149,869.4,APPROVE
REV-3000044,APP-1000101,L1_Document_Exception,ANL-173,418.8,APPROVE
REV-3000045,APP-1000102,L1_Document_Exception,ANL-222,250.8,APPROVE
REV-3000046,APP-1000103,L1_Document_Exception,ANL-240,1323.6,APPROVE
REV-3000047,APP-1000108,L1_Document_Exception,ANL-120,660.6,APPROVE
REV-3000048,APP-1000109,L1_Document_Exception,ANL-201,719.4,APPROVE
REV-3000049,APP-1000110,L1_Document_Exception,ANL-244,637.2,APPROVE
REV-3000050,APP-1000111,L1_Document_Exception,ANL-235,681.0,APPROVE
REV-3000051,APP-1000116,L2_AML_Sanctions,ANL-223,840.0,APPROVE
REV-3000052,APP-1000119,L1_Document_Exception,ANL-241,543.6,APPROVE
REV-3000053,APP-1000124,L2_AML_Sanctions,ANL-135,640.2,APPROVE
REV-3000054,APP-1000126,L1_Document_Exception,ANL-200,573.6,APPROVE
REV-3000055,APP-1000127,L1_Document_Exception,ANL-246,982.8,APPROVE
REV-3000056,APP-1000128,L2_AML_Sanctions,ANL-163,594.6,APPROVE
REV-3000057,APP-1000129,L1_Document_Exception,ANL-147,687.6,APPROVE
REV-3000058,APP-1000131,L2_AML_Sanctions,ANL-131,895.8,APPROVE
REV-3000059,APP-1000132,L1_Document_Exception,ANL-226,430.2,APPROVE
REV-3000060,APP-1000136,L1_Document_Exception,ANL-163,718.2,APPROVE
REV-3000061,APP-1000140,L1_Document_Exception,ANL-176,838.2,APPROVE
REV-3000062,APP-1000142,L1_Document_Exception,ANL-190,601.8,APPROVE
REV-3000063,APP-1000145,L2_AML_Sanctions,ANL-229,245.4,APPROVE
REV-3000064,APP-1000151,L2_AML_Sanctions,ANL-190,606.6,REQUEST_REWORK
REV-3000065,APP-1000152,L1_Document_Exception,ANL-235,516.6,APPROVE
REV-3000066,APP-1000153,L1_Document_Exception,ANL-138,1197.0,APPROVE
REV-3000067,APP-1000159,L2_AML_Sanctions,ANL-232,280.2,APPROVE
REV-3000068,APP-1000160,L1_Document_Exception,ANL-236,575.4,APPROVE
REV-3000069,APP-1000161,L1_Document_Exception,ANL-168,910.2,APPROVE
REV-3000070,APP-1000162,L2_AML_Sanctions,ANL-163,579.6,APPROVE
REV-3000071,APP-1000165,L1_Document_Exception,ANL-140,616.2,APPROVE
REV-3000072,APP-1000168,L1_Document_Exception,ANL-217,491.4,REQUEST_REWORK
REV-3000073,APP-1000169,L1_Document_Exception,ANL-200,639.0,APPROVE
REV-3000074,APP-1000174,L1_Document_Exception,ANL-233,855.6,REQUEST_REWORK
REV-3000075,APP-1000175,L1_Document_Exception,ANL-219,1434.6,APPROVE
REV-3000076,APP-1000177,L1_Document_Exception,ANL-245,1206.0,APPROVE
REV-3000077,APP-1000182,L1_Document_Exception,ANL-114,542.4,APPROVE
REV-3000078,APP-1000185,L1_Document_Exception,ANL-237,1013.4,APPROVE
REV-3000079,APP-1000188,L1_Document_Exception,ANL-154,678.6,APPROVE
REV-3000080,APP-1000189,L1_Document_Exception,ANL-218,1042.2,REQUEST_REWORK
REV-3000081,APP-1000190,L1_Document_Exception,ANL-150,541.8,APPROVE
REV-3000082,APP-1000192,L2_AML_Sanctions,ANL-187,511.8,APPROVE
REV-3000083,APP-1000197,L1_Document_Exception,ANL-231,444.6,APPROVE
REV-3000084,APP-1000198,L2_AML_Sanctions,ANL-236,795.6,APPROVE
REV-3000085,APP-1000201,L1_Document_Exception,ANL-126,429.6,REQUEST_REWORK
REV-3000086,APP-1000202,L1_Document_Exception,ANL-136,460.8,APPROVE
REV-3000087,APP-1000213,L1_Document_Exception,ANL-176,1364.4,REQUEST_REWORK
REV-3000088,APP-1000217,L1_Document_Exception,ANL-125,674.4,APPROVE
REV-3000089,APP-1000219,L2_AML_Sanctions,ANL-104,177.0,APPROVE
REV-3000090,APP-1000220,L1_Document_Exception,ANL-140,556.2,APPROVE
REV-3000091,APP-1000221,L1_Document_Exception,ANL-152,640.8,APPROVE
REV-3000092,APP-1000222,L1_Document_Exception,ANL-113,595.8,APPROVE
REV-3000093,APP-1000224,L2_AML_Sanctions,ANL-230,445.8,APPROVE
REV-3000094,APP-1000230,L1_Document_Exception,ANL-217,1162.2,REQUEST_REWORK
REV-3000095,APP-1000231,L1_Document_Exception,ANL-133,283.8,REQUEST_REWORK
REV-3000096,APP-1000235,L1_Document_Exception,ANL-125,878.4,APPROVE
REV-3000097,APP-1000243,L1_Document_Exception,ANL-237,1240.8,APPROVE
REV-3000098,APP-1000248,L1_Document_Exception,ANL-169,686.4,APPROVE
REV-3000099,APP-1000249,L1_Document_Exception,ANL-144,872.4,APPROVE
REV-3000100,APP-1000251,L1_Document_Exception,ANL-185,652.2,APPROVE
REV-3000101,APP-1000252,L1_Document_Exception,ANL-176,986.4,APPROVE
REV-3000102,APP-1000253,L2_AML_Sanctions,ANL-121,485.4,APPROVE
REV-3000103,APP-1000255,L2_AML_Sanctions,ANL-132,982.2,APPROVE
REV-3000104,APP-1000261,L1_Document_Exception,ANL-121,623.4,APPROVE
REV-3000105,APP-1000265,L1_Document_Exception,ANL-240,1063.2,REQUEST_REWORK
REV-3000106,APP-1000266,L1_Document_Exception,ANL-117,867.6,REQUEST_REWORK
REV-3000107,APP-1000268,L2_AML_Sanctions,ANL-118,717.6,REJECT
REV-3000108,APP-1000270,L1_Document_Exception,ANL-172,628.8,APPROVE
REV-3000109,APP-1000271,L1_Document_Exception,ANL-103,507.0,APPROVE
REV-3000110,APP-1000273,L1_Document_Exception,ANL-113,912.6,APPROVE
REV-3000111,APP-1000275,L1_Document_Exception,ANL-244,586.8,APPROVE
REV-3000112,APP-1000278,L1_Document_Exception,ANL-135,930.0,APPROVE
REV-3000113,APP-1000280,L1_Document_Exception,ANL-170,450.0,APPROVE
REV-3000114,APP-1000281,L2_AML_Sanctions,ANL-149,1376.4,APPROVE
REV-3000115,APP-1000284,L2_AML_Sanctions,ANL-234,682.2,REQUEST_REWORK
REV-3000116,APP-1000287,L1_Document_Exception,ANL-194,844.8,APPROVE
REV-3000117,APP-1000289,L2_AML_Sanctions,ANL-156,1003.2,REQUEST_REWORK
REV-3000118,APP-1000290,L1_Document_Exception,ANL-192,859.2,APPROVE
REV-3000119,APP-1000292,L1_Document_Exception,ANL-219,567.0,APPROVE
REV-3000120,APP-1000305,L1_Document_Exception,ANL-132,558.6,APPROVE
REV-3000121,APP-1000307,L2_AML_Sanctions,ANL-120,490.2,APPROVE
REV-3000122,APP-1000308,L1_Document_Exception,ANL-191,644.4,APPROVE
REV-3000123,APP-1000311,L2_AML_Sanctions,ANL-243,680.4,APPROVE
REV-3000124,APP-1000312,L1_Document_Exception,ANL-106,538.2,REQUEST_REWORK
REV-3000125,APP-1000314,L1_Document_Exception,ANL-149,728.4,APPROVE
REV-3000126,APP-1000315,L2_AML_Sanctions,ANL-189,604.2,APPROVE
REV-3000127,APP-1000317,L1_Document_Exception,ANL-209,687.6,APPROVE
REV-3000128,APP-1000319,L1_Document_Exception,ANL-186,471.0,REQUEST_REWORK
REV-3000129,APP-1000321,L1_Document_Exception,ANL-232,959.4,APPROVE
REV-3000130,APP-1000322,L1_Document_Exception,ANL-106,563.4,APPROVE
REV-3000131,APP-1000323,L1_Document_Exception,ANL-119,522.0,APPROVE
REV-3000132,APP-1000326,L2_AML_Sanctions,ANL-222,1013.4,REJECT
REV-3000133,APP-1000327,L1_Document_Exception,ANL-245,661.8,APPROVE
REV-3000134,APP-1000332,L1_Document_Exception,ANL-120,730.2,APPROVE
REV-3000135,APP-1000333,L1_Document_Exception,ANL-211,643.2,APPROVE
REV-3000136,APP-1000334,L1_Document_Exception,ANL-182,338.4,APPROVE
REV-3000137,APP-1000335,L2_AML_Sanctions,ANL-180,768.6,APPROVE
REV-3000138,APP-1000336,L1_Document_Exception,ANL-131,246.0,REQUEST_REWORK
REV-3000139,APP-1000337,L1_Document_Exception,ANL-195,695.4,APPROVE
REV-3000140,APP-1000339,L1_Document_Exception,ANL-179,354.6,APPROVE
REV-3000141,APP-1000341,L1_Document_Exception,ANL-148,841.2,APPROVE
REV-3000142,APP-1000343,L1_Document_Exception,ANL-217,787.8,REQUEST_REWORK
REV-3000143,APP-1000344,L1_Document_Exception,ANL-156,630.6,APPROVE
REV-3000144,APP-1000346,L1_Document_Exception,ANL-225,696.0,APPROVE
REV-3000145,APP-1000349,L2_AML_Sanctions,ANL-132,623.4,APPROVE
REV-3000146,APP-1000351,L1_Document_Exception,ANL-202,837.6,APPROVE
REV-3000147,APP-1000352,L2_AML_Sanctions,ANL-130,575.4,REQUEST_REWORK
REV-3000148,APP-1000353,L1_Document_Exception,ANL-238,646.8,REQUEST_REWORK
REV-3000149,APP-1000355,L2_AML_Sanctions,ANL-141,636.0,REQUEST_REWORK
REV-3000150,APP-1000357,L1_Document_Exception,ANL-232,483.0,REQUEST_REWORK
REV-3000151,APP-1000359,L1_Document_Exception,ANL-196,844.8,APPROVE
REV-3000152,APP-1000360,L2_AML_Sanctions,ANL-231,505.2,APPROVE
REV-3000153,APP-1000362,L2_AML_Sanctions,ANL-198,793.8,REQUEST_REWORK
REV-3000154,APP-1000363,L1_Document_Exception,ANL-214,1608.6,REQUEST_REWORK
REV-3000155,APP-1000364,L1_Document_Exception,ANL-114,735.0,REQUEST_REWORK
REV-3000156,APP-1000366,L1_Document_Exception,ANL-233,676.2,APPROVE
REV-3000157,APP-1000367,L1_Document_Exception,ANL-159,811.2,APPROVE
REV-3000158,APP-1000369,L1_Document_Exception,ANL-150,642.6,APPROVE
REV-3000159,APP-1000372,L1_Document_Exception,ANL-127,1201.2,APPROVE
REV-3000160,APP-1000373,L2_AML_Sanctions,ANL-118,459.6,REJECT
REV-3000161,APP-1000381,L2_AML_Sanctions,ANL-101,471.0,REQUEST_REWORK
REV-3000162,APP-1000386,L2_AML_Sanctions,ANL-201,570.0,APPROVE
REV-3000163,APP-1000388,L1_Document_Exception,ANL-183,661.8,APPROVE
REV-3000164,APP-1000392,L1_Document_Exception,ANL-235,630.6,APPROVE
REV-3000165,APP-1000393,L1_Document_Exception,ANL-231,940.8,APPROVE
REV-3000166,APP-1000395,L1_Document_Exception,ANL-214,523.2,REQUEST_REWORK
REV-3000167,APP-1000397,L1_Document_Exception,ANL-143,393.0,REJECT
REV-3000168,APP-1000398,L2_AML_Sanctions,ANL-217,525.6,APPROVE
REV-3000169,APP-1000399,L1_Document_Exception,ANL-177,537.6,REQUEST_REWORK
REV-3000170,APP-1000405,L1_Document_Exception,ANL-165,834.0,APPROVE
REV-3000171,APP-1000407,L1_Document_Exception,ANL-166,1065.0,APPROVE
REV-3000172,APP-1000409,L2_AML_Sanctions,ANL-123,2160.0,APPROVE
REV-3000173,APP-1000410,L2_AML_Sanctions,ANL-200,321.6,APPROVE
REV-3000174,APP-1000412,L1_Document_Exception,ANL-107,396.0,APPROVE
REV-3000175,APP-1000414,L1_Document_Exception,ANL-101,697.8,APPROVE
REV-3000176,APP-1000416,L1_Document_Exception,ANL-248,366.6,APPROVE
REV-3000177,APP-1000417,L1_Document_Exception,ANL-249,1080.6,APPROVE
REV-3000178,APP-1000418,L1_Document_Exception,ANL-147,778.8,REQUEST_REWORK
REV-3000179,APP-1000419,L1_Document_Exception,ANL-147,675.6,REQUEST_REWORK
REV-3000180,APP-1000423,L1_Document_Exception,ANL-103,595.8,APPROVE
REV-3000181,APP-1000425,L1_Document_Exception,ANL-135,702.0,REQUEST_REWORK
REV-3000182,APP-1000426,L2_AML_Sanctions,ANL-191,756.0,APPROVE
REV-3000183,APP-1000430,L2_AML_Sanctions,ANL-154,720.6,APPROVE
REV-3000184,APP-1000431,L2_AML_Sanctions,ANL-138,631.8,APPROVE
REV-3000185,APP-1000432,L1_Document_Exception,ANL-224,356.4,REQUEST_REWORK
REV-3000186,APP-1000433,L1_Document_Exception,ANL-123,416.4,APPROVE
REV-3000187,APP-1000435,L2_AML_Sanctions,ANL-161,836.4,APPROVE
REV-3000188,APP-1000438,L1_Document_Exception,ANL-133,1351.2,APPROVE
REV-3000189,APP-1000444,L2_AML_Sanctions,ANL-123,458.4,REQUEST_REWORK
REV-3000190,APP-1000446,L1_Document_Exception,ANL-219,456.0,APPROVE
REV-3000191,APP-1000448,L1_Document_Exception,ANL-146,413.4,APPROVE
REV-3000192,APP-1000451,L1_Document_Exception,ANL-215,520.8,APPROVE
REV-3000193,APP-1000460,L1_Document_Exception,ANL-239,730.2,REQUEST_REWORK
REV-3000194,APP-1000461,L1_Document_Exception,ANL-149,889.8,APPROVE
REV-3000195,APP-1000462,L1_Document_Exception,ANL-129,666.6,APPROVE
REV-3000196,APP-1000463,L2_AML_Sanctions,ANL-210,564.0,APPROVE
REV-3000197,APP-1000464,L1_Document_Exception,ANL-238,891.6,REQUEST_REWORK
REV-3000198,APP-1000465,L1_Document_Exception,ANL-103,791.4,APPROVE
REV-3000199,APP-1000468,L1_Document_Exception,ANL-144,835.2,APPROVE
REV-3000200,APP-1000469,L1_Document_Exception,ANL-181,686.4,APPROVE
REV-3000201,APP-1000470,L2_AML_Sanctions,ANL-214,585.0,APPROVE
REV-3000202,APP-1000476,L1_Document_Exception,ANL-195,714.6,APPROVE
REV-3000203,APP-1000483,L1_Document_Exception,ANL-205,429.6,APPROVE
REV-3000204,APP-1000488,L1_Document_Exception,ANL-102,610.8,APPROVE
REV-3000205,APP-1000489,L2_AML_Sanctions,ANL-247,1032.0,APPROVE
REV-3000206,APP-1000490,L1_Document_Exception,ANL-143,765.6,REQUEST_REWORK
REV-3000207,APP-1000491,L1_Document_Exception,ANL-118,753.0,REQUEST_REWORK
REV-3000208,APP-1000494,L2_AML_Sanctions,ANL-200,689.4,APPROVE
REV-3000209,APP-1000495,L1_Document_Exception,ANL-124,614.4,REJECT
REV-3000210,APP-1000496,L1_Document_Exception,ANL-162,1037.4,APPROVE
REV-3000211,APP-1000498,L1_Document_Exception,ANL-215,891.6,REQUEST_REWORK
REV-3000212,APP-1000502,L2_AML_Sanctions,ANL-221,504.6,REQUEST_REWORK
REV-3000213,APP-1000503,L1_Document_Exception,ANL-129,648.6,APPROVE
REV-3000214,APP-1000504,L1_Document_Exception,ANL-118,437.4,REQUEST_REWORK
REV-3000215,APP-1000505,L1_Document_Exception,ANL-146,428.4,APPROVE
REV-3000216,APP-1000506,L1_Document_Exception,ANL-221,878.4,APPROVE
REV-3000217,APP-1000507,L2_AML_Sanctions,ANL-190,864.0,REJECT
REV-3000218,APP-1000508,L1_Document_Exception,ANL-121,346.8,APPROVE
REV-3000219,APP-1000512,L1_Document_Exception,ANL-214,679.8,APPROVE
REV-3000220,APP-1000517,L1_Document_Exception,ANL-156,325.8,APPROVE
REV-3000221,APP-1000520,L1_Document_Exception,ANL-168,624.0,APPROVE
REV-3000222,APP-1000523,L1_Document_Exception,ANL-115,756.0,APPROVE
REV-3000223,APP-1000524,L2_AML_Sanctions,ANL-227,769.8,APPROVE
REV-3000224,APP-1000527,L1_Document_Exception,ANL-245,1449.0,APPROVE
REV-3000225,APP-1000528,L2_AML_Sanctions,ANL-211,672.6,APPROVE
REV-3000226,APP-1000529,L1_Document_Exception,ANL-214,320.4,APPROVE
REV-3000227,APP-1000530,L2_AML_Sanctions,ANL-214,589.2,REJECT
REV-3000228,APP-1000534,L2_AML_Sanctions,ANL-225,643.8,APPROVE
REV-3000229,APP-1000537,L1_Document_Exception,ANL-249,543.6,APPROVE
REV-3000230,APP-1000538,L1_Document_Exception,ANL-138,790.8,APPROVE
REV-3000231,APP-1000542,L1_Document_Exception,ANL-143,559.2,APPROVE
REV-3000232,APP-1000544,L1_Document_Exception,ANL-104,891.0,APPROVE
REV-3000233,APP-1000546,L2_AML_Sanctions,ANL-237,462.6,APPROVE
REV-3000234,APP-1000547,L1_Document_Exception,ANL-161,605.4,APPROVE
REV-3000235,APP-1000548,L2_AML_Sanctions,ANL-110,1111.8,APPROVE
REV-3000236,APP-1000550,L2_AML_Sanctions,ANL-182,819.6,APPROVE
REV-3000237,APP-1000551,L1_Document_Exception,ANL-122,829.2,APPROVE
REV-3000238,APP-1000552,L1_Document_Exception,ANL-192,627.0,REQUEST_REWORK
REV-3000239,APP-1000553,L2_AML_Sanctions,ANL-198,1243.8,APPROVE
REV-3000240,APP-1000556,L1_Document_Exception,ANL-144,800.4,APPROVE
REV-3000241,APP-1000558,L1_Document_Exception,ANL-188,668.4,APPROVE
REV-3000242,APP-1000560,L2_AML_Sanctions,ANL-210,1000.8,REJECT
REV-3000243,APP-1000561,L1_Document_Exception,ANL-170,725.4,APPROVE
REV-3000244,APP-1000562,L1_Document_Exception,ANL-191,431.4,APPROVE
REV-3000245,APP-1000564,L1_Document_Exception,ANL-170,655.2,APPROVE
REV-3000246,APP-1000567,L1_Document_Exception,ANL-207,478.2,APPROVE
REV-3000247,APP-1000572,L1_Document_Exception,ANL-133,1019.4,REQUEST_REWORK
REV-3000248,APP-1000574,L1_Document_Exception,ANL-177,729.0,APPROVE
REV-3000249,APP-1000576,L1_Document_Exception,ANL-230,750.0,APPROVE
REV-3000250,APP-1000577,L2_AML_Sanctions,ANL-139,607.2,APPROVE
REV-3000251,APP-1000581,L1_Document_Exception,ANL-156,819.0,REQUEST_REWORK
REV-3000252,APP-1000582,L1_Document_Exception,ANL-126,621.6,APPROVE
REV-3000253,APP-1000583,L1_Document_Exception,ANL-133,579.0,APPROVE
REV-3000254,APP-1000585,L2_AML_Sanctions,ANL-249,660.0,APPROVE
REV-3000255,APP-1000587,L1_Document_Exception,ANL-121,784.2,REQUEST_REWORK
REV-3000256,APP-1000588,L1_Document_Exception,ANL-214,1605.6,REQUEST_REWORK
REV-3000257,APP-1000589,L1_Document_Exception,ANL-175,1093.2,APPROVE
REV-3000258,APP-1000594,L1_Document_Exception,ANL-236,1104.6,REQUEST_REWORK
REV-3000259,APP-1000596,L1_Document_Exception,ANL-181,626.4,APPROVE
REV-3000260,APP-1000597,L1_Document_Exception,ANL-236,237.0,APPROVE
REV-3000261,APP-1000604,L1_Document_Exception,ANL-119,617.4,APPROVE
REV-3000262,APP-1000606,L2_AML_Sanctions,ANL-153,675.6,REQUEST_REWORK
REV-3000263,APP-1000607,L1_Document_Exception,ANL-187,294.0,APPROVE
REV-3000264,APP-1000609,L1_Document_Exception,ANL-144,1107.6,APPROVE
REV-3000265,APP-1000610,L1_Document_Exception,ANL-181,1041.0,APPROVE
REV-3000266,APP-1000611,L1_Document_Exception,ANL-109,874.8,REJECT
REV-3000267,APP-1000617,L1_Document_Exception,ANL-135,271.8,APPROVE
REV-3000268,APP-1000618,L1_Document_Exception,ANL-238,343.8,APPROVE
REV-3000269,APP-1000620,L1_Document_Exception,ANL-122,1080.0,APPROVE
REV-3000270,APP-1000622,L2_AML_Sanctions,ANL-205,507.6,APPROVE
REV-3000271,APP-1000623,L1_Document_Exception,ANL-249,718.2,APPROVE
REV-3000272,APP-1000628,L1_Document_Exception,ANL-184,859.2,APPROVE
REV-3000273,APP-1000630,L2_AML_Sanctions,ANL-122,287.4,REJECT
REV-3000274,APP-1000632,L1_Document_Exception,ANL-192,725.4,APPROVE
REV-3000275,APP-1000634,L1_Document_Exception,ANL-114,735.0,APPROVE
REV-3000276,APP-1000636,L1_Document_Exception,ANL-129,608.4,APPROVE
REV-3000277,APP-1000638,L1_Document_Exception,ANL-158,718.2,APPROVE
REV-3000278,APP-1000641,L1_Document_Exception,ANL-237,660.0,APPROVE
REV-3000279,APP-1000642,L2_AML_Sanctions,ANL-165,525.0,APPROVE
REV-3000280,APP-1000643,L2_AML_Sanctions,ANL-228,478.8,REQUEST_REWORK
REV-3000281,APP-1000646,L1_Document_Exception,ANL-141,1747.8,APPROVE
REV-3000282,APP-1000649,L1_Document_Exception,ANL-210,471.0,APPROVE
REV-3000283,APP-1000650,L2_AML_Sanctions,ANL-144,532.2,REQUEST_REWORK
REV-3000284,APP-1000655,L1_Document_Exception,ANL-132,423.0,APPROVE
REV-3000285,APP-1000659,L1_Document_Exception,ANL-165,419.4,APPROVE
REV-3000286,APP-1000661,L1_Document_Exception,ANL-217,305.4,APPROVE
REV-3000287,APP-1000662,L2_AML_Sanctions,ANL-169,651.6,REQUEST_REWORK
REV-3000288,APP-1000665,L1_Document_Exception,ANL-234,929.4,APPROVE
REV-3000289,APP-1000666,L1_Document_Exception,ANL-159,330.0,APPROVE
REV-3000290,APP-1000669,L1_Document_Exception,ANL-225,588.0,APPROVE
REV-3000291,APP-1000671,L1_Document_Exception,ANL-228,516.0,APPROVE
REV-3000292,APP-1000673,L1_Document_Exception,ANL-213,825.0,APPROVE
REV-3000293,APP-1000675,L1_Document_Exception,ANL-239,405.0,APPROVE
REV-3000294,APP-1000678,L1_Document_Exception,ANL-124,442.2,APPROVE
REV-3000295,APP-1000683,L1_Document_Exception,ANL-110,321.0,APPROVE
REV-3000296,APP-1000686,L1_Document_Exception,ANL-126,666.6,REQUEST_REWORK
REV-3000297,APP-1000689,L1_Document_Exception,ANL-130,735.6,APPROVE
REV-3000298,APP-1000695,L1_Document_Exception,ANL-182,288.0,APPROVE
REV-3000299,APP-1000696,L1_Document_Exception,ANL-122,868.2,REQUEST_REWORK
REV-3000300,APP-1000704,L1_Document_Exception,ANL-221,550.2,APPROVE
REV-3000301,APP-1000707,L1_Document_Exception,ANL-227,832.2,APPROVE
REV-3000302,APP-1000708,L1_Document_Exception,ANL-228,635.4,APPROVE
REV-3000303,APP-1000717,L2_AML_Sanctions,ANL-230,781.2,REJECT
REV-3000304,APP-1000718,L1_Document_Exception,ANL-105,484.8,REQUEST_REWORK
REV-3000305,APP-1000719,L2_AML_Sanctions,ANL-129,578.4,APPROVE
REV-3000306,APP-1000720,L2_AML_Sanctions,ANL-153,507.6,APPROVE
REV-3000307,APP-1000722,L1_Document_Exception,ANL-244,564.0,APPROVE
REV-3000308,APP-1000724,L1_Document_Exception,ANL-136,717.0,APPROVE
REV-3000309,APP-1000727,L2_AML_Sanctions,ANL-223,715.8,APPROVE
REV-3000310,APP-1000729,L1_Document_Exception,ANL-108,755.4,APPROVE
REV-3000311,APP-1000730,L1_Document_Exception,ANL-160,1053.0,REQUEST_REWORK
REV-3000312,APP-1000731,L1_Document_Exception,ANL-239,884.4,REQUEST_REWORK
REV-3000313,APP-1000733,L1_Document_Exception,ANL-218,515.4,APPROVE
REV-3000314,APP-1000736,L1_Document_Exception,ANL-228,508.2,APPROVE
REV-3000315,APP-1000739,L1_Document_Exception,ANL-223,823.2,REQUEST_REWORK
REV-3000316,APP-1000746,L2_AML_Sanctions,ANL-229,629.4,APPROVE
REV-3000317,APP-1000748,L1_Document_Exception,ANL-237,499.2,REQUEST_REWORK
REV-3000318,APP-1000749,L1_Document_Exception,ANL-243,478.8,APPROVE
REV-3000319,APP-1000753,L1_Document_Exception,ANL-199,743.4,APPROVE
REV-3000320,APP-1000754,L1_Document_Exception,ANL-137,1021.8,APPROVE
REV-3000321,APP-1000755,L1_Document_Exception,ANL-153,517.2,APPROVE
REV-3000322,APP-1000756,L2_AML_Sanctions,ANL-114,461.4,REQUEST_REWORK
REV-3000323,APP-1000757,L1_Document_Exception,ANL-185,390.6,APPROVE
REV-3000324,APP-1000760,L2_AML_Sanctions,ANL-217,1334.4,REJECT
REV-3000325,APP-1000763,L1_Document_Exception,ANL-138,788.4,APPROVE
REV-3000326,APP-1000766,L2_AML_Sanctions,ANL-122,1154.4,APPROVE
REV-3000327,APP-1000768,L1_Document_Exception,ANL-228,823.2,APPROVE
REV-3000328,APP-1000769,L1_Document_Exception,ANL-241,772.8,APPROVE
REV-3000329,APP-1000771,L1_Document_Exception,ANL-248,845.4,APPROVE
REV-3000330,APP-1000773,L1_Document_Exception,ANL-248,844.2,APPROVE
REV-3000331,APP-1000778,L2_AML_Sanctions,ANL-194,812.4,APPROVE
REV-3000332,APP-1000784,L2_AML_Sanctions,ANL-131,857.4,APPROVE
REV-3000333,APP-1000786,L1_Document_Exception,ANL-190,1069.8,APPROVE
REV-3000334,APP-1000789,L2_AML_Sanctions,ANL-218,493.8,APPROVE
REV-3000335,APP-1000790,L1_Document_Exception,ANL-162,997.2,REQUEST_REWORK
REV-3000336,APP-1000799,L1_Document_Exception,ANL-216,377.4,APPROVE
REV-3000337,APP-1000807,L2_AML_Sanctions,ANL-233,542.4,APPROVE
REV-3000338,APP-1000811,L1_Document_Exception,ANL-166,426.6,APPROVE
REV-3000339,APP-1000815,L1_Document_Exception,ANL-224,1547.4,APPROVE
REV-3000340,APP-1000817,L1_Document_Exception,ANL-131,990.6,REQUEST_REWORK
REV-3000341,APP-1000820,L1_Document_Exception,ANL-108,646.8,APPROVE
REV-3000342,APP-1000822,L1_Document_Exception,ANL-123,818.4,REQUEST_REWORK
REV-3000343,APP-1000823,L1_Document_Exception,ANL-165,1005.6,APPROVE
REV-3000344,APP-1000824,L1_Document_Exception,ANL-232,1668.0,APPROVE
REV-3000345,APP-1000825,L1_Document_Exception,ANL-248,1482.6,APPROVE
REV-3000346,APP-1000828,L2_AML_Sanctions,ANL-227,617.4,REQUEST_REWORK
REV-3000347,APP-1000836,L1_Document_Exception,ANL-164,387.0,APPROVE
REV-3000348,APP-1000838,L2_AML_Sanctions,ANL-101,1153.2,APPROVE
REV-3000349,APP-1000839,L1_Document_Exception,ANL-222,442.8,APPROVE
REV-3000350,APP-1000844,L2_AML_Sanctions,ANL-184,966.0,REJECT
REV-3000351,APP-1000847,L1_Document_Exception,ANL-222,497.4,REQUEST_REWORK
REV-3000352,APP-1000848,L2_AML_Sanctions,ANL-223,527.4,APPROVE
REV-3000353,APP-1000853,L1_Document_Exception,ANL-155,518.4,APPROVE
REV-3000354,APP-1000855,L2_AML_Sanctions,ANL-101,770.4,REQUEST_REWORK
REV-3000355,APP-1000857,L1_Document_Exception,ANL-192,1292.4,APPROVE
REV-3000356,APP-1000860,L2_AML_Sanctions,ANL-127,526.8,APPROVE
REV-3000357,APP-1000861,L1_Document_Exception,ANL-244,1098.0,APPROVE
REV-3000358,APP-1000863,L2_AML_Sanctions,ANL-102,981.0,REJECT
REV-3000359,APP-1000866,L1_Document_Exception,ANL-143,861.0,APPROVE
REV-3000360,APP-1000868,L2_AML_Sanctions,ANL-183,339.6,REQUEST_REWORK
REV-3000361,APP-1000869,L1_Document_Exception,ANL-166,1148.4,APPROVE
REV-3000362,APP-1000871,L1_Document_Exception,ANL-145,1958.4,APPROVE
REV-3000363,APP-1000875,L1_Document_Exception,ANL-118,410.4,APPROVE
REV-3000364,APP-1000876,L1_Document_Exception,ANL-155,944.4,APPROVE
REV-3000365,APP-1000877,L2_AML_Sanctions,ANL-204,781.2,REJECT
REV-3000366,APP-1000881,L2_AML_Sanctions,ANL-214,525.6,APPROVE
REV-3000367,APP-1000883,L2_AML_Sanctions,ANL-171,537.6,APPROVE
REV-3000368,APP-1000885,L2_AML_Sanctions,ANL-106,306.0,APPROVE
REV-3000369,APP-1000886,L2_AML_Sanctions,ANL-205,687.6,REQUEST_REWORK
REV-3000370,APP-1000887,L1_Document_Exception,ANL-139,560.4,APPROVE
REV-3000371,APP-1000888,L1_Document_Exception,ANL-235,371.4,APPROVE
REV-3000372,APP-1000892,L1_Document_Exception,ANL-244,711.0,APPROVE
REV-3000373,APP-1000893,L1_Document_Exception,ANL-180,319.8,REQUEST_REWORK
REV-3000374,APP-1000896,L2_AML_Sanctions,ANL-199,613.2,APPROVE
REV-3000375,APP-1000897,L1_Document_Exception,ANL-206,931.8,APPROVE
REV-3000376,APP-1000899,L2_AML_Sanctions,ANL-124,837.0,APPROVE
REV-3000377,APP-1000903,L2_AML_Sanctions,ANL-123,1031.4,APPROVE
REV-3000378,APP-1000904,L1_Document_Exception,ANL-243,417.6,REQUEST_REWORK
REV-3000379,APP-1000907,L2_AML_Sanctions,ANL-145,752.4,REQUEST_REWORK
REV-3000380,APP-1000910,L2_AML_Sanctions,ANL-118,1252.2,APPROVE
REV-3000381,APP-1000913,L2_AML_Sanctions,ANL-195,590.4,APPROVE
REV-3000382,APP-1000923,L1_Document_Exception,ANL-136,559.8,APPROVE
REV-3000383,APP-1000924,L1_Document_Exception,ANL-181,782.4,APPROVE
REV-3000384,APP-1000926,L2_AML_Sanctions,ANL-180,825.0,APPROVE
REV-3000385,APP-1000931,L2_AML_Sanctions,ANL-122,519.6,APPROVE
REV-3000386,APP-1000932,L1_Document_Exception,ANL-230,795.6,REQUEST_REWORK
REV-3000387,APP-1000933,L1_Document_Exception,ANL-134,1116.6,APPROVE
REV-3000388,APP-1000936,L1_Document_Exception,ANL-174,886.2,REQUEST_REWORK
REV-3000389,APP-1000937,L2_AML_Sanctions,ANL-139,520.8,APPROVE
REV-3000390,APP-1000938,L1_Document_Exception,ANL-177,663.0,REQUEST_REWORK
REV-3000391,APP-1000939,L1_Document_Exception,ANL-177,647.4,APPROVE
REV-3000392,APP-1000941,L1_Document_Exception,ANL-149,670.8,APPROVE
REV-3000393,APP-1000942,L2_AML_Sanctions,ANL-173,907.2,APPROVE
REV-3000394,APP-1000948,L1_Document_Exception,ANL-238,378.0,APPROVE
REV-3000395,APP-1000949,L1_Document_Exception,ANL-148,646.8,APPROVE
REV-3000396,APP-1000951,L2_AML_Sanctions,ANL-154,1089.6,REJECT
REV-3000397,APP-1000953,L1_Document_Exception,ANL-119,466.8,APPROVE
REV-3000398,APP-1000956,L1_Document_Exception,ANL-161,565.8,APPROVE
REV-3000399,APP-1000957,L2_AML_Sanctions,ANL-127,1127.4,REQUEST_REWORK
REV-3000400,APP-1000960,L2_AML_Sanctions,ANL-178,427.8,REJECT
REV-3000401,APP-1000962,L1_Document_Exception,ANL-236,417.6,APPROVE
REV-3000402,APP-1000965,L1_Document_Exception,ANL-168,907.8,REQUEST_REWORK
REV-3000403,APP-1000968,L1_Document_Exception,ANL-147,656.4,APPROVE
REV-3000404,APP-1000969,L1_Document_Exception,ANL-234,344.4,APPROVE
REV-3000405,APP-1000970,L1_Document_Exception,ANL-139,1135.8,APPROVE
REV-3000406,APP-1000972,L1_Document_Exception,ANL-138,1002.6,APPROVE
REV-3000407,APP-1000976,L1_Document_Exception,ANL-190,876.6,REQUEST_REWORK
REV-3000408,APP-1000977,L1_Document_Exception,ANL-155,748.2,APPROVE
REV-3000409,APP-1000987,L1_Document_Exception,ANL-159,739.8,APPROVE
REV-3000410,APP-1000988,L1_Document_Exception,ANL-195,313.2,APPROVE
REV-3000411,APP-1000992,L1_Document_Exception,ANL-214,1164.6,APPROVE
REV-3000412,APP-1000996,L1_Document_Exception,ANL-182,429.0,APPROVE
REV-3000413,APP-1000997,L1_Document_Exception,ANL-209,707.4,APPROVE
REV-3000414,APP-1000999,L2_AML_Sanctions,ANL-201,715.8,REJECT
REV-3000415,APP-1001000,L1_Document_Exception,ANL-224,1135.2,APPROVE
REV-3000416,APP-1001002,L1_Document_Exception,ANL-216,586.2,APPROVE
REV-3000417,APP-1001004,L2_AML_Sanctions,ANL-194,459.6,REQUEST_REWORK
REV-3000418,APP-1001005,L1_Document_Exception,ANL-117,684.0,REQUEST_REWORK
REV-3000419,APP-1001010,L1_Document_Exception,ANL-182,1208.4,APPROVE
REV-3000420,APP-1001011,L2_AML_Sanctions,ANL-135,685.8,APPROVE
REV-3000421,APP-1001012,L1_Document_Exception,ANL-102,321.6,APPROVE
REV-3000422,APP-1001019,L1_Document_Exception,ANL-164,1214.4,APPROVE
REV-3000423,APP-1001022,L2_AML_Sanctions,ANL-205,567.6,APPROVE
REV-3000424,APP-1001027,L1_Document_Exception,ANL-132,1544.4,REQUEST_REWORK
REV-3000425,APP-1001029,L1_Document_Exception,ANL-184,950.4,APPROVE
REV-3000426,APP-1001030,L1_Document_Exception,ANL-156,478.8,APPROVE
REV-3000427,APP-1001032,L1_Document_Exception,ANL-105,787.2,APPROVE
REV-3000428,APP-1001036,L1_Document_Exception,ANL-172,594.6,APPROVE
REV-3000429,APP-1001037,L1_Document_Exception,ANL-147,321.0,REJECT
REV-3000430,APP-1001038,L1_Document_Exception,ANL-224,885.0,REQUEST_REWORK
REV-3000431,APP-1001039,L1_Document_Exception,ANL-141,1060.8,APPROVE
REV-3000432,APP-1001040,L1_Document_Exception,ANL-170,297.6,APPROVE
REV-3000433,APP-1001044,L2_AML_Sanctions,ANL-126,973.8,APPROVE
REV-3000434,APP-1001047,L2_AML_Sanctions,ANL-122,837.6,APPROVE
REV-3000435,APP-1001048,L2_AML_Sanctions,ANL-245,403.2,APPROVE
REV-3000436,APP-1001050,L2_AML_Sanctions,ANL-114,648.0,REQUEST_REWORK
REV-3000437,APP-1001051,L1_Document_Exception,ANL-116,1363.8,APPROVE
REV-3000438,APP-1001052,L1_Document_Exception,ANL-196,664.2,APPROVE
REV-3000439,APP-1001054,L1_Document_Exception,ANL-160,534.0,APPROVE
REV-3000440,APP-1001057,L1_Document_Exception,ANL-162,783.0,APPROVE
REV-3000441,APP-1001059,L1_Document_Exception,ANL-236,440.4,REQUEST_REWORK
REV-3000442,APP-1001062,L2_AML_Sanctions,ANL-185,405.0,APPROVE
REV-3000443,APP-1001063,L2_AML_Sanctions,ANL-183,628.2,REQUEST_REWORK
REV-3000444,APP-1001065,L1_Document_Exception,ANL-246,693.0,REQUEST_REWORK
REV-3000445,APP-1001066,L1_Document_Exception,ANL-129,694.2,REQUEST_REWORK
REV-3000446,APP-1001067,L1_Document_Exception,ANL-237,558.0,APPROVE
REV-3000447,APP-1001070,L2_AML_Sanctions,ANL-125,575.4,APPROVE
REV-3000448,APP-1001071,L1_Document_Exception,ANL-201,748.2,REQUEST_REWORK
REV-3000449,APP-1001077,L2_AML_Sanctions,ANL-158,844.8,APPROVE
REV-3000450,APP-1001079,L1_Document_Exception,ANL-117,555.6,APPROVE
REV-3000451,APP-1001081,L1_Document_Exception,ANL-116,866.4,APPROVE
REV-3000452,APP-1001084,L1_Document_Exception,ANL-107,975.6,REQUEST_REWORK
REV-3000453,APP-1001085,L1_Document_Exception,ANL-213,695.4,APPROVE
REV-3000454,APP-1001089,L1_Document_Exception,ANL-240,1126.2,APPROVE
REV-3000455,APP-1001090,L2_AML_Sanctions,ANL-179,302.4,REJECT
REV-3000456,APP-1001096,L1_Document_Exception,ANL-217,789.0,REQUEST_REWORK
REV-3000457,APP-1001097,L2_AML_Sanctions,ANL-231,1092.6,APPROVE
REV-3000458,APP-1001098,L1_Document_Exception,ANL-143,557.4,REQUEST_REWORK
REV-3000459,APP-1001100,L1_Document_Exception,ANL-244,522.6,APPROVE
REV-3000460,APP-1001101,L1_Document_Exception,ANL-243,991.8,APPROVE
REV-3000461,APP-1001109,L1_Document_Exception,ANL-162,1245.0,REQUEST_REWORK
REV-3000462,APP-1001113,L1_Document_Exception,ANL-184,311.4,APPROVE
REV-3000463,APP-1001116,L1_Document_Exception,ANL-133,469.2,REQUEST_REWORK
REV-3000464,APP-1001117,L2_AML_Sanctions,ANL-159,791.4,REQUEST_REWORK
REV-3000465,APP-1001121,L1_Document_Exception,ANL-226,453.0,REQUEST_REWORK
REV-3000466,APP-1001122,L1_Document_Exception,ANL-236,1005.0,APPROVE
REV-3000467,APP-1001123,L2_AML_Sanctions,ANL-132,421.2,REJECT
REV-3000468,APP-1001126,L1_Document_Exception,ANL-161,477.0,APPROVE
REV-3000469,APP-1001129,L1_Document_Exception,ANL-207,600.6,APPROVE
REV-3000470,APP-1001131,L1_Document_Exception,ANL-160,999.0,APPROVE
REV-3000471,APP-1001132,L2_AML_Sanctions,ANL-120,495.6,APPROVE
REV-3000472,APP-1001134,L2_AML_Sanctions,ANL-211,1107.6,APPROVE
REV-3000473,APP-1001139,L1_Document_Exception,ANL-105,609.0,REQUEST_REWORK
REV-3000474,APP-1001140,L2_AML_Sanctions,ANL-181,1119.0,APPROVE
REV-3000475,APP-1001143,L1_Document_Exception,ANL-102,489.0,REQUEST_REWORK
REV-3000476,APP-1001145,L1_Document_Exception,ANL-244,400.2,APPROVE
REV-3000477,APP-1001152,L1_Document_Exception,ANL-132,903.0,REQUEST_REWORK
REV-3000478,APP-1001154,L2_AML_Sanctions,ANL-126,1383.6,APPROVE
REV-3000479,APP-1001160,L1_Document_Exception,ANL-123,820.8,APPROVE
REV-3000480,APP-1001161,L1_Document_Exception,ANL-238,381.0,REJECT
REV-3000481,APP-1001162,L1_Document_Exception,ANL-132,378.6,APPROVE
REV-3000482,APP-1001163,L1_Document_Exception,ANL-205,523.2,REQUEST_REWORK
REV-3000483,APP-1001165,L1_Document_Exception,ANL-153,496.8,APPROVE
REV-3000484,APP-1001166,L2_AML_Sanctions,ANL-147,954.6,APPROVE
REV-3000485,APP-1001168,L1_Document_Exception,ANL-197,754.2,REQUEST_REWORK
REV-3000486,APP-1001170,L1_Document_Exception,ANL-180,640.2,APPROVE
REV-3000487,APP-1001172,L2_AML_Sanctions,ANL-169,408.0,APPROVE
REV-3000488,APP-1001173,L1_Document_Exception,ANL-179,665.4,APPROVE
REV-3000489,APP-1001175,L1_Document_Exception,ANL-116,564.0,APPROVE
REV-3000490,APP-1001180,L1_Document_Exception,ANL-218,925.2,APPROVE
REV-3000491,APP-1001181,L1_Document_Exception,ANL-236,507.6,APPROVE
REV-3000492,APP-1001182,L1_Document_Exception,ANL-136,409.2,APPROVE
REV-3000493,APP-1001185,L1_Document_Exception,ANL-208,899.4,REQUEST_REWORK
REV-3000494,APP-1001186,L1_Document_Exception,ANL-151,1034.4,REQUEST_REWORK
REV-3000495,APP-1001187,L1_Document_Exception,ANL-111,680.4,APPROVE
REV-3000496,APP-1001188,L2_AML_Sanctions,ANL-235,356.4,APPROVE
REV-3000497,APP-1001190,L1_Document_Exception,ANL-158,819.0,APPROVE
REV-3000498,APP-1001191,L1_Document_Exception,ANL-244,639.0,APPROVE
REV-3000499,APP-1001192,L2_AML_Sanctions,ANL-212,1154.4,APPROVE
REV-3000500,APP-1001195,L1_Document_Exception,ANL-169,474.0,REQUEST_REWORK
REV-3000501,APP-1001196,L1_Document_Exception,ANL-188,754.8,APPROVE
REV-3000502,APP-1001201,L1_Document_Exception,ANL-164,858.0,APPROVE
REV-3000503,APP-1001202,L2_AML_Sanctions,ANL-104,560.4,APPROVE
REV-3000504,APP-1001208,L1_Document_Exception,ANL-131,942.6,APPROVE
REV-3000505,APP-1001211,L2_AML_Sanctions,ANL-186,432.6,APPROVE
REV-3000506,APP-1001214,L1_Document_Exception,ANL-213,579.0,REQUEST_REWORK
REV-3000507,APP-1001216,L1_Document_Exception,ANL-168,628.8,APPROVE
REV-3000508,APP-1001218,L1_Document_Exception,ANL-222,427.8,APPROVE
REV-3000509,APP-1001221,L1_Document_Exception,ANL-168,1197.0,APPROVE
REV-3000510,APP-1001222,L1_Document_Exception,ANL-235,862.8,APPROVE
REV-3000511,APP-1001223,L2_AML_Sanctions,ANL-118,714.6,REJECT
REV-3000512,APP-1001226,L1_Document_Exception,ANL-160,742.8,REQUEST_REWORK
REV-3000513,APP-1001229,L1_Document_Exception,ANL-176,564.6,APPROVE
REV-3000514,APP-1001231,L2_AML_Sanctions,ANL-104,436.8,APPROVE
REV-3000515,APP-1001234,L2_AML_Sanctions,ANL-111,1059.6,REQUEST_REWORK
REV-3000516,APP-1001235,L1_Document_Exception,ANL-124,642.6,APPROVE
REV-3000517,APP-1001239,L1_Document_Exception,ANL-246,1357.2,APPROVE
REV-3000518,APP-1001240,L1_Document_Exception,ANL-114,609.6,APPROVE
REV-3000519,APP-1001241,L2_AML_Sanctions,ANL-143,748.8,REQUEST_REWORK
REV-3000520,APP-1001245,L1_Document_Exception,ANL-194,1031.4,APPROVE
REV-3000521,APP-1001246,L1_Document_Exception,ANL-212,1493.4,APPROVE
REV-3000522,APP-1001247,L1_Document_Exception,ANL-240,742.2,REQUEST_REWORK
REV-3000523,APP-1001251,L1_Document_Exception,ANL-128,621.0,REQUEST_REWORK
REV-3000524,APP-1001252,L1_Document_Exception,ANL-239,963.0,REJECT
REV-3000525,APP-1001254,L1_Document_Exception,ANL-232,588.6,REQUEST_REWORK
REV-3000526,APP-1001255,L2_AML_Sanctions,ANL-224,726.0,APPROVE
REV-3000527,APP-1001256,L1_Document_Exception,ANL-196,858.6,APPROVE
REV-3000528,APP-1001259,L1_Document_Exception,ANL-220,1720.2,REQUEST_REWORK
REV-3000529,APP-1001261,L1_Document_Exception,ANL-213,1740.6,APPROVE
REV-3000530,APP-1001263,L1_Document_Exception,ANL-172,574.2,APPROVE
REV-3000531,APP-1001264,L1_Document_Exception,ANL-144,1382.4,APPROVE
REV-3000532,APP-1001267,L2_AML_Sanctions,ANL-147,970.8,APPROVE
REV-3000533,APP-1001270,L1_Document_Exception,ANL-128,1185.6,APPROVE
REV-3000534,APP-1001273,L1_Document_Exception,ANL-111,499.2,APPROVE
REV-3000535,APP-1001276,L1_Document_Exception,ANL-208,1049.4,APPROVE
REV-3000536,APP-1001277,L1_Document_Exception,ANL-177,1117.2,APPROVE
REV-3000537,APP-1001279,L1_Document_Exception,ANL-150,505.2,APPROVE
REV-3000538,APP-1001281,L1_Document_Exception,ANL-168,906.6,APPROVE
REV-3000539,APP-1001283,L1_Document_Exception,ANL-124,572.4,REQUEST_REWORK
REV-3000540,APP-1001284,L2_AML_Sanctions,ANL-219,704.4,APPROVE
REV-3000541,APP-1001286,L1_Document_Exception,ANL-228,661.8,REQUEST_REWORK
REV-3000542,APP-1001287,L2_AML_Sanctions,ANL-223,859.2,APPROVE
REV-3000543,APP-1001289,L1_Document_Exception,ANL-163,637.2,APPROVE
REV-3000544,APP-1001290,L1_Document_Exception,ANL-124,425.4,APPROVE
REV-3000545,APP-1001296,L1_Document_Exception,ANL-238,636.6,APPROVE
REV-3000546,APP-1001300,L1_Document_Exception,ANL-182,648.6,REQUEST_REWORK
REV-3000547,APP-1001304,L1_Document_Exception,ANL-101,916.8,APPROVE
REV-3000548,APP-1001308,L1_Document_Exception,ANL-179,1536.6,APPROVE
REV-3000549,APP-1001310,L2_AML_Sanctions,ANL-104,835.2,REQUEST_REWORK
REV-3000550,APP-1001311,L1_Document_Exception,ANL-133,622.8,APPROVE
REV-3000551,APP-1001315,L1_Document_Exception,ANL-208,678.6,REQUEST_REWORK
REV-3000552,APP-1001320,L1_Document_Exception,ANL-189,1626.0,APPROVE
REV-3000553,APP-1001321,L2_AML_Sanctions,ANL-147,1079.4,REQUEST_REWORK
REV-3000554,APP-1001324,L1_Document_Exception,ANL-125,1291.8,APPROVE
REV-3000555,APP-1001326,L1_Document_Exception,ANL-107,842.4,REQUEST_REWORK
REV-3000556,APP-1001327,L1_Document_Exception,ANL-107,563.4,REJECT
REV-3000557,APP-1001328,L1_Document_Exception,ANL-230,877.8,APPROVE
REV-3000558,APP-1001332,L2_AML_Sanctions,ANL-170,967.8,APPROVE
REV-3000559,APP-1001333,L1_Document_Exception,ANL-224,199.8,APPROVE
REV-3000560,APP-1001334,L2_AML_Sanctions,ANL-200,723.6,APPROVE
REV-3000561,APP-1001336,L2_AML_Sanctions,ANL-236,558.0,APPROVE
REV-3000562,APP-1001342,L1_Document_Exception,ANL-203,775.8,APPROVE
REV-3000563,APP-1001343,L1_Document_Exception,ANL-104,616.2,APPROVE
REV-3000564,APP-1001344,L1_Document_Exception,ANL-210,566.4,REQUEST_REWORK
REV-3000565,APP-1001345,L2_AML_Sanctions,ANL-171,1000.2,APPROVE
REV-3000566,APP-1001346,L1_Document_Exception,ANL-123,378.6,APPROVE
REV-3000567,APP-1001354,L2_AML_Sanctions,ANL-205,834.6,REJECT
REV-3000568,APP-1001355,L2_AML_Sanctions,ANL-151,913.8,APPROVE
REV-3000569,APP-1001356,L1_Document_Exception,ANL-110,579.0,APPROVE
REV-3000570,APP-1001358,L1_Document_Exception,ANL-206,826.8,APPROVE
REV-3000571,APP-1001359,L1_Document_Exception,ANL-157,376.8,APPROVE
REV-3000572,APP-1001362,L1_Document_Exception,ANL-220,1041.0,APPROVE
REV-3000573,APP-1001363,L2_AML_Sanctions,ANL-208,451.8,APPROVE
REV-3000574,APP-1001364,L2_AML_Sanctions,ANL-131,542.4,REJECT
REV-3000575,APP-1001366,L1_Document_Exception,ANL-117,859.8,APPROVE
REV-3000576,APP-1001367,L2_AML_Sanctions,ANL-104,336.6,REJECT
REV-3000577,APP-1001369,L1_Document_Exception,ANL-238,813.6,REQUEST_REWORK
REV-3000578,APP-1001377,L1_Document_Exception,ANL-171,699.0,APPROVE
REV-3000579,APP-1001378,L1_Document_Exception,ANL-232,365.4,APPROVE
REV-3000580,APP-1001382,L1_Document_Exception,ANL-111,621.6,APPROVE
REV-3000581,APP-1001384,L1_Document_Exception,ANL-137,407.4,APPROVE
REV-3000582,APP-1001387,L1_Document_Exception,ANL-190,724.8,APPROVE
REV-3000583,APP-1001388,L1_Document_Exception,ANL-156,939.0,REQUEST_REWORK
REV-3000584,APP-1001390,L1_Document_Exception,ANL-119,1131.6,REQUEST_REWORK
REV-3000585,APP-1001392,L1_Document_Exception,ANL-238,630.6,REQUEST_REWORK
REV-3000586,APP-1001396,L2_AML_Sanctions,ANL-199,609.0,APPROVE
REV-3000587,APP-1001400,L1_Document_Exception,ANL-177,679.8,APPROVE
REV-3000588,APP-1001402,L1_Document_Exception,ANL-123,714.0,APPROVE
REV-3000589,APP-1001410,L2_AML_Sanctions,ANL-139,614.4,APPROVE
REV-3000590,APP-1001416,L2_AML_Sanctions,ANL-230,630.0,APPROVE
REV-3000591,APP-1001419,L1_Document_Exception,ANL-147,498.0,APPROVE
REV-3000592,APP-1001420,L1_Document_Exception,ANL-107,1047.0,APPROVE
REV-3000593,APP-1001422,L1_Document_Exception,ANL-105,805.8,REQUEST_REWORK
REV-3000594,APP-1001428,L2_AML_Sanctions,ANL-203,784.2,APPROVE
REV-3000595,APP-1001429,L1_Document_Exception,ANL-119,589.8,APPROVE
REV-3000596,APP-1001430,L1_Document_Exception,ANL-114,324.0,APPROVE
REV-3000597,APP-1001434,L1_Document_Exception,ANL-210,790.2,APPROVE
REV-3000598,APP-1001438,L2_AML_Sanctions,ANL-218,297.6,REJECT
REV-3000599,APP-1001441,L1_Document_Exception,ANL-219,965.4,APPROVE
REV-3000600,APP-1001442,L1_Document_Exception,ANL-243,798.0,APPROVE
REV-3000601,APP-1001445,L1_Document_Exception,ANL-141,777.6,APPROVE
REV-3000602,APP-1001448,L2_AML_Sanctions,ANL-231,1206.6,APPROVE
REV-3000603,APP-1001449,L2_AML_Sanctions,ANL-128,597.0,APPROVE
REV-3000604,APP-1001450,L1_Document_Exception,ANL-113,707.4,APPROVE
REV-3000605,APP-1001451,L1_Document_Exception,ANL-223,647.4,REQUEST_REWORK
REV-3000606,APP-1001453,L2_AML_Sanctions,ANL-104,732.6,APPROVE
REV-3000607,APP-1001454,L1_Document_Exception,ANL-168,798.6,APPROVE
REV-3000608,APP-1001456,L1_Document_Exception,ANL-107,270.0,REQUEST_REWORK
REV-3000609,APP-1001457,L1_Document_Exception,ANL-116,550.2,APPROVE
REV-3000610,APP-1001458,L2_AML_Sanctions,ANL-179,971.4,REJECT
REV-3000611,APP-1001461,L1_Document_Exception,ANL-224,427.8,APPROVE
REV-3000612,APP-1001462,L1_Document_Exception,ANL-146,886.8,REQUEST_REWORK
REV-3000613,APP-1001465,L1_Document_Exception,ANL-163,443.4,REQUEST_REWORK
REV-3000614,APP-1001470,L2_AML_Sanctions,ANL-183,450.0,APPROVE
REV-3000615,APP-1001471,L2_AML_Sanctions,ANL-164,370.2,REQUEST_REWORK
REV-3000616,APP-1001472,L1_Document_Exception,ANL-126,433.8,REQUEST_REWORK
REV-3000617,APP-1001473,L1_Document_Exception,ANL-132,388.8,APPROVE
REV-3000618,APP-1001474,L1_Document_Exception,ANL-131,517.2,REQUEST_REWORK
REV-3000619,APP-1001477,L2_AML_Sanctions,ANL-195,681.0,APPROVE
REV-3000620,APP-1001478,L2_AML_Sanctions,ANL-237,623.4,REJECT
REV-3000621,APP-1001481,L1_Document_Exception,ANL-190,529.2,APPROVE
REV-3000622,APP-1001484,L1_Document_Exception,ANL-177,795.6,REQUEST_REWORK
REV-3000623,APP-1001487,L2_AML_Sanctions,ANL-232,552.6,APPROVE
REV-3000624,APP-1001489,L1_Document_Exception,ANL-172,664.2,APPROVE
REV-3000625,APP-1001492,L1_Document_Exception,ANL-112,520.8,APPROVE
REV-3000626,APP-1001495,L1_Document_Exception,ANL-150,376.2,APPROVE
REV-3000627,APP-1001497,L1_Document_Exception,ANL-135,705.6,APPROVE
REV-3000628,APP-1001499,L2_AML_Sanctions,ANL-123,475.2,APPROVE
REV-3000629,APP-1001501,L1_Document_Exception,ANL-150,581.4,REJECT
REV-3000630,APP-1001502,L1_Document_Exception,ANL-219,535.2,APPROVE
REV-3000631,APP-1001505,L2_AML_Sanctions,ANL-174,1287.0,APPROVE
REV-3000632,APP-1001510,L2_AML_Sanctions,ANL-197,1016.4,APPROVE
REV-3000633,APP-1001514,L1_Document_Exception,ANL-151,433.8,APPROVE
REV-3000634,APP-1001517,L1_Document_Exception,ANL-140,781.8,REQUEST_REWORK
REV-3000635,APP-1001521,L1_Document_Exception,ANL-109,629.4,APPROVE
REV-3000636,APP-1001523,L1_Document_Exception,ANL-140,550.2,APPROVE
REV-3000637,APP-1001526,L1_Document_Exception,ANL-207,1189.8,APPROVE
REV-3000638,APP-1001527,L1_Document_Exception,ANL-228,735.6,APPROVE
REV-3000639,APP-1001528,L1_Document_Exception,ANL-186,474.0,APPROVE
REV-3000640,APP-1001529,L1_Document_Exception,ANL-151,898.2,REQUEST_REWORK
REV-3000641,APP-1001530,L2_AML_Sanctions,ANL-152,1122.0,APPROVE
REV-3000642,APP-1001534,L1_Document_Exception,ANL-239,316.8,REQUEST_REWORK
REV-3000643,APP-1001536,L2_AML_Sanctions,ANL-149,543.0,APPROVE
REV-3000644,APP-1001537,L1_Document_Exception,ANL-135,619.2,APPROVE
REV-3000645,APP-1001542,L1_Document_Exception,ANL-223,698.4,APPROVE
REV-3000646,APP-1001544,L1_Document_Exception,ANL-157,493.8,APPROVE
REV-3000647,APP-1001546,L2_AML_Sanctions,ANL-174,682.8,REQUEST_REWORK
REV-3000648,APP-1001547,L1_Document_Exception,ANL-239,670.8,REQUEST_REWORK
REV-3000649,APP-1001553,L1_Document_Exception,ANL-179,774.6,APPROVE
REV-3000650,APP-1001556,L1_Document_Exception,ANL-114,1158.0,APPROVE
REV-3000651,APP-1001559,L2_AML_Sanctions,ANL-121,363.6,APPROVE
REV-3000652,APP-1001560,L1_Document_Exception,ANL-138,580.2,APPROVE
REV-3000653,APP-1001562,L2_AML_Sanctions,ANL-123,534.6,REQUEST_REWORK
REV-3000654,APP-1001563,L1_Document_Exception,ANL-105,375.6,APPROVE
REV-3000655,APP-1001564,L1_Document_Exception,ANL-189,472.2,APPROVE
REV-3000656,APP-1001566,L1_Document_Exception,ANL-154,964.2,REQUEST_REWORK
REV-3000657,APP-1001567,L1_Document_Exception,ANL-115,372.6,APPROVE
REV-3000658,APP-1001569,L2_AML_Sanctions,ANL-165,875.4,REJECT
REV-3000659,APP-1001570,L2_AML_Sanctions,ANL-139,687.6,APPROVE
REV-3000660,APP-1001572,L1_Document_Exception,ANL-174,764.4,APPROVE
REV-3000661,APP-1001574,L1_Document_Exception,ANL-178,517.2,APPROVE
REV-3000662,APP-1001576,L1_Document_Exception,ANL-122,927.6,APPROVE
REV-3000663,APP-1001577,L2_AML_Sanctions,ANL-177,1542.0,APPROVE
REV-3000664,APP-1001580,L1_Document_Exception,ANL-242,854.4,REQUEST_REWORK
REV-3000665,APP-1001581,L2_AML_Sanctions,ANL-105,456.6,APPROVE
REV-3000666,APP-1001582,L1_Document_Exception,ANL-159,1067.4,REQUEST_REWORK
REV-3000667,APP-1001583,L2_AML_Sanctions,ANL-137,731.4,REQUEST_REWORK
REV-3000668,APP-1001584,L1_Document_Exception,ANL-134,480.6,APPROVE
REV-3000669,APP-1001589,L2_AML_Sanctions,ANL-209,480.0,REJECT
REV-3000670,APP-1001590,L2_AML_Sanctions,ANL-135,438.0,APPROVE
REV-3000671,APP-1001594,L1_Document_Exception,ANL-167,637.8,APPROVE
REV-3000672,APP-1001596,L2_AML_Sanctions,ANL-163,1335.0,REJECT
REV-3000673,APP-1001599,L1_Document_Exception,ANL-204,771.6,REQUEST_REWORK
REV-3000674,APP-1001600,L1_Document_Exception,ANL-199,906.0,REQUEST_REWORK
REV-3000675,APP-1001601,L1_Document_Exception,ANL-165,771.0,APPROVE
REV-3000676,APP-1001603,L1_Document_Exception,ANL-235,305.4,APPROVE
REV-3000677,APP-1001606,L1_Document_Exception,ANL-197,586.8,APPROVE
REV-3000678,APP-1001607,L2_AML_Sanctions,ANL-133,807.0,APPROVE
REV-3000679,APP-1001611,L1_Document_Exception,ANL-241,296.4,APPROVE
REV-3000680,APP-1001613,L2_AML_Sanctions,ANL-227,636.0,REQUEST_REWORK
REV-3000681,APP-1001616,L1_Document_Exception,ANL-150,951.0,REQUEST_REWORK
REV-3000682,APP-1001618,L2_AML_Sanctions,ANL-106,544.2,APPROVE
REV-3000683,APP-1001624,L1_Document_Exception,ANL-208,304.8,APPROVE
REV-3000684,APP-1001627,L1_Document_Exception,ANL-153,1957.8,APPROVE
REV-3000685,APP-1001630,L1_Document_Exception,ANL-171,675.6,APPROVE
REV-3000686,APP-1001634,L1_Document_Exception,ANL-180,1279.8,APPROVE
REV-3000687,APP-1001635,L1_Document_Exception,ANL-160,1063.8,REQUEST_REWORK
REV-3000688,APP-1001636,L1_Document_Exception,ANL-194,570.0,APPROVE
REV-3000689,APP-1001640,L2_AML_Sanctions,ANL-191,977.4,APPROVE
REV-3000690,APP-1001644,L1_Document_Exception,ANL-198,523.8,REQUEST_REWORK
REV-3000691,APP-1001647,L1_Document_Exception,ANL-114,666.6,REQUEST_REWORK
REV-3000692,APP-1001648,L2_AML_Sanctions,ANL-108,293.4,APPROVE
REV-3000693,APP-1001649,L1_Document_Exception,ANL-123,828.0,REQUEST_REWORK
REV-3000694,APP-1001650,L2_AML_Sanctions,ANL-247,762.6,REQUEST_REWORK
REV-3000695,APP-1001651,L2_AML_Sanctions,ANL-138,516.6,APPROVE
REV-3000696,APP-1001653,L1_Document_Exception,ANL-166,393.0,APPROVE
REV-3000697,APP-1001655,L2_AML_Sanctions,ANL-189,565.2,REQUEST_REWORK
REV-3000698,APP-1001658,L2_AML_Sanctions,ANL-167,766.8,REQUEST_REWORK
REV-3000699,APP-1001660,L1_Document_Exception,ANL-160,1312.2,APPROVE
REV-3000700,APP-1001661,L1_Document_Exception,ANL-110,469.8,APPROVE
REV-3000701,APP-1001664,L2_AML_Sanctions,ANL-185,545.4,APPROVE
REV-3000702,APP-1001668,L2_AML_Sanctions,ANL-156,466.8,APPROVE
REV-3000703,APP-1001669,L2_AML_Sanctions,ANL-121,960.0,APPROVE
REV-3000704,APP-1001674,L2_AML_Sanctions,ANL-170,384.0,APPROVE
REV-3000705,APP-1001678,L1_Document_Exception,ANL-104,513.0,APPROVE
REV-3000706,APP-1001680,L1_Document_Exception,ANL-165,1459.2,APPROVE
REV-3000707,APP-1001681,L1_Document_Exception,ANL-118,722.4,REQUEST_REWORK
REV-3000708,APP-1001682,L1_Document_Exception,ANL-212,1087.2,APPROVE
REV-3000709,APP-1001683,L1_Document_Exception,ANL-144,875.4,REQUEST_REWORK
REV-3000710,APP-1001684,L1_Document_Exception,ANL-186,491.4,APPROVE
REV-3000711,APP-1001685,L1_Document_Exception,ANL-124,885.6,APPROVE
REV-3000712,APP-1001687,L1_Document_Exception,ANL-101,862.2,APPROVE
REV-3000713,APP-1001689,L2_AML_Sanctions,ANL-212,630.6,APPROVE
REV-3000714,APP-1001693,L1_Document_Exception,ANL-246,1192.2,APPROVE
REV-3000715,APP-1001694,L1_Document_Exception,ANL-119,747.0,APPROVE
REV-3000716,APP-1001698,L1_Document_Exception,ANL-129,485.4,APPROVE
REV-3000717,APP-1001701,L2_AML_Sanctions,ANL-190,245.4,APPROVE
REV-3000718,APP-1001702,L1_Document_Exception,ANL-228,245.4,APPROVE
REV-3000719,APP-1001703,L2_AML_Sanctions,ANL-245,670.8,REJECT
REV-3000720,APP-1001704,L1_Document_Exception,ANL-112,787.8,REQUEST_REWORK
REV-3000721,APP-1001705,L1_Document_Exception,ANL-138,529.2,REQUEST_REWORK
REV-3000722,APP-1001706,L1_Document_Exception,ANL-146,963.6,APPROVE
REV-3000723,APP-1001707,L1_Document_Exception,ANL-188,684.0,APPROVE
REV-3000724,APP-1001709,L1_Document_Exception,ANL-150,822.0,REQUEST_REWORK
REV-3000725,APP-1001710,L1_Document_Exception,ANL-161,621.6,APPROVE
REV-3000726,APP-1001711,L2_AML_Sanctions,ANL-134,460.8,APPROVE
REV-3000727,APP-1001712,L2_AML_Sanctions,ANL-122,838.8,APPROVE
REV-3000728,APP-1001713,L1_Document_Exception,ANL-144,658.8,APPROVE
REV-3000729,APP-1001715,L1_Document_Exception,ANL-135,997.8,REJECT
REV-3000730,APP-1001716,L1_Document_Exception,ANL-119,592.8,APPROVE
REV-3000731,APP-1001718,L2_AML_Sanctions,ANL-186,322.2,REQUEST_REWORK
REV-3000732,APP-1001720,L1_Document_Exception,ANL-156,429.6,REQUEST_REWORK
REV-3000733,APP-1001721,L1_Document_Exception,ANL-167,658.2,APPROVE
REV-3000734,APP-1001728,L1_Document_Exception,ANL-209,805.2,APPROVE
REV-3000735,APP-1001730,L1_Document_Exception,ANL-101,594.0,APPROVE
REV-3000736,APP-1001734,L1_Document_Exception,ANL-101,616.2,APPROVE
REV-3000737,APP-1001735,L2_AML_Sanctions,ANL-194,476.4,APPROVE
REV-3000738,APP-1001736,L1_Document_Exception,ANL-248,574.8,APPROVE
REV-3000739,APP-1001739,L1_Document_Exception,ANL-249,933.6,APPROVE
REV-3000740,APP-1001741,L2_AML_Sanctions,ANL-155,601.2,APPROVE
REV-3000741,APP-1001742,L1_Document_Exception,ANL-186,472.8,REJECT
REV-3000742,APP-1001744,L1_Document_Exception,ANL-113,636.6,APPROVE
REV-3000743,APP-1001747,L1_Document_Exception,ANL-125,592.8,REQUEST_REWORK
REV-3000744,APP-1001748,L1_Document_Exception,ANL-216,738.0,REQUEST_REWORK
REV-3000745,APP-1001753,L1_Document_Exception,ANL-176,676.2,REQUEST_REWORK
REV-3000746,APP-1001756,L1_Document_Exception,ANL-222,498.6,APPROVE
REV-3000747,APP-1001757,L1_Document_Exception,ANL-136,535.2,APPROVE
REV-3000748,APP-1001758,L1_Document_Exception,ANL-174,442.2,APPROVE
REV-3000749,APP-1001762,L1_Document_Exception,ANL-199,673.2,APPROVE
REV-3000750,APP-1001770,L1_Document_Exception,ANL-203,500.4,APPROVE
REV-3000751,APP-1001774,L1_Document_Exception,ANL-184,745.2,APPROVE
REV-3000752,APP-1001775,L1_Document_Exception,ANL-226,417.6,APPROVE
REV-3000753,APP-1001782,L1_Document_Exception,ANL-234,288.0,APPROVE
REV-3000754,APP-1001784,L1_Document_Exception,ANL-104,722.4,REQUEST_REWORK
REV-3000755,APP-1001785,L1_Document_Exception,ANL-143,609.0,APPROVE
REV-3000756,APP-1001786,L2_AML_Sanctions,ANL-232,847.2,APPROVE
REV-3000757,APP-1001787,L1_Document_Exception,ANL-162,350.4,REQUEST_REWORK
REV-3000758,APP-1001788,L2_AML_Sanctions,ANL-110,978.0,APPROVE
REV-3000759,APP-1001789,L1_Document_Exception,ANL-147,540.6,REQUEST_REWORK
REV-3000760,APP-1001792,L2_AML_Sanctions,ANL-142,642.6,REJECT
REV-3000761,APP-1001793,L1_Document_Exception,ANL-201,961.2,APPROVE
REV-3000762,APP-1001795,L1_Document_Exception,ANL-213,438.6,APPROVE
REV-3000763,APP-1001797,L2_AML_Sanctions,ANL-215,1011.0,APPROVE
REV-3000764,APP-1001798,L1_Document_Exception,ANL-190,1107.6,APPROVE
REV-3000765,APP-1001799,L1_Document_Exception,ANL-119,325.8,APPROVE
REV-3000766,APP-1001800,L1_Document_Exception,ANL-199,432.0,APPROVE
REV-3000767,APP-1001802,L1_Document_Exception,ANL-243,1305.0,APPROVE
REV-3000768,APP-1001803,L1_Document_Exception,ANL-121,516.6,REQUEST_REWORK
REV-3000769,APP-1001804,L2_AML_Sanctions,ANL-151,672.0,REJECT
REV-3000770,APP-1001807,L2_AML_Sanctions,ANL-119,198.0,APPROVE
REV-3000771,APP-1001808,L1_Document_Exception,ANL-232,862.2,APPROVE
REV-3000772,APP-1001809,L1_Document_Exception,ANL-116,610.2,APPROVE
REV-3000773,APP-1001811,L1_Document_Exception,ANL-235,687.6,APPROVE
REV-3000774,APP-1001818,L2_AML_Sanctions,ANL-148,1105.8,APPROVE
REV-3000775,APP-1001819,L1_Document_Exception,ANL-238,726.6,APPROVE
REV-3000776,APP-1001820,L2_AML_Sanctions,ANL-201,390.0,APPROVE
REV-3000777,APP-1001822,L1_Document_Exception,ANL-241,874.2,REQUEST_REWORK
REV-3000778,APP-1001825,L1_Document_Exception,ANL-235,579.0,APPROVE
REV-3000779,APP-1001827,L1_Document_Exception,ANL-138,543.0,APPROVE
REV-3000780,APP-1001828,L2_AML_Sanctions,ANL-235,883.2,APPROVE
REV-3000781,APP-1001833,L2_AML_Sanctions,ANL-131,775.2,APPROVE
REV-3000782,APP-1001835,L2_AML_Sanctions,ANL-194,708.0,APPROVE
REV-3000783,APP-1001836,L1_Document_Exception,ANL-238,796.2,REQUEST_REWORK
REV-3000784,APP-1001837,L1_Document_Exception,ANL-223,697.2,REQUEST_REWORK
REV-3000785,APP-1001838,L1_Document_Exception,ANL-188,548.4,APPROVE
REV-3000786,APP-1001840,L2_AML_Sanctions,ANL-188,874.8,APPROVE
REV-3000787,APP-1001842,L1_Document_Exception,ANL-196,597.6,APPROVE
REV-3000788,APP-1001845,L2_AML_Sanctions,ANL-244,979.8,APPROVE
REV-3000789,APP-1001846,L2_AML_Sanctions,ANL-106,621.6,REJECT
REV-3000790,APP-1001849,L1_Document_Exception,ANL-128,614.4,REQUEST_REWORK
REV-3000791,APP-1001852,L2_AML_Sanctions,ANL-123,1143.6,APPROVE
REV-3000792,APP-1001855,L1_Document_Exception,ANL-128,1228.8,APPROVE
REV-3000793,APP-1001856,L1_Document_Exception,ANL-141,531.0,APPROVE
REV-3000794,APP-1001857,L1_Document_Exception,ANL-157,413.4,REQUEST_REWORK
REV-3000795,APP-1001862,L1_Document_Exception,ANL-128,1144.2,REQUEST_REWORK
REV-3000796,APP-1001866,L1_Document_Exception,ANL-221,999.0,APPROVE
REV-3000797,APP-1001870,L1_Document_Exception,ANL-217,427.2,APPROVE
REV-3000798,APP-1001871,L1_Document_Exception,ANL-144,700.2,APPROVE
REV-3000799,APP-1001872,L1_Document_Exception,ANL-235,750.0,APPROVE
REV-3000800,APP-1001873,L1_Document_Exception,ANL-157,709.2,APPROVE
REV-3000801,APP-1001878,L1_Document_Exception,ANL-110,523.2,APPROVE
REV-3000802,APP-1001880,L2_AML_Sanctions,ANL-122,730.8,APPROVE
REV-3000803,APP-1001881,L1_Document_Exception,ANL-103,1284.0,APPROVE
REV-3000804,APP-1001882,L1_Document_Exception,ANL-216,1058.4,APPROVE
REV-3000805,APP-1001883,L1_Document_Exception,ANL-146,354.6,APPROVE
REV-3000806,APP-1001884,L1_Document_Exception,ANL-166,386.4,APPROVE
REV-3000807,APP-1001885,L1_Document_Exception,ANL-124,455.4,APPROVE
REV-3000808,APP-1001887,L2_AML_Sanctions,ANL-151,600.6,APPROVE
REV-3000809,APP-1001888,L1_Document_Exception,ANL-161,543.0,APPROVE
REV-3000810,APP-1001891,L1_Document_Exception,ANL-189,1041.0,REJECT
REV-3000811,APP-1001892,L2_AML_Sanctions,ANL-139,574.2,REJECT
REV-3000812,APP-1001895,L2_AML_Sanctions,ANL-148,693.6,APPROVE
REV-3000813,APP-1001898,L1_Document_Exception,ANL-208,610.8,REQUEST_REWORK
REV-3000814,APP-1001899,L2_AML_Sanctions,ANL-233,540.0,REJECT
REV-3000815,APP-1001900,L1_Document_Exception,ANL-139,665.4,APPROVE
REV-3000816,APP-1001902,L2_AML_Sanctions,ANL-180,437.4,APPROVE
REV-3000817,APP-1001904,L2_AML_Sanctions,ANL-246,663.0,APPROVE
REV-3000818,APP-1001905,L2_AML_Sanctions,ANL-183,519.6,APPROVE
REV-3000819,APP-1001909,L1_Document_Exception,ANL-218,610.2,APPROVE
REV-3000820,APP-1001914,L1_Document_Exception,ANL-177,403.8,APPROVE
REV-3000821,APP-1001915,L1_Document_Exception,ANL-115,1073.4,APPROVE
REV-3000822,APP-1001916,L1_Document_Exception,ANL-105,525.0,APPROVE
REV-3000823,APP-1001918,L2_AML_Sanctions,ANL-136,596.4,APPROVE
REV-3000824,APP-1001920,L1_Document_Exception,ANL-129,874.8,REQUEST_REWORK
REV-3000825,APP-1001921,L2_AML_Sanctions,ANL-129,607.2,APPROVE
REV-3000826,APP-1001922,L2_AML_Sanctions,ANL-128,556.2,APPROVE
REV-3000827,APP-1001923,L1_Document_Exception,ANL-208,451.2,REJECT
REV-3000828,APP-1001926,L1_Document_Exception,ANL-122,731.4,APPROVE
REV-3000829,APP-1001928,L1_Document_Exception,ANL-190,826.2,APPROVE
REV-3000830,APP-1001930,L1_Document_Exception,ANL-158,830.4,REQUEST_REWORK
REV-3000831,APP-1001931,L1_Document_Exception,ANL-105,599.4,APPROVE
REV-3000832,APP-1001938,L1_Document_Exception,ANL-129,312.6,APPROVE
REV-3000833,APP-1001942,L1_Document_Exception,ANL-198,493.8,APPROVE
REV-3000834,APP-1001944,L1_Document_Exception,ANL-170,583.2,APPROVE
REV-3000835,APP-1001945,L1_Document_Exception,ANL-153,946.8,APPROVE
REV-3000836,APP-1001948,L2_AML_Sanctions,ANL-183,583.8,REJECT
REV-3000837,APP-1001949,L1_Document_Exception,ANL-166,959.4,APPROVE
REV-3000838,APP-1001955,L1_Document_Exception,ANL-115,477.0,REQUEST_REWORK
REV-3000839,APP-1001956,L1_Document_Exception,ANL-104,982.8,APPROVE
REV-3000840,APP-1001958,L1_Document_Exception,ANL-145,490.2,APPROVE
REV-3000841,APP-1001962,L1_Document_Exception,ANL-182,675.0,APPROVE
REV-3000842,APP-1001963,L2_AML_Sanctions,ANL-116,241.8,REJECT
REV-3000843,APP-1001964,L2_AML_Sanctions,ANL-168,754.8,APPROVE
REV-3000844,APP-1001966,L1_Document_Exception,ANL-154,864.0,APPROVE
REV-3000845,APP-1001974,L1_Document_Exception,ANL-213,706.8,APPROVE
REV-3000846,APP-1001979,L1_Document_Exception,ANL-127,566.4,APPROVE
REV-3000847,APP-1001982,L1_Document_Exception,ANL-149,428.4,APPROVE
REV-3000848,APP-1001983,L2_AML_Sanctions,ANL-104,1323.0,APPROVE
REV-3000849,APP-1001984,L1_Document_Exception,ANL-174,731.4,APPROVE
REV-3000850,APP-1001986,L2_AML_Sanctions,ANL-122,275.4,APPROVE
REV-3000851,APP-1001988,L1_Document_Exception,ANL-199,771.0,APPROVE
REV-3000852,APP-1001992,L1_Document_Exception,ANL-195,561.6,APPROVE
REV-3000853,APP-1001995,L1_Document_Exception,ANL-192,994.2,REQUEST_REWORK
REV-3000854,APP-1001996,L1_Document_Exception,ANL-220,837.6,REQUEST_REWORK
REV-3000855,APP-1001997,L1_Document_Exception,ANL-192,862.2,APPROVE
REV-3000856,APP-1002002,L1_Document_Exception,ANL-166,565.8,APPROVE
REV-3000857,APP-1002003,L2_AML_Sanctions,ANL-187,300.0,APPROVE
REV-3000858,APP-1002005,L1_Document_Exception,ANL-185,680.4,APPROVE
REV-3000859,APP-1002008,L1_Document_Exception,ANL-215,687.0,APPROVE
REV-3000860,APP-1002009,L1_Document_Exception,ANL-129,779.4,REQUEST_REWORK
REV-3000861,APP-1002011,L1_Document_Exception,ANL-188,693.6,APPROVE
REV-3000862,APP-1002015,L2_AML_Sanctions,ANL-236,484.2,APPROVE
REV-3000863,APP-1002020,L2_AML_Sanctions,ANL-148,611.4,APPROVE
REV-3000864,APP-1002024,L1_Document_Exception,ANL-202,797.4,REQUEST_REWORK
REV-3000865,APP-1002027,L1_Document_Exception,ANL-199,855.0,REQUEST_REWORK
REV-3000866,APP-1002028,L1_Document_Exception,ANL-129,670.8,APPROVE
REV-3000867,APP-1002029,L1_Document_Exception,ANL-225,616.2,APPROVE
REV-3000868,APP-1002030,L1_Document_Exception,ANL-219,855.6,APPROVE
REV-3000869,APP-1002033,L1_Document_Exception,ANL-167,530.4,APPROVE
REV-3000870,APP-1002037,L2_AML_Sanctions,ANL-238,536.4,APPROVE
REV-3000871,APP-1002038,L1_Document_Exception,ANL-244,1140.0,APPROVE
REV-3000872,APP-1002039,L1_Document_Exception,ANL-150,1003.2,REQUEST_REWORK
REV-3000873,APP-1002043,L1_Document_Exception,ANL-113,717.6,REQUEST_REWORK
REV-3000874,APP-1002049,L1_Document_Exception,ANL-219,847.2,REQUEST_REWORK
REV-3000875,APP-1002052,L1_Document_Exception,ANL-168,1090.2,APPROVE
REV-3000876,APP-1002058,L2_AML_Sanctions,ANL-135,1101.6,APPROVE
REV-3000877,APP-1002061,L1_Document_Exception,ANL-178,876.6,APPROVE
REV-3000878,APP-1002065,L2_AML_Sanctions,ANL-170,556.2,REQUEST_REWORK
REV-3000879,APP-1002068,L1_Document_Exception,ANL-219,341.4,APPROVE
REV-3000880,APP-1002069,L1_Document_Exception,ANL-197,881.4,APPROVE
REV-3000881,APP-1002070,L2_AML_Sanctions,ANL-230,824.4,APPROVE
REV-3000882,APP-1002072,L1_Document_Exception,ANL-163,1021.8,REQUEST_REWORK
REV-3000883,APP-1002073,L1_Document_Exception,ANL-228,652.8,APPROVE
REV-3000884,APP-1002074,L2_AML_Sanctions,ANL-203,725.4,APPROVE
REV-3000885,APP-1002077,L2_AML_Sanctions,ANL-159,805.2,APPROVE
REV-3000886,APP-1002078,L1_Document_Exception,ANL-224,504.6,REQUEST_REWORK
REV-3000887,APP-1002079,L2_AML_Sanctions,ANL-186,1072.2,APPROVE
REV-3000888,APP-1002080,L1_Document_Exception,ANL-196,795.0,APPROVE
REV-3000889,APP-1002082,L1_Document_Exception,ANL-232,1198.8,APPROVE
REV-3000890,APP-1002085,L1_Document_Exception,ANL-233,883.2,REQUEST_REWORK
REV-3000891,APP-1002086,L1_Document_Exception,ANL-143,896.4,APPROVE
REV-3000892,APP-1002087,L1_Document_Exception,ANL-175,925.8,REQUEST_REWORK
REV-3000893,APP-1002089,L2_AML_Sanctions,ANL-156,485.4,APPROVE
REV-3000894,APP-1002093,L1_Document_Exception,ANL-238,657.6,APPROVE
REV-3000895,APP-1002098,L1_Document_Exception,ANL-113,636.0,APPROVE
REV-3000896,APP-1002099,L1_Document_Exception,ANL-140,847.2,APPROVE
REV-3000897,APP-1002101,L2_AML_Sanctions,ANL-236,910.2,APPROVE
REV-3000898,APP-1002103,L2_AML_Sanctions,ANL-209,549.0,REQUEST_REWORK
REV-3000899,APP-1002108,L1_Document_Exception,ANL-220,1117.8,APPROVE
REV-3000900,APP-1002109,L2_AML_Sanctions,ANL-204,534.6,REJECT
REV-3000901,APP-1002112,L1_Document_Exception,ANL-226,619.8,APPROVE
REV-3000902,APP-1002113,L1_Document_Exception,ANL-231,952.2,REQUEST_REWORK
REV-3000903,APP-1002114,L1_Document_Exception,ANL-145,775.8,APPROVE
REV-3000904,APP-1002117,L1_Document_Exception,ANL-166,790.8,APPROVE
REV-3000905,APP-1002119,L1_Document_Exception,ANL-157,788.4,APPROVE
REV-3000906,APP-1002120,L2_AML_Sanctions,ANL-123,1280.4,REQUEST_REWORK
REV-3000907,APP-1002122,L1_Document_Exception,ANL-176,478.8,REQUEST_REWORK
REV-3000908,APP-1002126,L2_AML_Sanctions,ANL-181,993.6,APPROVE
REV-3000909,APP-1002129,L1_Document_Exception,ANL-108,615.6,APPROVE
REV-3000910,APP-1002130,L1_Document_Exception,ANL-172,1297.8,APPROVE
REV-3000911,APP-1002132,L2_AML_Sanctions,ANL-134,948.6,REJECT
REV-3000912,APP-1002135,L2_AML_Sanctions,ANL-136,526.8,APPROVE
REV-3000913,APP-1002139,L1_Document_Exception,ANL-216,1253.4,APPROVE
REV-3000914,APP-1002140,L1_Document_Exception,ANL-220,861.0,APPROVE
REV-3000915,APP-1002142,L2_AML_Sanctions,ANL-164,640.2,REJECT
REV-3000916,APP-1002143,L1_Document_Exception,ANL-237,890.4,APPROVE
REV-3000917,APP-1002144,L1_Document_Exception,ANL-184,346.8,APPROVE
REV-3000918,APP-1002145,L2_AML_Sanctions,ANL-221,343.2,APPROVE
REV-3000919,APP-1002146,L1_Document_Exception,ANL-226,345.0,REQUEST_REWORK
REV-3000920,APP-1002148,L2_AML_Sanctions,ANL-143,719.4,REQUEST_REWORK
REV-3000921,APP-1002149,L1_Document_Exception,ANL-133,590.4,REQUEST_REWORK
REV-3000922,APP-1002150,L1_Document_Exception,ANL-181,393.6,APPROVE
REV-3000923,APP-1002153,L1_Document_Exception,ANL-120,600.0,APPROVE
REV-3000924,APP-1002156,L2_AML_Sanctions,ANL-195,902.4,APPROVE
REV-3000925,APP-1002160,L1_Document_Exception,ANL-212,747.6,APPROVE
REV-3000926,APP-1002162,L1_Document_Exception,ANL-180,1119.0,APPROVE
REV-3000927,APP-1002163,L1_Document_Exception,ANL-138,628.2,APPROVE
REV-3000928,APP-1002166,L1_Document_Exception,ANL-236,693.6,APPROVE
REV-3000929,APP-1002168,L1_Document_Exception,ANL-238,484.2,APPROVE
REV-3000930,APP-1002171,L1_Document_Exception,ANL-222,480.6,REJECT
REV-3000931,APP-1002175,L1_Document_Exception,ANL-198,814.2,APPROVE
REV-3000932,APP-1002178,L2_AML_Sanctions,ANL-132,427.2,APPROVE
REV-3000933,APP-1002179,L1_Document_Exception,ANL-126,678.0,APPROVE
REV-3000934,APP-1002182,L1_Document_Exception,ANL-182,878.4,APPROVE
REV-3000935,APP-1002188,L1_Document_Exception,ANL-156,807.6,APPROVE
REV-3000936,APP-1002189,L2_AML_Sanctions,ANL-151,903.0,APPROVE
REV-3000937,APP-1002192,L1_Document_Exception,ANL-171,885.0,REQUEST_REWORK
REV-3000938,APP-1002194,L1_Document_Exception,ANL-141,595.2,APPROVE
REV-3000939,APP-1002195,L2_AML_Sanctions,ANL-116,1080.6,APPROVE
REV-3000940,APP-1002196,L2_AML_Sanctions,ANL-151,608.4,APPROVE
REV-3000941,APP-1002198,L1_Document_Exception,ANL-127,398.4,APPROVE
REV-3000942,APP-1002204,L2_AML_Sanctions,ANL-184,290.4,REQUEST_REWORK
REV-3000943,APP-1002205,L1_Document_Exception,ANL-211,838.8,REQUEST_REWORK
REV-3000944,APP-1002206,L1_Document_Exception,ANL-121,453.0,APPROVE
REV-3000945,APP-1002210,L2_AML_Sanctions,ANL-204,1240.2,APPROVE
REV-3000946,APP-1002215,L1_Document_Exception,ANL-164,445.8,APPROVE
REV-3000947,APP-1002216,L1_Document_Exception,ANL-145,1083.6,APPROVE
REV-3000948,APP-1002221,L1_Document_Exception,ANL-129,381.0,APPROVE
REV-3000949,APP-1002223,L1_Document_Exception,ANL-242,664.2,APPROVE
REV-3000950,APP-1002224,L2_AML_Sanctions,ANL-142,373.2,APPROVE
REV-3000951,APP-1002226,L1_Document_Exception,ANL-134,504.0,APPROVE
REV-3000952,APP-1002227,L1_Document_Exception,ANL-218,1789.2,APPROVE
REV-3000953,APP-1002228,L1_Document_Exception,ANL-109,668.4,APPROVE
REV-3000954,APP-1002229,L1_Document_Exception,ANL-191,1623.0,REQUEST_REWORK
REV-3000955,APP-1002231,L1_Document_Exception,ANL-171,360.6,REQUEST_REWORK
REV-3000956,APP-1002232,L1_Document_Exception,ANL-105,319.2,APPROVE
REV-3000957,APP-1002233,L1_Document_Exception,ANL-220,1187.4,APPROVE
REV-3000958,APP-1002237,L1_Document_Exception,ANL-187,541.8,REQUEST_REWORK
REV-3000959,APP-1002239,L1_Document_Exception,ANL-228,1179.0,APPROVE
REV-3000960,APP-1002243,L1_Document_Exception,ANL-221,508.2,APPROVE
REV-3000961,APP-1002246,L1_Document_Exception,ANL-127,578.4,APPROVE
REV-3000962,APP-1002251,L2_AML_Sanctions,ANL-123,1377.0,APPROVE
REV-3000963,APP-1002253,L2_AML_Sanctions,ANL-141,847.2,REJECT
REV-3000964,APP-1002256,L1_Document_Exception,ANL-193,706.8,APPROVE
REV-3000965,APP-1002257,L2_AML_Sanctions,ANL-209,543.6,APPROVE
REV-3000966,APP-1002263,L1_Document_Exception,ANL-107,321.0,APPROVE
REV-3000967,APP-1002268,L2_AML_Sanctions,ANL-218,855.0,APPROVE
REV-3000968,APP-1002273,L2_AML_Sanctions,ANL-139,412.8,REJECT
REV-3000969,APP-1002276,L2_AML_Sanctions,ANL-131,762.0,APPROVE
REV-3000970,APP-1002278,L1_Document_Exception,ANL-106,1252.8,APPROVE
REV-3000971,APP-1002279,L2_AML_Sanctions,ANL-111,749.4,REQUEST_REWORK
REV-3000972,APP-1002281,L1_Document_Exception,ANL-102,1106.4,APPROVE
REV-3000973,APP-1002283,L1_Document_Exception,ANL-134,377.4,APPROVE
REV-3000974,APP-1002286,L1_Document_Exception,ANL-169,1103.4,APPROVE
REV-3000975,APP-1002287,L1_Document_Exception,ANL-178,1114.2,APPROVE
REV-3000976,APP-1002288,L1_Document_Exception,ANL-115,522.6,REQUEST_REWORK
REV-3000977,APP-1002292,L2_AML_Sanctions,ANL-234,722.4,REJECT
REV-3000978,APP-1002297,L1_Document_Exception,ANL-127,582.0,APPROVE
REV-3000979,APP-1002298,L1_Document_Exception,ANL-173,544.2,REJECT
REV-3000980,APP-1002303,L1_Document_Exception,ANL-139,720.6,APPROVE
REV-3000981,APP-1002306,L2_AML_Sanctions,ANL-117,914.4,APPROVE
REV-3000982,APP-1002307,L2_AML_Sanctions,ANL-233,715.2,APPROVE
REV-3000983,APP-1002309,L1_Document_Exception,ANL-180,1026.6,APPROVE
REV-3000984,APP-1002314,L1_Document_Exception,ANL-121,669.6,APPROVE
REV-3000985,APP-1002318,L1_Document_Exception,ANL-236,750.0,REQUEST_REWORK
REV-3000986,APP-1002321,L1_Document_Exception,ANL-242,1099.2,APPROVE
REV-3000987,APP-1002325,L1_Document_Exception,ANL-123,484.2,APPROVE
REV-3000988,APP-1002326,L1_Document_Exception,ANL-150,1299.0,APPROVE
REV-3000989,APP-1002328,L1_Document_Exception,ANL-106,489.0,APPROVE
REV-3000990,APP-1002333,L2_AML_Sanctions,ANL-183,546.0,REQUEST_REWORK
REV-3000991,APP-1002335,L1_Document_Exception,ANL-125,655.2,APPROVE
REV-3000992,APP-1002339,L1_Document_Exception,ANL-139,901.8,APPROVE
REV-3000993,APP-1002343,L2_AML_Sanctions,ANL-213,849.6,APPROVE
REV-3000994,APP-1002345,L2_AML_Sanctions,ANL-244,1093.2,APPROVE
REV-3000995,APP-1002346,L2_AML_Sanctions,ANL-240,414.0,REQUEST_REWORK
REV-3000996,APP-1002347,L1_Document_Exception,ANL-247,378.0,APPROVE
REV-3000997,APP-1002349,L1_Document_Exception,ANL-220,994.2,APPROVE
REV-3000998,APP-1002352,L1_Document_Exception,ANL-201,381.6,APPROVE
REV-3000999,APP-1002354,L1_Document_Exception,ANL-122,700.2,APPROVE
REV-3001000,APP-1002361,L1_Document_Exception,ANL-122,319.2,APPROVE
REV-3001001,APP-1002363,L1_Document_Exception,ANL-230,711.0,APPROVE
REV-3001002,APP-1002364,L2_AML_Sanctions,ANL-158,1060.8,APPROVE
REV-3001003,APP-1002369,L2_AML_Sanctions,ANL-114,584.4,APPROVE
REV-3001004,APP-1002371,L2_AML_Sanctions,ANL-132,839.4,REJECT
REV-3001005,APP-1002372,L2_AML_Sanctions,ANL-173,607.2,APPROVE
REV-3001006,APP-1002374,L2_AML_Sanctions,ANL-199,591.6,APPROVE
REV-3001007,APP-1002375,L1_Document_Exception,ANL-210,944.4,APPROVE
REV-3001008,APP-1002377,L1_Document_Exception,ANL-153,676.2,APPROVE
REV-3001009,APP-1002382,L1_Document_Exception,ANL-182,1463.4,APPROVE
REV-3001010,APP-1002383,L1_Document_Exception,ANL-164,522.6,APPROVE
REV-3001011,APP-1002388,L1_Document_Exception,ANL-158,1427.4,APPROVE
REV-3001012,APP-1002389,L1_Document_Exception,ANL-187,546.6,APPROVE
REV-3001013,APP-1002391,L1_Document_Exception,ANL-163,664.2,APPROVE
REV-3001014,APP-1002392,L1_Document_Exception,ANL-175,528.0,REQUEST_REWORK
REV-3001015,APP-1002393,L1_Document_Exception,ANL-149,840.6,REJECT
REV-3001016,APP-1002399,L2_AML_Sanctions,ANL-221,957.0,APPROVE
REV-3001017,APP-1002403,L1_Document_Exception,ANL-171,537.0,APPROVE
REV-3001018,APP-1002405,L1_Document_Exception,ANL-219,276.6,APPROVE
REV-3001019,APP-1002406,L2_AML_Sanctions,ANL-150,434.4,APPROVE
REV-3001020,APP-1002409,L1_Document_Exception,ANL-240,786.6,APPROVE
REV-3001021,APP-1002410,L1_Document_Exception,ANL-131,643.2,REQUEST_REWORK
REV-3001022,APP-1002411,L1_Document_Exception,ANL-201,534.0,APPROVE
REV-3001023,APP-1002419,L1_Document_Exception,ANL-159,463.2,APPROVE
REV-3001024,APP-1002422,L2_AML_Sanctions,ANL-168,447.6,APPROVE
REV-3001025,APP-1002423,L2_AML_Sanctions,ANL-147,851.4,APPROVE
REV-3001026,APP-1002428,L1_Document_Exception,ANL-208,771.6,APPROVE
REV-3001027,APP-1002431,L1_Document_Exception,ANL-230,816.6,APPROVE
REV-3001028,APP-1002434,L1_Document_Exception,ANL-126,715.8,APPROVE
REV-3001029,APP-1002438,L1_Document_Exception,ANL-200,1050.6,REQUEST_REWORK
REV-3001030,APP-1002439,L1_Document_Exception,ANL-226,753.6,APPROVE
REV-3001031,APP-1002444,L1_Document_Exception,ANL-225,730.2,APPROVE
REV-3001032,APP-1002446,L1_Document_Exception,ANL-238,482.4,APPROVE
REV-3001033,APP-1002450,L2_AML_Sanctions,ANL-219,598.8,REQUEST_REWORK
REV-3001034,APP-1002453,L1_Document_Exception,ANL-233,356.4,APPROVE
REV-3001035,APP-1002455,L1_Document_Exception,ANL-191,957.6,REQUEST_REWORK
REV-3001036,APP-1002458,L1_Document_Exception,ANL-243,1786.2,APPROVE
REV-3001037,APP-1002459,L2_AML_Sanctions,ANL-185,1173.0,APPROVE
REV-3001038,APP-1002460,L1_Document_Exception,ANL-221,334.2,REQUEST_REWORK
REV-3001039,APP-1002466,L1_Document_Exception,ANL-129,617.4,APPROVE
REV-3001040,APP-1002467,L1_Document_Exception,ANL-116,475.2,REQUEST_REWORK
REV-3001041,APP-1002476,L1_Document_Exception,ANL-234,1069.2,APPROVE
REV-3001042,APP-1002477,L1_Document_Exception,ANL-243,697.2,APPROVE
REV-3001043,APP-1002478,L1_Document_Exception,ANL-189,636.6,APPROVE
REV-3001044,APP-1002479,L2_AML_Sanctions,ANL-154,926.4,REQUEST_REWORK
REV-3001045,APP-1002481,L2_AML_Sanctions,ANL-161,425.4,APPROVE
REV-3001046,APP-1002486,L1_Document_Exception,ANL-224,407.4,REQUEST_REWORK
REV-3001047,APP-1002487,L1_Document_Exception,ANL-132,618.0,REQUEST_REWORK
REV-3001048,APP-1002488,L2_AML_Sanctions,ANL-207,235.2,REQUEST_REWORK
REV-3001049,APP-1002491,L1_Document_Exception,ANL-137,372.6,APPROVE
REV-3001050,APP-1002494,L1_Document_Exception,ANL-154,591.0,APPROVE
REV-3001051,APP-1002495,L1_Document_Exception,ANL-227,559.8,REQUEST_REWORK
REV-3001052,APP-1002498,L1_Document_Exception,ANL-229,447.0,APPROVE
REV-3001053,APP-1002500,L1_Document_Exception,ANL-224,1085.4,APPROVE
REV-3001054,APP-1002503,L1_Document_Exception,ANL-212,1063.8,APPROVE
REV-3001055,APP-1002506,L1_Document_Exception,ANL-242,440.4,REQUEST_REWORK
REV-3001056,APP-1002510,L1_Document_Exception,ANL-176,463.8,APPROVE
REV-3001057,APP-1002511,L2_AML_Sanctions,ANL-137,1089.0,APPROVE
REV-3001058,APP-1002514,L1_Document_Exception,ANL-101,567.0,APPROVE
REV-3001059,APP-1002518,L1_Document_Exception,ANL-154,594.6,APPROVE
REV-3001060,APP-1002519,L2_AML_Sanctions,ANL-231,610.2,REQUEST_REWORK
REV-3001061,APP-1002520,L2_AML_Sanctions,ANL-185,438.0,APPROVE
REV-3001062,APP-1002521,L1_Document_Exception,ANL-165,695.4,REQUEST_REWORK
REV-3001063,APP-1002522,L1_Document_Exception,ANL-191,380.4,REQUEST_REWORK
REV-3001064,APP-1002524,L2_AML_Sanctions,ANL-192,363.0,REJECT
REV-3001065,APP-1002533,L1_Document_Exception,ANL-227,1105.8,APPROVE
REV-3001066,APP-1002535,L1_Document_Exception,ANL-234,529.2,APPROVE
REV-3001067,APP-1002536,L2_AML_Sanctions,ANL-161,413.4,APPROVE
REV-3001068,APP-1002537,L1_Document_Exception,ANL-105,374.4,APPROVE
REV-3001069,APP-1002539,L2_AML_Sanctions,ANL-171,655.8,APPROVE
REV-3001070,APP-1002542,L2_AML_Sanctions,ANL-104,707.4,REJECT
REV-3001071,APP-1002543,L2_AML_Sanctions,ANL-220,265.8,APPROVE
REV-3001072,APP-1002547,L1_Document_Exception,ANL-208,1231.2,REQUEST_REWORK
REV-3001073,APP-1002549,L1_Document_Exception,ANL-131,354.0,APPROVE
REV-3001074,APP-1002551,L2_AML_Sanctions,ANL-191,1164.0,APPROVE
REV-3001075,APP-1002554,L1_Document_Exception,ANL-186,641.4,APPROVE
REV-3001076,APP-1002558,L1_Document_Exception,ANL-142,726.6,APPROVE
REV-3001077,APP-1002560,L1_Document_Exception,ANL-153,905.4,APPROVE
REV-3001078,APP-1002562,L1_Document_Exception,ANL-246,733.2,APPROVE
REV-3001079,APP-1002566,L1_Document_Exception,ANL-155,382.8,REQUEST_REWORK
REV-3001080,APP-1002568,L2_AML_Sanctions,ANL-152,784.2,APPROVE
REV-3001081,APP-1002574,L1_Document_Exception,ANL-107,461.4,APPROVE
REV-3001082,APP-1002576,L2_AML_Sanctions,ANL-224,912.0,APPROVE
REV-3001083,APP-1002577,L1_Document_Exception,ANL-161,1179.0,APPROVE
REV-3001084,APP-1002582,L1_Document_Exception,ANL-102,748.2,APPROVE
REV-3001085,APP-1002584,L1_Document_Exception,ANL-239,516.0,REQUEST_REWORK
REV-3001086,APP-1002587,L2_AML_Sanctions,ANL-203,526.8,REJECT
REV-3001087,APP-1002592,L2_AML_Sanctions,ANL-182,755.4,APPROVE
REV-3001088,APP-1002593,L1_Document_Exception,ANL-128,454.2,APPROVE
REV-3001089,APP-1002598,L1_Document_Exception,ANL-175,1619.4,APPROVE
REV-3001090,APP-1002599,L1_Document_Exception,ANL-158,759.0,REQUEST_REWORK
REV-3001091,APP-1002601,L1_Document_Exception,ANL-160,628.8,REQUEST_REWORK
REV-3001092,APP-1002602,L1_Document_Exception,ANL-121,1069.8,APPROVE
REV-3001093,APP-1002609,L1_Document_Exception,ANL-118,1035.6,APPROVE
REV-3001094,APP-1002610,L1_Document_Exception,ANL-128,338.4,APPROVE
REV-3001095,APP-1002611,L2_AML_Sanctions,ANL-209,769.8,APPROVE
REV-3001096,APP-1002613,L2_AML_Sanctions,ANL-108,956.4,APPROVE
REV-3001097,APP-1002615,L1_Document_Exception,ANL-225,1146.0,APPROVE
REV-3001098,APP-1002617,L1_Document_Exception,ANL-195,402.0,APPROVE
REV-3001099,APP-1002619,L2_AML_Sanctions,ANL-156,594.0,APPROVE
REV-3001100,APP-1002620,L2_AML_Sanctions,ANL-111,743.4,APPROVE
REV-3001101,APP-1002623,L1_Document_Exception,ANL-103,1277.4,APPROVE
REV-3001102,APP-1002627,L1_Document_Exception,ANL-181,780.0,APPROVE
REV-3001103,APP-1002629,L1_Document_Exception,ANL-167,993.0,APPROVE
REV-3001104,APP-1002630,L1_Document_Exception,ANL-115,1070.4,APPROVE
REV-3001105,APP-1002631,L1_Document_Exception,ANL-124,619.2,APPROVE
REV-3001106,APP-1002632,L1_Document_Exception,ANL-131,615.6,REQUEST_REWORK
REV-3001107,APP-1002634,L2_AML_Sanctions,ANL-106,606.6,APPROVE
REV-3001108,APP-1002635,L1_Document_Exception,ANL-166,303.6,APPROVE
REV-3001109,APP-1002637,L1_Document_Exception,ANL-193,1127.4,APPROVE
REV-3001110,APP-1002638,L1_Document_Exception,ANL-203,661.2,APPROVE
REV-3001111,APP-1002639,L2_AML_Sanctions,ANL-135,832.2,APPROVE
REV-3001112,APP-1002641,L1_Document_Exception,ANL-214,1147.8,APPROVE
REV-3001113,APP-1002642,L1_Document_Exception,ANL-186,319.8,APPROVE
REV-3001114,APP-1002647,L1_Document_Exception,ANL-162,931.2,REQUEST_REWORK
REV-3001115,APP-1002653,L1_Document_Exception,ANL-145,697.8,REQUEST_REWORK
REV-3001116,APP-1002654,L2_AML_Sanctions,ANL-183,244.2,REQUEST_REWORK
REV-3001117,APP-1002656,L2_AML_Sanctions,ANL-189,1044.0,APPROVE
REV-3001118,APP-1002658,L2_AML_Sanctions,ANL-223,622.2,APPROVE
REV-3001119,APP-1002659,L1_Document_Exception,ANL-104,607.2,APPROVE
REV-3001120,APP-1002661,L2_AML_Sanctions,ANL-106,523.8,APPROVE
REV-3001121,APP-1002663,L2_AML_Sanctions,ANL-240,595.2,APPROVE
REV-3001122,APP-1002665,L2_AML_Sanctions,ANL-226,601.8,REQUEST_REWORK
REV-3001123,APP-1002667,L1_Document_Exception,ANL-208,240.0,APPROVE
REV-3001124,APP-1002672,L2_AML_Sanctions,ANL-123,369.0,REQUEST_REWORK
REV-3001125,APP-1002675,L1_Document_Exception,ANL-179,821.4,APPROVE
REV-3001126,APP-1002676,L1_Document_Exception,ANL-181,556.8,APPROVE
REV-3001127,APP-1002679,L1_Document_Exception,ANL-186,897.6,APPROVE
REV-3001128,APP-1002681,L1_Document_Exception,ANL-125,460.2,APPROVE
REV-3001129,APP-1002687,L1_Document_Exception,ANL-199,1202.4,APPROVE
REV-3001130,APP-1002691,L2_AML_Sanctions,ANL-208,576.0,REJECT
REV-3001131,APP-1002692,L1_Document_Exception,ANL-169,733.2,APPROVE
REV-3001132,APP-1002694,L2_AML_Sanctions,ANL-108,512.4,REJECT
REV-3001133,APP-1002696,L1_Document_Exception,ANL-248,477.6,APPROVE
REV-3001134,APP-1002698,L1_Document_Exception,ANL-131,784.2,APPROVE
REV-3001135,APP-1002700,L1_Document_Exception,ANL-118,655.8,APPROVE
REV-3001136,APP-1002704,L1_Document_Exception,ANL-177,633.0,APPROVE
REV-3001137,APP-1002705,L1_Document_Exception,ANL-174,652.2,APPROVE
REV-3001138,APP-1002706,L1_Document_Exception,ANL-247,1135.2,APPROVE
REV-3001139,APP-1002712,L1_Document_Exception,ANL-133,519.6,APPROVE
REV-3001140,APP-1002716,L1_Document_Exception,ANL-180,355.8,REQUEST_REWORK
REV-3001141,APP-1002717,L1_Document_Exception,ANL-190,1423.8,APPROVE
REV-3001142,APP-1002718,L1_Document_Exception,ANL-141,610.8,APPROVE
REV-3001143,APP-1002719,L2_AML_Sanctions,ANL-130,429.6,REJECT
REV-3001144,APP-1002721,L1_Document_Exception,ANL-176,411.0,APPROVE
REV-3001145,APP-1002724,L2_AML_Sanctions,ANL-154,397.2,REQUEST_REWORK
REV-3001146,APP-1002728,L1_Document_Exception,ANL-163,595.2,APPROVE
REV-3001147,APP-1002730,L2_AML_Sanctions,ANL-163,232.8,APPROVE
REV-3001148,APP-1002733,L1_Document_Exception,ANL-244,663.0,APPROVE
REV-3001149,APP-1002734,L1_Document_Exception,ANL-124,853.2,APPROVE
REV-3001150,APP-1002735,L1_Document_Exception,ANL-243,532.2,REQUEST_REWORK
REV-3001151,APP-1002736,L1_Document_Exception,ANL-194,523.2,APPROVE
REV-3001152,APP-1002738,L1_Document_Exception,ANL-241,434.4,APPROVE
REV-3001153,APP-1002739,L1_Document_Exception,ANL-184,476.4,APPROVE
REV-3001154,APP-1002740,L2_AML_Sanctions,ANL-138,1453.8,APPROVE
REV-3001155,APP-1002742,L1_Document_Exception,ANL-230,622.2,REQUEST_REWORK
REV-3001156,APP-1002743,L1_Document_Exception,ANL-161,479.4,APPROVE
REV-3001157,APP-1002745,L1_Document_Exception,ANL-176,811.2,APPROVE
REV-3001158,APP-1002746,L1_Document_Exception,ANL-186,537.0,APPROVE
REV-3001159,APP-1002749,L2_AML_Sanctions,ANL-236,548.4,APPROVE
REV-3001160,APP-1002751,L1_Document_Exception,ANL-203,472.2,APPROVE
REV-3001161,APP-1002754,L1_Document_Exception,ANL-165,914.4,APPROVE
REV-3001162,APP-1002755,L1_Document_Exception,ANL-195,1486.8,APPROVE
REV-3001163,APP-1002756,L1_Document_Exception,ANL-162,717.0,APPROVE
REV-3001164,APP-1002759,L1_Document_Exception,ANL-189,904.8,APPROVE
REV-3001165,APP-1002761,L1_Document_Exception,ANL-148,783.6,APPROVE
REV-3001166,APP-1002762,L2_AML_Sanctions,ANL-129,1058.4,REQUEST_REWORK
REV-3001167,APP-1002763,L1_Document_Exception,ANL-105,1261.8,APPROVE
REV-3001168,APP-1002769,L2_AML_Sanctions,ANL-108,440.4,APPROVE
REV-3001169,APP-1002774,L2_AML_Sanctions,ANL-221,1065.0,APPROVE
REV-3001170,APP-1002779,L1_Document_Exception,ANL-175,825.0,APPROVE
REV-3001171,APP-1002780,L1_Document_Exception,ANL-217,350.4,REQUEST_REWORK
REV-3001172,APP-1002781,L1_Document_Exception,ANL-115,240.6,APPROVE
REV-3001173,APP-1002782,L1_Document_Exception,ANL-207,560.4,APPROVE
REV-3001174,APP-1002783,L1_Document_Exception,ANL-202,1168.8,APPROVE
REV-3001175,APP-1002784,L1_Document_Exception,ANL-185,440.4,REQUEST_REWORK
REV-3001176,APP-1002789,L2_AML_Sanctions,ANL-183,544.2,APPROVE
REV-3001177,APP-1002790,L2_AML_Sanctions,ANL-245,532.8,APPROVE
REV-3001178,APP-1002792,L1_Document_Exception,ANL-114,886.2,APPROVE
REV-3001179,APP-1002795,L2_AML_Sanctions,ANL-203,672.0,REQUEST_REWORK
REV-3001180,APP-1002796,L1_Document_Exception,ANL-214,414.6,APPROVE
REV-3001181,APP-1002800,L1_Document_Exception,ANL-176,658.8,APPROVE
REV-3001182,APP-1002806,L1_Document_Exception,ANL-220,328.8,APPROVE
REV-3001183,APP-1002808,L1_Document_Exception,ANL-172,283.8,APPROVE
REV-3001184,APP-1002809,L1_Document_Exception,ANL-166,448.2,APPROVE
REV-3001185,APP-1002811,L1_Document_Exception,ANL-242,736.2,APPROVE
REV-3001186,APP-1002813,L1_Document_Exception,ANL-105,467.4,APPROVE
REV-3001187,APP-1002815,L1_Document_Exception,ANL-127,574.2,REJECT
REV-3001188,APP-1002820,L1_Document_Exception,ANL-106,653.4,APPROVE
REV-3001189,APP-1002830,L2_AML_Sanctions,ANL-144,693.6,REJECT
REV-3001190,APP-1002833,L2_AML_Sanctions,ANL-213,445.2,APPROVE
REV-3001191,APP-1002836,L1_Document_Exception,ANL-173,594.0,APPROVE
REV-3001192,APP-1002842,L2_AML_Sanctions,ANL-138,405.6,APPROVE
REV-3001193,APP-1002846,L1_Document_Exception,ANL-141,660.6,APPROVE
REV-3001194,APP-1002847,L1_Document_Exception,ANL-167,516.6,APPROVE
REV-3001195,APP-1002848,L1_Document_Exception,ANL-249,869.4,APPROVE
REV-3001196,APP-1002849,L2_AML_Sanctions,ANL-226,763.2,REQUEST_REWORK
REV-3001197,APP-1002851,L1_Document_Exception,ANL-126,316.8,REQUEST_REWORK
REV-3001198,APP-1002852,L1_Document_Exception,ANL-223,298.2,APPROVE
REV-3001199,APP-1002853,L1_Document_Exception,ANL-101,880.8,APPROVE
REV-3001200,APP-1002855,L1_Document_Exception,ANL-174,323.4,REQUEST_REWORK
REV-3001201,APP-1002858,L1_Document_Exception,ANL-203,624.6,APPROVE
REV-3001202,APP-1002862,L1_Document_Exception,ANL-151,778.2,REQUEST_REWORK
REV-3001203,APP-1002863,L2_AML_Sanctions,ANL-196,839.4,APPROVE
REV-3001204,APP-1002864,L1_Document_Exception,ANL-160,1220.4,APPROVE
REV-3001205,APP-1002865,L1_Document_Exception,ANL-214,441.6,APPROVE
REV-3001206,APP-1002866,L1_Document_Exception,ANL-188,1104.0,APPROVE
REV-3001207,APP-1002867,L1_Document_Exception,ANL-125,504.6,APPROVE
REV-3001208,APP-1002869,L1_Document_Exception,ANL-185,754.8,APPROVE
REV-3001209,APP-1002871,L2_AML_Sanctions,ANL-144,746.4,REQUEST_REWORK
REV-3001210,APP-1002874,L2_AML_Sanctions,ANL-120,365.4,REJECT
REV-3001211,APP-1002877,L1_Document_Exception,ANL-179,1080.6,REQUEST_REWORK
REV-3001212,APP-1002878,L1_Document_Exception,ANL-198,505.2,APPROVE
REV-3001213,APP-1002879,L1_Document_Exception,ANL-219,1157.4,REQUEST_REWORK
REV-3001214,APP-1002882,L1_Document_Exception,ANL-114,614.4,APPROVE
REV-3001215,APP-1002884,L1_Document_Exception,ANL-103,1692.0,APPROVE
REV-3001216,APP-1002889,L2_AML_Sanctions,ANL-180,679.8,APPROVE
REV-3001217,APP-1002891,L1_Document_Exception,ANL-128,659.4,REJECT
REV-3001218,APP-1002892,L1_Document_Exception,ANL-157,475.2,REQUEST_REWORK
REV-3001219,APP-1002893,L1_Document_Exception,ANL-248,735.0,APPROVE
REV-3001220,APP-1002894,L1_Document_Exception,ANL-140,1116.6,APPROVE
REV-3001221,APP-1002896,L2_AML_Sanctions,ANL-119,743.4,REJECT
REV-3001222,APP-1002898,L2_AML_Sanctions,ANL-146,951.6,APPROVE
REV-3001223,APP-1002899,L1_Document_Exception,ANL-157,367.8,REQUEST_REWORK
REV-3001224,APP-1002903,L2_AML_Sanctions,ANL-130,431.4,APPROVE
REV-3001225,APP-1002905,L1_Document_Exception,ANL-154,654.6,REJECT
REV-3001226,APP-1002916,L2_AML_Sanctions,ANL-245,703.8,APPROVE
REV-3001227,APP-1002918,L2_AML_Sanctions,ANL-118,1690.8,APPROVE
REV-3001228,APP-1002919,L1_Document_Exception,ANL-242,1479.6,APPROVE
REV-3001229,APP-1002923,L2_AML_Sanctions,ANL-172,960.6,APPROVE
REV-3001230,APP-1002924,L1_Document_Exception,ANL-229,895.2,REQUEST_REWORK
REV-3001231,APP-1002926,L1_Document_Exception,ANL-141,675.6,APPROVE
REV-3001232,APP-1002927,L1_Document_Exception,ANL-103,628.2,APPROVE
REV-3001233,APP-1002928,L1_Document_Exception,ANL-103,871.2,APPROVE
REV-3001234,APP-1002929,L2_AML_Sanctions,ANL-105,739.2,APPROVE
REV-3001235,APP-1002933,L1_Document_Exception,ANL-204,387.6,APPROVE
REV-3001236,APP-1002938,L1_Document_Exception,ANL-121,951.0,APPROVE
REV-3001237,APP-1002940,L1_Document_Exception,ANL-248,623.4,APPROVE
REV-3001238,APP-1002941,L1_Document_Exception,ANL-168,776.4,APPROVE
REV-3001239,APP-1002942,L1_Document_Exception,ANL-237,672.0,APPROVE
REV-3001240,APP-1002946,L1_Document_Exception,ANL-239,615.6,REQUEST_REWORK
REV-3001241,APP-1002947,L1_Document_Exception,ANL-184,349.8,REQUEST_REWORK
REV-3001242,APP-1002948,L1_Document_Exception,ANL-219,1046.4,APPROVE
REV-3001243,APP-1002951,L1_Document_Exception,ANL-168,952.8,APPROVE
REV-3001244,APP-1002955,L1_Document_Exception,ANL-200,556.8,APPROVE
REV-3001245,APP-1002957,L2_AML_Sanctions,ANL-209,219.0,APPROVE
REV-3001246,APP-1002958,L2_AML_Sanctions,ANL-124,391.2,APPROVE
REV-3001247,APP-1002965,L1_Document_Exception,ANL-165,981.6,APPROVE
REV-3001248,APP-1002966,L2_AML_Sanctions,ANL-162,615.0,REJECT
REV-3001249,APP-1002969,L1_Document_Exception,ANL-185,713.4,APPROVE
REV-3001250,APP-1002970,L1_Document_Exception,ANL-131,650.4,APPROVE
REV-3001251,APP-1002972,L1_Document_Exception,ANL-163,813.6,APPROVE
REV-3001252,APP-1002973,L2_AML_Sanctions,ANL-175,922.8,APPROVE
REV-3001253,APP-1002974,L2_AML_Sanctions,ANL-101,859.8,REJECT
REV-3001254,APP-1002975,L1_Document_Exception,ANL-120,1147.8,APPROVE
REV-3001255,APP-1002976,L1_Document_Exception,ANL-211,1437.0,APPROVE
REV-3001256,APP-1002979,L1_Document_Exception,ANL-148,1761.0,APPROVE
REV-3001257,APP-1002980,L1_Document_Exception,ANL-245,1469.4,REQUEST_REWORK
REV-3001258,APP-1002984,L2_AML_Sanctions,ANL-164,565.2,REJECT
REV-3001259,APP-1002987,L1_Document_Exception,ANL-182,237.0,APPROVE
REV-3001260,APP-1002988,L1_Document_Exception,ANL-152,639.6,APPROVE
REV-3001261,APP-1002992,L1_Document_Exception,ANL-220,953.4,APPROVE
REV-3001262,APP-1002993,L1_Document_Exception,ANL-185,993.6,APPROVE
REV-3001263,APP-1002995,L1_Document_Exception,ANL-242,964.2,APPROVE
REV-3001264,APP-1002996,L1_Document_Exception,ANL-230,522.0,APPROVE
REV-3001265,APP-1002998,L1_Document_Exception,ANL-161,1329.6,APPROVE
REV-3001266,APP-1002999,L1_Document_Exception,ANL-144,630.6,APPROVE
REV-3001267,APP-1003003,L2_AML_Sanctions,ANL-183,858.0,APPROVE
REV-3001268,APP-1003005,L1_Document_Exception,ANL-162,1284.6,APPROVE
REV-3001269,APP-1003011,L1_Document_Exception,ANL-192,631.2,APPROVE
REV-3001270,APP-1003012,L1_Document_Exception,ANL-233,312.6,APPROVE
REV-3001271,APP-1003014,L1_Document_Exception,ANL-208,998.4,APPROVE
REV-3001272,APP-1003017,L1_Document_Exception,ANL-106,668.4,APPROVE
REV-3001273,APP-1003018,L1_Document_Exception,ANL-246,1455.6,APPROVE
REV-3001274,APP-1003022,L2_AML_Sanctions,ANL-141,482.4,APPROVE
REV-3001275,APP-1003025,L1_Document_Exception,ANL-109,644.4,APPROVE
REV-3001276,APP-1003031,L1_Document_Exception,ANL-173,585.6,APPROVE
REV-3001277,APP-1003033,L1_Document_Exception,ANL-203,439.8,REQUEST_REWORK
REV-3001278,APP-1003041,L2_AML_Sanctions,ANL-170,569.4,APPROVE
REV-3001279,APP-1003042,L2_AML_Sanctions,ANL-197,511.2,APPROVE
REV-3001280,APP-1003047,L1_Document_Exception,ANL-190,1158.0,APPROVE
REV-3001281,APP-1003048,L1_Document_Exception,ANL-244,808.8,APPROVE
REV-3001282,APP-1003049,L1_Document_Exception,ANL-233,604.2,APPROVE
REV-3001283,APP-1003053,L1_Document_Exception,ANL-176,379.2,APPROVE
REV-3001284,APP-1003054,L2_AML_Sanctions,ANL-182,1884.6,APPROVE
REV-3001285,APP-1003055,L1_Document_Exception,ANL-182,934.2,APPROVE
REV-3001286,APP-1003058,L1_Document_Exception,ANL-207,1040.4,APPROVE
REV-3001287,APP-1003063,L1_Document_Exception,ANL-163,469.8,REQUEST_REWORK
REV-3001288,APP-1003064,L2_AML_Sanctions,ANL-139,486.0,APPROVE
REV-3001289,APP-1003068,L1_Document_Exception,ANL-160,1179.6,APPROVE
REV-3001290,APP-1003070,L1_Document_Exception,ANL-112,597.6,APPROVE
REV-3001291,APP-1003073,L1_Document_Exception,ANL-204,744.0,APPROVE
REV-3001292,APP-1003075,L1_Document_Exception,ANL-241,510.6,APPROVE
REV-3001293,APP-1003081,L1_Document_Exception,ANL-130,844.2,APPROVE
REV-3001294,APP-1003082,L1_Document_Exception,ANL-176,520.8,APPROVE
REV-3001295,APP-1003084,L2_AML_Sanctions,ANL-138,885.0,APPROVE
REV-3001296,APP-1003088,L2_AML_Sanctions,ANL-217,924.6,APPROVE
REV-3001297,APP-1003089,L1_Document_Exception,ANL-115,341.4,APPROVE
REV-3001298,APP-1003090,L2_AML_Sanctions,ANL-139,681.0,APPROVE
REV-3001299,APP-1003092,L2_AML_Sanctions,ANL-244,538.8,APPROVE
REV-3001300,APP-1003094,L1_Document_Exception,ANL-225,601.2,APPROVE
REV-3001301,APP-1003095,L1_Document_Exception,ANL-160,650.4,APPROVE
REV-3001302,APP-1003099,L2_AML_Sanctions,ANL-128,873.0,REQUEST_REWORK
REV-3001303,APP-1003101,L2_AML_Sanctions,ANL-127,396.0,REQUEST_REWORK
REV-3001304,APP-1003107,L1_Document_Exception,ANL-196,726.6,REJECT
REV-3001305,APP-1003110,L2_AML_Sanctions,ANL-170,722.4,REJECT
REV-3001306,APP-1003113,L1_Document_Exception,ANL-188,540.6,APPROVE
REV-3001307,APP-1003115,L1_Document_Exception,ANL-223,412.2,REQUEST_REWORK
REV-3001308,APP-1003121,L1_Document_Exception,ANL-114,581.4,APPROVE
REV-3001309,APP-1003122,L1_Document_Exception,ANL-232,572.4,REQUEST_REWORK
REV-3001310,APP-1003123,L2_AML_Sanctions,ANL-214,564.6,APPROVE
REV-3001311,APP-1003124,L2_AML_Sanctions,ANL-187,636.0,REQUEST_REWORK
REV-3001312,APP-1003125,L2_AML_Sanctions,ANL-134,567.6,APPROVE
REV-3001313,APP-1003126,L1_Document_Exception,ANL-169,543.0,REQUEST_REWORK
REV-3001314,APP-1003128,L1_Document_Exception,ANL-126,1104.0,APPROVE
REV-3001315,APP-1003130,L1_Document_Exception,ANL-214,1189.8,REQUEST_REWORK
REV-3001316,APP-1003137,L1_Document_Exception,ANL-117,784.8,APPROVE
REV-3001317,APP-1003139,L1_Document_Exception,ANL-190,427.8,APPROVE
REV-3001318,APP-1003143,L1_Document_Exception,ANL-159,763.8,APPROVE
REV-3001319,APP-1003144,L1_Document_Exception,ANL-201,751.2,REJECT
REV-3001320,APP-1003147,L1_Document_Exception,ANL-134,906.0,APPROVE
REV-3001321,APP-1003149,L2_AML_Sanctions,ANL-184,477.0,REJECT
REV-3001322,APP-1003151,L2_AML_Sanctions,ANL-129,1087.2,APPROVE
REV-3001323,APP-1003156,L1_Document_Exception,ANL-183,520.8,REQUEST_REWORK
REV-3001324,APP-1003159,L1_Document_Exception,ANL-140,642.0,REQUEST_REWORK
REV-3001325,APP-1003164,L1_Document_Exception,ANL-210,620.4,REQUEST_REWORK
REV-3001326,APP-1003166,L1_Document_Exception,ANL-111,855.0,APPROVE
REV-3001327,APP-1003168,L2_AML_Sanctions,ANL-119,558.6,APPROVE
REV-3001328,APP-1003170,L1_Document_Exception,ANL-203,579.0,APPROVE
REV-3001329,APP-1003178,L2_AML_Sanctions,ANL-216,1038.0,APPROVE
REV-3001330,APP-1003180,L2_AML_Sanctions,ANL-119,822.6,APPROVE
REV-3001331,APP-1003181,L1_Document_Exception,ANL-131,876.0,APPROVE
REV-3001332,APP-1003182,L1_Document_Exception,ANL-248,623.4,APPROVE
REV-3001333,APP-1003183,L1_Document_Exception,ANL-152,844.8,REQUEST_REWORK
REV-3001334,APP-1003184,L2_AML_Sanctions,ANL-118,1273.2,APPROVE
REV-3001335,APP-1003186,L1_Document_Exception,ANL-246,746.4,APPROVE
REV-3001336,APP-1003188,L1_Document_Exception,ANL-213,993.0,APPROVE
REV-3001337,APP-1003190,L1_Document_Exception,ANL-159,772.8,APPROVE
REV-3001338,APP-1003192,L1_Document_Exception,ANL-186,898.2,REJECT
REV-3001339,APP-1003193,L2_AML_Sanctions,ANL-126,703.8,APPROVE
REV-3001340,APP-1003195,L1_Document_Exception,ANL-144,593.4,APPROVE
REV-3001341,APP-1003196,L1_Document_Exception,ANL-134,952.2,APPROVE
REV-3001342,APP-1003198,L1_Document_Exception,ANL-238,922.2,APPROVE
REV-3001343,APP-1003201,L1_Document_Exception,ANL-190,759.0,APPROVE
REV-3001344,APP-1003202,L1_Document_Exception,ANL-145,696.0,REQUEST_REWORK
REV-3001345,APP-1003203,L1_Document_Exception,ANL-230,774.0,APPROVE
REV-3001346,APP-1003206,L2_AML_Sanctions,ANL-130,342.6,APPROVE
REV-3001347,APP-1003209,L1_Document_Exception,ANL-151,552.0,APPROVE
REV-3001348,APP-1003211,L1_Document_Exception,ANL-152,414.6,APPROVE
REV-3001349,APP-1003213,L2_AML_Sanctions,ANL-193,381.0,REJECT
REV-3001350,APP-1003215,L2_AML_Sanctions,ANL-170,430.2,REJECT
REV-3001351,APP-1003217,L1_Document_Exception,ANL-176,560.4,REQUEST_REWORK
REV-3001352,APP-1003219,L2_AML_Sanctions,ANL-228,1083.6,APPROVE
REV-3001353,APP-1003220,L1_Document_Exception,ANL-126,810.6,APPROVE
REV-3001354,APP-1003222,L1_Document_Exception,ANL-184,582.6,APPROVE
REV-3001355,APP-1003227,L2_AML_Sanctions,ANL-167,475.2,APPROVE
REV-3001356,APP-1003229,L1_Document_Exception,ANL-186,593.4,APPROVE
REV-3001357,APP-1003234,L1_Document_Exception,ANL-151,570.6,REQUEST_REWORK
REV-3001358,APP-1003237,L1_Document_Exception,ANL-191,450.6,APPROVE
REV-3001359,APP-1003238,L2_AML_Sanctions,ANL-163,702.0,APPROVE
REV-3001360,APP-1003240,L1_Document_Exception,ANL-241,786.6,APPROVE
REV-3001361,APP-1003241,L1_Document_Exception,ANL-175,466.2,APPROVE
REV-3001362,APP-1003243,L1_Document_Exception,ANL-134,1207.8,APPROVE
REV-3001363,APP-1003244,L2_AML_Sanctions,ANL-229,672.6,APPROVE
REV-3001364,APP-1003246,L1_Document_Exception,ANL-219,843.0,APPROVE
REV-3001365,APP-1003247,L1_Document_Exception,ANL-121,594.6,APPROVE
REV-3001366,APP-1003250,L2_AML_Sanctions,ANL-130,318.0,REJECT
REV-3001367,APP-1003258,L2_AML_Sanctions,ANL-156,741.0,REJECT
REV-3001368,APP-1003260,L2_AML_Sanctions,ANL-158,381.6,APPROVE
REV-3001369,APP-1003266,L1_Document_Exception,ANL-157,724.2,APPROVE
REV-3001370,APP-1003268,L1_Document_Exception,ANL-114,474.0,REQUEST_REWORK
REV-3001371,APP-1003269,L2_AML_Sanctions,ANL-172,936.6,REJECT
REV-3001372,APP-1003274,L2_AML_Sanctions,ANL-193,700.8,APPROVE
REV-3001373,APP-1003275,L1_Document_Exception,ANL-211,346.8,APPROVE
REV-3001374,APP-1003279,L1_Document_Exception,ANL-223,862.8,APPROVE
REV-3001375,APP-1003280,L1_Document_Exception,ANL-148,895.8,REQUEST_REWORK
REV-3001376,APP-1003289,L1_Document_Exception,ANL-131,588.6,APPROVE
REV-3001377,APP-1003290,L1_Document_Exception,ANL-103,791.4,APPROVE
REV-3001378,APP-1003292,L1_Document_Exception,ANL-139,612.0,APPROVE
REV-3001379,APP-1003296,L1_Document_Exception,ANL-168,361.8,APPROVE
REV-3001380,APP-1003298,L2_AML_Sanctions,ANL-199,484.8,APPROVE
REV-3001381,APP-1003300,L1_Document_Exception,ANL-198,862.8,APPROVE
REV-3001382,APP-1003301,L2_AML_Sanctions,ANL-236,585.0,REJECT
REV-3001383,APP-1003303,L1_Document_Exception,ANL-135,408.0,REQUEST_REWORK
REV-3001384,APP-1003304,L1_Document_Exception,ANL-226,1433.4,REQUEST_REWORK
REV-3001385,APP-1003308,L1_Document_Exception,ANL-197,835.8,APPROVE
REV-3001386,APP-1003309,L1_Document_Exception,ANL-213,546.0,REQUEST_REWORK
REV-3001387,APP-1003310,L1_Document_Exception,ANL-217,739.8,APPROVE
REV-3001388,APP-1003315,L2_AML_Sanctions,ANL-207,383.4,REQUEST_REWORK
REV-3001389,APP-1003318,L1_Document_Exception,ANL-240,298.8,APPROVE
REV-3001390,APP-1003319,L2_AML_Sanctions,ANL-204,896.4,APPROVE
REV-3001391,APP-1003326,L2_AML_Sanctions,ANL-135,727.2,APPROVE
REV-3001392,APP-1003328,L1_Document_Exception,ANL-165,1404.6,APPROVE
REV-3001393,APP-1003329,L1_Document_Exception,ANL-194,616.8,REQUEST_REWORK
REV-3001394,APP-1003331,L2_AML_Sanctions,ANL-238,799.2,REJECT
REV-3001395,APP-1003332,L1_Document_Exception,ANL-107,688.2,APPROVE
REV-3001396,APP-1003335,L2_AML_Sanctions,ANL-248,729.0,APPROVE
REV-3001397,APP-1003344,L1_Document_Exception,ANL-128,1384.8,APPROVE
REV-3001398,APP-1003345,L1_Document_Exception,ANL-113,876.6,APPROVE
REV-3001399,APP-1003352,L1_Document_Exception,ANL-142,1158.6,REQUEST_REWORK
REV-3001400,APP-1003353,L1_Document_Exception,ANL-114,540.0,APPROVE
REV-3001401,APP-1003355,L1_Document_Exception,ANL-221,619.8,APPROVE
REV-3001402,APP-1003356,L1_Document_Exception,ANL-137,462.6,REQUEST_REWORK
REV-3001403,APP-1003358,L2_AML_Sanctions,ANL-231,723.0,APPROVE
REV-3001404,APP-1003359,L1_Document_Exception,ANL-135,721.8,APPROVE
REV-3001405,APP-1003362,L1_Document_Exception,ANL-226,396.6,APPROVE
REV-3001406,APP-1003366,L1_Document_Exception,ANL-169,452.4,REQUEST_REWORK
REV-3001407,APP-1003370,L1_Document_Exception,ANL-202,732.6,APPROVE
REV-3001408,APP-1003371,L1_Document_Exception,ANL-243,370.8,APPROVE
REV-3001409,APP-1003372,L1_Document_Exception,ANL-213,537.6,APPROVE
REV-3001410,APP-1003375,L1_Document_Exception,ANL-129,527.4,REQUEST_REWORK
REV-3001411,APP-1003378,L2_AML_Sanctions,ANL-162,544.8,REQUEST_REWORK
REV-3001412,APP-1003380,L2_AML_Sanctions,ANL-202,543.0,APPROVE
REV-3001413,APP-1003382,L1_Document_Exception,ANL-102,887.4,APPROVE
REV-3001414,APP-1003384,L2_AML_Sanctions,ANL-135,412.2,APPROVE
REV-3001415,APP-1003386,L1_Document_Exception,ANL-191,423.6,APPROVE
REV-3001416,APP-1003387,L2_AML_Sanctions,ANL-191,495.0,REJECT
REV-3001417,APP-1003391,L1_Document_Exception,ANL-210,651.0,APPROVE
REV-3001418,APP-1003396,L2_AML_Sanctions,ANL-107,602.4,APPROVE
REV-3001419,APP-1003397,L1_Document_Exception,ANL-232,529.8,APPROVE
REV-3001420,APP-1003399,L1_Document_Exception,ANL-171,320.4,REJECT
REV-3001421,APP-1003400,L1_Document_Exception,ANL-202,924.0,APPROVE
REV-3001422,APP-1003405,L1_Document_Exception,ANL-142,468.0,APPROVE
REV-3001423,APP-1003406,L1_Document_Exception,ANL-146,663.0,APPROVE
REV-3001424,APP-1003408,L1_Document_Exception,ANL-138,450.6,APPROVE
REV-3001425,APP-1003409,L1_Document_Exception,ANL-237,1054.8,APPROVE
REV-3001426,APP-1003414,L1_Document_Exception,ANL-120,739.2,REQUEST_REWORK
REV-3001427,APP-1003417,L1_Document_Exception,ANL-132,669.6,REQUEST_REWORK
REV-3001428,APP-1003421,L1_Document_Exception,ANL-141,621.0,REQUEST_REWORK
REV-3001429,APP-1003422,L2_AML_Sanctions,ANL-238,535.8,APPROVE
REV-3001430,APP-1003423,L1_Document_Exception,ANL-131,842.4,APPROVE
REV-3001431,APP-1003426,L1_Document_Exception,ANL-109,843.6,APPROVE
REV-3001432,APP-1003445,L1_Document_Exception,ANL-162,627.0,APPROVE
REV-3001433,APP-1003447,L1_Document_Exception,ANL-242,714.6,REQUEST_REWORK
REV-3001434,APP-1003448,L2_AML_Sanctions,ANL-232,876.6,REQUEST_REWORK
REV-3001435,APP-1003449,L1_Document_Exception,ANL-146,765.0,REQUEST_REWORK
REV-3001436,APP-1003450,L1_Document_Exception,ANL-114,1827.6,REQUEST_REWORK
REV-3001437,APP-1003451,L1_Document_Exception,ANL-157,1298.4,APPROVE
REV-3001438,APP-1003452,L2_AML_Sanctions,ANL-185,804.0,APPROVE
REV-3001439,APP-1003454,L1_Document_Exception,ANL-230,552.6,REQUEST_REWORK
REV-3001440,APP-1003456,L1_Document_Exception,ANL-205,613.2,APPROVE
REV-3001441,APP-1003459,L2_AML_Sanctions,ANL-130,665.4,APPROVE
REV-3001442,APP-1003462,L2_AML_Sanctions,ANL-110,897.0,REJECT
REV-3001443,APP-1003463,L2_AML_Sanctions,ANL-217,681.6,APPROVE
REV-3001444,APP-1003465,L1_Document_Exception,ANL-117,507.0,APPROVE
REV-3001445,APP-1003467,L1_Document_Exception,ANL-178,547.8,REQUEST_REWORK
REV-3001446,APP-1003469,L1_Document_Exception,ANL-224,691.8,APPROVE
REV-3001447,APP-1003470,L2_AML_Sanctions,ANL-131,309.0,APPROVE
REV-3001448,APP-1003473,L1_Document_Exception,ANL-236,819.6,APPROVE
REV-3001449,APP-1003477,L1_Document_Exception,ANL-102,616.8,REQUEST_REWORK
REV-3001450,APP-1003481,L1_Document_Exception,ANL-195,1022.4,APPROVE
REV-3001451,APP-1003483,L1_Document_Exception,ANL-234,722.4,APPROVE
REV-3001452,APP-1003484,L1_Document_Exception,ANL-109,751.8,APPROVE
REV-3001453,APP-1003491,L1_Document_Exception,ANL-124,1097.4,REQUEST_REWORK
REV-3001454,APP-1003492,L1_Document_Exception,ANL-224,911.4,APPROVE
REV-3001455,APP-1003494,L2_AML_Sanctions,ANL-143,588.6,APPROVE
REV-3001456,APP-1003497,L2_AML_Sanctions,ANL-114,653.4,REJECT
REV-3001457,APP-1003502,L2_AML_Sanctions,ANL-140,428.4,APPROVE
REV-3001458,APP-1003505,L1_Document_Exception,ANL-171,490.8,APPROVE
REV-3001459,APP-1003507,L1_Document_Exception,ANL-111,524.4,APPROVE
REV-3001460,APP-1003508,L1_Document_Exception,ANL-203,672.0,APPROVE
REV-3001461,APP-1003509,L1_Document_Exception,ANL-245,529.2,APPROVE
REV-3001462,APP-1003512,L1_Document_Exception,ANL-164,1098.0,APPROVE
REV-3001463,APP-1003513,L1_Document_Exception,ANL-241,574.2,APPROVE
REV-3001464,APP-1003514,L1_Document_Exception,ANL-236,1060.2,REQUEST_REWORK
REV-3001465,APP-1003518,L1_Document_Exception,ANL-190,414.6,APPROVE
REV-3001466,APP-1003519,L1_Document_Exception,ANL-161,845.4,APPROVE
REV-3001467,APP-1003521,L2_AML_Sanctions,ANL-116,786.6,APPROVE
REV-3001468,APP-1003522,L2_AML_Sanctions,ANL-126,521.4,APPROVE
REV-3001469,APP-1003524,L1_Document_Exception,ANL-144,1540.8,APPROVE
REV-3001470,APP-1003525,L2_AML_Sanctions,ANL-174,497.4,APPROVE
REV-3001471,APP-1003526,L1_Document_Exception,ANL-121,507.0,APPROVE
REV-3001472,APP-1003533,L1_Document_Exception,ANL-124,1113.0,APPROVE
REV-3001473,APP-1003535,L2_AML_Sanctions,ANL-116,1109.4,APPROVE
REV-3001474,APP-1003538,L1_Document_Exception,ANL-160,1291.2,APPROVE
REV-3001475,APP-1003539,L2_AML_Sanctions,ANL-104,568.2,APPROVE
REV-3001476,APP-1003540,L1_Document_Exception,ANL-126,664.2,APPROVE
REV-3001477,APP-1003542,L1_Document_Exception,ANL-189,771.6,APPROVE
REV-3001478,APP-1003550,L1_Document_Exception,ANL-166,646.8,APPROVE
REV-3001479,APP-1003552,L2_AML_Sanctions,ANL-210,652.2,APPROVE
REV-3001480,APP-1003554,L1_Document_Exception,ANL-163,438.0,APPROVE
REV-3001481,APP-1003555,L1_Document_Exception,ANL-216,708.0,APPROVE
REV-3001482,APP-1003558,L1_Document_Exception,ANL-149,700.8,APPROVE
REV-3001483,APP-1003560,L1_Document_Exception,ANL-240,605.4,APPROVE
REV-3001484,APP-1003561,L1_Document_Exception,ANL-103,703.2,APPROVE
REV-3001485,APP-1003562,L1_Document_Exception,ANL-227,565.2,APPROVE
REV-3001486,APP-1003564,L2_AML_Sanctions,ANL-200,766.8,APPROVE
REV-3001487,APP-1003565,L1_Document_Exception,ANL-193,291.6,APPROVE
REV-3001488,APP-1003567,L1_Document_Exception,ANL-149,553.2,REQUEST_REWORK
REV-3001489,APP-1003569,L1_Document_Exception,ANL-197,336.0,APPROVE
REV-3001490,APP-1003572,L1_Document_Exception,ANL-212,1325.4,APPROVE
REV-3001491,APP-1003573,L1_Document_Exception,ANL-233,1026.6,APPROVE
REV-3001492,APP-1003585,L2_AML_Sanctions,ANL-228,559.8,APPROVE
REV-3001493,APP-1003587,L2_AML_Sanctions,ANL-113,673.8,APPROVE
REV-3001494,APP-1003589,L2_AML_Sanctions,ANL-172,1038.0,REQUEST_REWORK
REV-3001495,APP-1003592,L1_Document_Exception,ANL-248,546.6,APPROVE
REV-3001496,APP-1003593,L1_Document_Exception,ANL-145,365.4,APPROVE
REV-3001497,APP-1003594,L2_AML_Sanctions,ANL-134,444.0,APPROVE
REV-3001498,APP-1003595,L1_Document_Exception,ANL-125,798.0,APPROVE
REV-3001499,APP-1003596,L1_Document_Exception,ANL-235,548.4,APPROVE
REV-3001500,APP-1003597,L2_AML_Sanctions,ANL-219,912.6,APPROVE
REV-3001501,APP-1003599,L1_Document_Exception,ANL-138,823.8,APPROVE
REV-3001502,APP-1003600,L1_Document_Exception,ANL-123,546.6,APPROVE
REV-3001503,APP-1003602,L1_Document_Exception,ANL-123,661.8,APPROVE
REV-3001504,APP-1003604,L1_Document_Exception,ANL-119,446.4,APPROVE
REV-3001505,APP-1003606,L1_Document_Exception,ANL-175,852.6,APPROVE
REV-3001506,APP-1003607,L2_AML_Sanctions,ANL-145,591.0,APPROVE
REV-3001507,APP-1003608,L2_AML_Sanctions,ANL-155,469.2,REJECT
REV-3001508,APP-1003611,L2_AML_Sanctions,ANL-214,817.2,APPROVE
REV-3001509,APP-1003613,L1_Document_Exception,ANL-247,682.2,REQUEST_REWORK
REV-3001510,APP-1003615,L1_Document_Exception,ANL-172,879.0,APPROVE
REV-3001511,APP-1003617,L2_AML_Sanctions,ANL-106,481.2,APPROVE
REV-3001512,APP-1003620,L1_Document_Exception,ANL-109,736.2,APPROVE
REV-3001513,APP-1003626,L1_Document_Exception,ANL-159,659.4,APPROVE
REV-3001514,APP-1003627,L1_Document_Exception,ANL-129,691.8,REQUEST_REWORK
REV-3001515,APP-1003628,L1_Document_Exception,ANL-144,771.6,APPROVE
REV-3001516,APP-1003632,L1_Document_Exception,ANL-183,938.4,APPROVE
REV-3001517,APP-1003634,L2_AML_Sanctions,ANL-143,740.4,REJECT
REV-3001518,APP-1003638,L1_Document_Exception,ANL-231,520.8,APPROVE
REV-3001519,APP-1003641,L1_Document_Exception,ANL-229,304.2,APPROVE
REV-3001520,APP-1003644,L1_Document_Exception,ANL-116,153.0,APPROVE
REV-3001521,APP-1003648,L2_AML_Sanctions,ANL-196,419.4,REJECT
REV-3001522,APP-1003650,L1_Document_Exception,ANL-186,373.8,REQUEST_REWORK
REV-3001523,APP-1003658,L1_Document_Exception,ANL-172,710.4,APPROVE
REV-3001524,APP-1003660,L2_AML_Sanctions,ANL-148,486.0,APPROVE
REV-3001525,APP-1003663,L1_Document_Exception,ANL-168,348.6,APPROVE
REV-3001526,APP-1003664,L2_AML_Sanctions,ANL-248,1236.6,APPROVE
REV-3001527,APP-1003665,L1_Document_Exception,ANL-235,954.6,APPROVE
REV-3001528,APP-1003668,L1_Document_Exception,ANL-242,358.8,APPROVE
REV-3001529,APP-1003670,L1_Document_Exception,ANL-154,516.0,APPROVE
REV-3001530,APP-1003671,L1_Document_Exception,ANL-203,505.2,REQUEST_REWORK
REV-3001531,APP-1003672,L1_Document_Exception,ANL-188,456.0,APPROVE
REV-3001532,APP-1003673,L2_AML_Sanctions,ANL-111,616.8,APPROVE
REV-3001533,APP-1003676,L2_AML_Sanctions,ANL-140,677.4,REQUEST_REWORK
REV-3001534,APP-1003677,L1_Document_Exception,ANL-121,994.8,REQUEST_REWORK
REV-3001535,APP-1003678,L1_Document_Exception,ANL-168,507.0,REQUEST_REWORK
REV-3001536,APP-1003679,L1_Document_Exception,ANL-183,536.4,REQUEST_REWORK
REV-3001537,APP-1003680,L2_AML_Sanctions,ANL-237,882.0,APPROVE
REV-3001538,APP-1003687,L1_Document_Exception,ANL-152,550.8,REQUEST_REWORK
REV-3001539,APP-1003689,L1_Document_Exception,ANL-235,368.4,APPROVE
REV-3001540,APP-1003691,L1_Document_Exception,ANL-207,492.0,APPROVE
REV-3001541,APP-1003692,L2_AML_Sanctions,ANL-177,592.8,APPROVE
REV-3001542,APP-1003694,L2_AML_Sanctions,ANL-117,755.4,APPROVE
REV-3001543,APP-1003696,L2_AML_Sanctions,ANL-151,1495.2,APPROVE
REV-3001544,APP-1003697,L1_Document_Exception,ANL-131,331.8,APPROVE
REV-3001545,APP-1003703,L2_AML_Sanctions,ANL-219,609.6,APPROVE
REV-3001546,APP-1003704,L1_Document_Exception,ANL-155,1189.8,APPROVE
REV-3001547,APP-1003708,L2_AML_Sanctions,ANL-203,541.8,REQUEST_REWORK
REV-3001548,APP-1003709,L1_Document_Exception,ANL-111,1120.8,REQUEST_REWORK
REV-3001549,APP-1003715,L1_Document_Exception,ANL-235,1127.4,APPROVE
REV-3001550,APP-1003720,L1_Document_Exception,ANL-192,387.0,APPROVE
REV-3001551,APP-1003722,L1_Document_Exception,ANL-146,934.8,REQUEST_REWORK
REV-3001552,APP-1003726,L2_AML_Sanctions,ANL-158,897.0,APPROVE
REV-3001553,APP-1003727,L1_Document_Exception,ANL-205,874.8,APPROVE
REV-3001554,APP-1003730,L2_AML_Sanctions,ANL-165,515.4,APPROVE
REV-3001555,APP-1003733,L1_Document_Exception,ANL-231,622.8,APPROVE
REV-3001556,APP-1003734,L1_Document_Exception,ANL-196,1703.4,APPROVE
REV-3001557,APP-1003736,L1_Document_Exception,ANL-122,631.2,APPROVE
REV-3001558,APP-1003737,L2_AML_Sanctions,ANL-159,567.0,APPROVE
REV-3001559,APP-1003738,L1_Document_Exception,ANL-225,527.4,APPROVE
REV-3001560,APP-1003745,L1_Document_Exception,ANL-199,1020.6,APPROVE
REV-3001561,APP-1003747,L2_AML_Sanctions,ANL-195,1060.8,APPROVE
REV-3001562,APP-1003748,L1_Document_Exception,ANL-182,620.4,APPROVE
REV-3001563,APP-1003750,L2_AML_Sanctions,ANL-201,802.8,REQUEST_REWORK
REV-3001564,APP-1003751,L1_Document_Exception,ANL-210,733.2,APPROVE
REV-3001565,APP-1003757,L2_AML_Sanctions,ANL-217,463.8,APPROVE
REV-3001566,APP-1003758,L2_AML_Sanctions,ANL-190,787.2,REJECT
REV-3001567,APP-1003761,L1_Document_Exception,ANL-195,810.6,APPROVE
REV-3001568,APP-1003762,L1_Document_Exception,ANL-102,534.6,APPROVE
REV-3001569,APP-1003764,L2_AML_Sanctions,ANL-204,633.0,APPROVE
REV-3001570,APP-1003765,L2_AML_Sanctions,ANL-210,328.2,APPROVE
REV-3001571,APP-1003766,L1_Document_Exception,ANL-114,1769.4,APPROVE
REV-3001572,APP-1003767,L1_Document_Exception,ANL-140,719.4,APPROVE
REV-3001573,APP-1003771,L1_Document_Exception,ANL-104,762.6,REQUEST_REWORK
REV-3001574,APP-1003772,L1_Document_Exception,ANL-123,744.0,APPROVE
REV-3001575,APP-1003773,L2_AML_Sanctions,ANL-147,1212.0,APPROVE
REV-3001576,APP-1003779,L1_Document_Exception,ANL-102,777.0,APPROVE
REV-3001577,APP-1003782,L1_Document_Exception,ANL-136,789.6,APPROVE
REV-3001578,APP-1003783,L1_Document_Exception,ANL-161,1068.6,APPROVE
REV-3001579,APP-1003786,L1_Document_Exception,ANL-147,291.0,REQUEST_REWORK
REV-3001580,APP-1003788,L2_AML_Sanctions,ANL-168,763.2,APPROVE
REV-3001581,APP-1003792,L1_Document_Exception,ANL-169,553.8,APPROVE
REV-3001582,APP-1003793,L2_AML_Sanctions,ANL-139,301.8,APPROVE
REV-3001583,APP-1003796,L2_AML_Sanctions,ANL-174,1050.6,APPROVE
REV-3001584,APP-1003799,L2_AML_Sanctions,ANL-239,699.0,APPROVE
REV-3001585,APP-1003810,L1_Document_Exception,ANL-220,498.0,APPROVE
REV-3001586,APP-1003815,L2_AML_Sanctions,ANL-108,928.2,APPROVE
REV-3001587,APP-1003817,L2_AML_Sanctions,ANL-127,648.6,REQUEST_REWORK
REV-3001588,APP-1003819,L1_Document_Exception,ANL-235,600.0,REQUEST_REWORK
REV-3001589,APP-1003820,L1_Document_Exception,ANL-108,473.4,APPROVE
REV-3001590,APP-1003821,L2_AML_Sanctions,ANL-103,436.2,APPROVE
REV-3001591,APP-1003823,L1_Document_Exception,ANL-179,648.0,APPROVE
REV-3001592,APP-1003825,L2_AML_Sanctions,ANL-233,514.8,APPROVE
REV-3001593,APP-1003827,L2_AML_Sanctions,ANL-117,612.0,APPROVE
REV-3001594,APP-1003828,L1_Document_Exception,ANL-174,791.4,APPROVE
REV-3001595,APP-1003831,L1_Document_Exception,ANL-143,469.8,APPROVE
REV-3001596,APP-1003832,L1_Document_Exception,ANL-148,958.2,APPROVE
REV-3001597,APP-1003833,L1_Document_Exception,ANL-144,280.8,APPROVE
REV-3001598,APP-1003834,L1_Document_Exception,ANL-103,483.6,APPROVE
REV-3001599,APP-1003835,L1_Document_Exception,ANL-137,496.8,REQUEST_REWORK
REV-3001600,APP-1003838,L1_Document_Exception,ANL-238,483.6,APPROVE
REV-3001601,APP-1003839,L1_Document_Exception,ANL-127,876.0,APPROVE
REV-3001602,APP-1003846,L1_Document_Exception,ANL-194,915.0,APPROVE
REV-3001603,APP-1003847,L1_Document_Exception,ANL-167,968.4,APPROVE
REV-3001604,APP-1003848,L1_Document_Exception,ANL-248,715.8,APPROVE
REV-3001605,APP-1003849,L1_Document_Exception,ANL-127,885.0,APPROVE
REV-3001606,APP-1003850,L1_Document_Exception,ANL-154,596.4,APPROVE
REV-3001607,APP-1003851,L2_AML_Sanctions,ANL-195,819.0,APPROVE
REV-3001608,APP-1003852,L2_AML_Sanctions,ANL-222,1321.8,REQUEST_REWORK
REV-3001609,APP-1003855,L1_Document_Exception,ANL-160,285.0,REQUEST_REWORK
REV-3001610,APP-1003857,L2_AML_Sanctions,ANL-210,826.8,REQUEST_REWORK
REV-3001611,APP-1003860,L2_AML_Sanctions,ANL-183,1192.2,REJECT
REV-3001612,APP-1003864,L1_Document_Exception,ANL-191,523.2,APPROVE
REV-3001613,APP-1003871,L2_AML_Sanctions,ANL-114,583.8,APPROVE
REV-3001614,APP-1003873,L1_Document_Exception,ANL-223,536.4,REQUEST_REWORK
REV-3001615,APP-1003876,L1_Document_Exception,ANL-188,457.2,APPROVE
REV-3001616,APP-1003877,L2_AML_Sanctions,ANL-166,691.8,APPROVE
REV-3001617,APP-1003878,L1_Document_Exception,ANL-228,990.0,APPROVE
REV-3001618,APP-1003880,L1_Document_Exception,ANL-197,1113.6,APPROVE
REV-3001619,APP-1003882,L2_AML_Sanctions,ANL-189,565.8,APPROVE
REV-3001620,APP-1003883,L1_Document_Exception,ANL-121,849.6,APPROVE
REV-3001621,APP-1003887,L2_AML_Sanctions,ANL-193,448.2,APPROVE
REV-3001622,APP-1003888,L1_Document_Exception,ANL-191,1380.0,APPROVE
REV-3001623,APP-1003890,L1_Document_Exception,ANL-203,446.4,REJECT
REV-3001624,APP-1003894,L2_AML_Sanctions,ANL-226,1276.2,REJECT
REV-3001625,APP-1003896,L1_Document_Exception,ANL-121,726.6,APPROVE
REV-3001626,APP-1003900,L1_Document_Exception,ANL-127,770.4,REQUEST_REWORK
REV-3001627,APP-1003902,L1_Document_Exception,ANL-188,1017.0,APPROVE
REV-3001628,APP-1003904,L2_AML_Sanctions,ANL-105,336.6,APPROVE
REV-3001629,APP-1003905,L1_Document_Exception,ANL-227,789.6,APPROVE
REV-3001630,APP-1003906,L1_Document_Exception,ANL-109,1659.0,APPROVE
REV-3001631,APP-1003909,L2_AML_Sanctions,ANL-217,889.8,REJECT
REV-3001632,APP-1003913,L1_Document_Exception,ANL-219,424.8,APPROVE
REV-3001633,APP-1003915,L1_Document_Exception,ANL-187,296.4,APPROVE
REV-3001634,APP-1003916,L2_AML_Sanctions,ANL-116,511.8,APPROVE
REV-3001635,APP-1003918,L1_Document_Exception,ANL-137,250.2,REJECT
REV-3001636,APP-1003925,L1_Document_Exception,ANL-151,1214.4,APPROVE
REV-3001637,APP-1003926,L1_Document_Exception,ANL-161,903.6,REQUEST_REWORK
REV-3001638,APP-1003928,L1_Document_Exception,ANL-228,774.6,APPROVE
REV-3001639,APP-1003929,L1_Document_Exception,ANL-151,625.8,APPROVE
REV-3001640,APP-1003932,L2_AML_Sanctions,ANL-216,514.2,APPROVE
REV-3001641,APP-1003933,L1_Document_Exception,ANL-223,1177.2,APPROVE
REV-3001642,APP-1003936,L2_AML_Sanctions,ANL-168,690.6,APPROVE
REV-3001643,APP-1003939,L1_Document_Exception,ANL-249,1313.4,APPROVE
REV-3001644,APP-1003940,L1_Document_Exception,ANL-231,664.2,APPROVE
REV-3001645,APP-1003942,L1_Document_Exception,ANL-101,484.8,APPROVE
REV-3001646,APP-1003945,L2_AML_Sanctions,ANL-160,516.0,APPROVE
REV-3001647,APP-1003947,L2_AML_Sanctions,ANL-237,1021.2,REJECT
REV-3001648,APP-1003949,L1_Document_Exception,ANL-134,559.8,REQUEST_REWORK
REV-3001649,APP-1003952,L2_AML_Sanctions,ANL-219,720.0,REJECT
REV-3001650,APP-1003957,L1_Document_Exception,ANL-196,510.0,APPROVE
REV-3001651,APP-1003960,L1_Document_Exception,ANL-244,784.2,APPROVE
REV-3001652,APP-1003961,L1_Document_Exception,ANL-201,1385.4,APPROVE
REV-3001653,APP-1003962,L1_Document_Exception,ANL-192,1521.0,REQUEST_REWORK
REV-3001654,APP-1003963,L1_Document_Exception,ANL-127,909.0,REQUEST_REWORK
REV-3001655,APP-1003964,L2_AML_Sanctions,ANL-146,536.4,APPROVE
REV-3001656,APP-1003968,L1_Document_Exception,ANL-201,875.4,APPROVE
REV-3001657,APP-1003969,L2_AML_Sanctions,ANL-142,903.0,REQUEST_REWORK
REV-3001658,APP-1003970,L2_AML_Sanctions,ANL-187,585.6,APPROVE
REV-3001659,APP-1003971,L2_AML_Sanctions,ANL-145,711.0,APPROVE
REV-3001660,APP-1003972,L1_Document_Exception,ANL-153,640.2,APPROVE
REV-3001661,APP-1003976,L1_Document_Exception,ANL-187,1185.0,APPROVE
REV-3001662,APP-1003979,L1_Document_Exception,ANL-192,1227.6,APPROVE
REV-3001663,APP-1003980,L2_AML_Sanctions,ANL-152,639.0,APPROVE
REV-3001664,APP-1003994,L2_AML_Sanctions,ANL-181,438.6,APPROVE
REV-3001665,APP-1003996,L2_AML_Sanctions,ANL-126,1035.0,APPROVE
REV-3001666,APP-1004001,L1_Document_Exception,ANL-207,1137.0,APPROVE
REV-3001667,APP-1004005,L1_Document_Exception,ANL-134,417.6,APPROVE
REV-3001668,APP-1004006,L1_Document_Exception,ANL-115,738.6,APPROVE
REV-3001669,APP-1004007,L1_Document_Exception,ANL-189,784.2,APPROVE
REV-3001670,APP-1004009,L1_Document_Exception,ANL-209,493.2,APPROVE
REV-3001671,APP-1004010,L2_AML_Sanctions,ANL-148,885.6,REJECT
REV-3001672,APP-1004012,L1_Document_Exception,ANL-179,1129.2,REQUEST_REWORK
REV-3001673,APP-1004013,L1_Document_Exception,ANL-234,702.6,APPROVE
REV-3001674,APP-1004016,L1_Document_Exception,ANL-135,414.0,APPROVE
REV-3001675,APP-1004017,L1_Document_Exception,ANL-184,1265.4,APPROVE
REV-3001676,APP-1004019,L1_Document_Exception,ANL-230,552.6,APPROVE
REV-3001677,APP-1004022,L1_Document_Exception,ANL-223,454.2,APPROVE
REV-3001678,APP-1004023,L1_Document_Exception,ANL-181,676.2,APPROVE
REV-3001679,APP-1004029,L2_AML_Sanctions,ANL-136,871.2,APPROVE
REV-3001680,APP-1004030,L2_AML_Sanctions,ANL-231,297.6,APPROVE
REV-3001681,APP-1004031,L2_AML_Sanctions,ANL-235,629.4,REQUEST_REWORK
REV-3001682,APP-1004032,L2_AML_Sanctions,ANL-195,1663.8,REJECT
REV-3001683,APP-1004036,L2_AML_Sanctions,ANL-150,843.6,APPROVE
REV-3001684,APP-1004038,L1_Document_Exception,ANL-231,370.2,REQUEST_REWORK
REV-3001685,APP-1004039,L1_Document_Exception,ANL-148,420.0,APPROVE
REV-3001686,APP-1004043,L1_Document_Exception,ANL-135,401.4,APPROVE
REV-3001687,APP-1004044,L1_Document_Exception,ANL-230,1103.4,REQUEST_REWORK
REV-3001688,APP-1004045,L2_AML_Sanctions,ANL-127,738.6,REQUEST_REWORK
REV-3001689,APP-1004047,L1_Document_Exception,ANL-190,1002.6,APPROVE
REV-3001690,APP-1004048,L1_Document_Exception,ANL-248,907.8,APPROVE
REV-3001691,APP-1004049,L1_Document_Exception,ANL-131,704.4,APPROVE
REV-3001692,APP-1004050,L1_Document_Exception,ANL-235,429.6,REQUEST_REWORK
REV-3001693,APP-1004052,L2_AML_Sanctions,ANL-114,794.4,APPROVE
REV-3001694,APP-1004055,L2_AML_Sanctions,ANL-142,834.0,REQUEST_REWORK
REV-3001695,APP-1004062,L1_Document_Exception,ANL-131,856.2,APPROVE
REV-3001696,APP-1004063,L1_Document_Exception,ANL-200,1278.6,APPROVE
REV-3001697,APP-1004066,L1_Document_Exception,ANL-175,475.2,APPROVE
REV-3001698,APP-1004068,L1_Document_Exception,ANL-181,1036.8,APPROVE
REV-3001699,APP-1004070,L1_Document_Exception,ANL-214,532.8,REQUEST_REWORK
REV-3001700,APP-1004071,L2_AML_Sanctions,ANL-160,1187.4,REJECT
REV-3001701,APP-1004072,L1_Document_Exception,ANL-237,633.6,APPROVE
REV-3001702,APP-1004076,L2_AML_Sanctions,ANL-184,691.2,APPROVE
REV-3001703,APP-1004080,L1_Document_Exception,ANL-110,565.8,REQUEST_REWORK
REV-3001704,APP-1004082,L1_Document_Exception,ANL-135,691.8,APPROVE
REV-3001705,APP-1004083,L1_Document_Exception,ANL-211,558.0,REQUEST_REWORK
REV-3001706,APP-1004086,L2_AML_Sanctions,ANL-188,691.2,REJECT
REV-3001707,APP-1004087,L1_Document_Exception,ANL-184,413.4,REQUEST_REWORK
REV-3001708,APP-1004090,L2_AML_Sanctions,ANL-238,654.0,REQUEST_REWORK
REV-3001709,APP-1004091,L1_Document_Exception,ANL-147,995.4,REQUEST_REWORK
REV-3001710,APP-1004093,L1_Document_Exception,ANL-113,762.0,APPROVE
REV-3001711,APP-1004096,L1_Document_Exception,ANL-157,698.4,APPROVE
REV-3001712,APP-1004099,L1_Document_Exception,ANL-180,739.8,APPROVE
REV-3001713,APP-1004100,L2_AML_Sanctions,ANL-107,406.8,APPROVE
REV-3001714,APP-1004107,L1_Document_Exception,ANL-192,708.0,REQUEST_REWORK
REV-3001715,APP-1004108,L1_Document_Exception,ANL-194,371.4,APPROVE
REV-3001716,APP-1004112,L1_Document_Exception,ANL-140,1263.6,APPROVE
REV-3001717,APP-1004113,L1_Document_Exception,ANL-134,853.2,APPROVE
REV-3001718,APP-1004115,L1_Document_Exception,ANL-120,918.6,REQUEST_REWORK
REV-3001719,APP-1004120,L1_Document_Exception,ANL-151,479.4,APPROVE
REV-3001720,APP-1004121,L1_Document_Exception,ANL-115,1285.2,APPROVE
REV-3001721,APP-1004122,L2_AML_Sanctions,ANL-122,582.6,APPROVE
REV-3001722,APP-1004130,L1_Document_Exception,ANL-241,625.2,APPROVE
REV-3001723,APP-1004132,L1_Document_Exception,ANL-143,767.4,REQUEST_REWORK
REV-3001724,APP-1004133,L1_Document_Exception,ANL-181,766.8,APPROVE
REV-3001725,APP-1004135,L1_Document_Exception,ANL-104,1278.6,APPROVE
REV-3001726,APP-1004136,L1_Document_Exception,ANL-201,379.2,APPROVE
REV-3001727,APP-1004137,L1_Document_Exception,ANL-210,962.4,APPROVE
REV-3001728,APP-1004140,L1_Document_Exception,ANL-184,973.2,REJECT
REV-3001729,APP-1004142,L1_Document_Exception,ANL-177,545.4,APPROVE
REV-3001730,APP-1004143,L2_AML_Sanctions,ANL-149,552.0,APPROVE
REV-3001731,APP-1004144,L2_AML_Sanctions,ANL-145,1127.4,REJECT
REV-3001732,APP-1004145,L1_Document_Exception,ANL-127,535.8,REQUEST_REWORK
REV-3001733,APP-1004148,L2_AML_Sanctions,ANL-247,664.8,APPROVE
REV-3001734,APP-1004149,L1_Document_Exception,ANL-196,481.8,APPROVE
REV-3001735,APP-1004152,L1_Document_Exception,ANL-171,1119.0,APPROVE
REV-3001736,APP-1004153,L1_Document_Exception,ANL-168,811.8,APPROVE
REV-3001737,APP-1004154,L1_Document_Exception,ANL-178,936.0,APPROVE
REV-3001738,APP-1004163,L1_Document_Exception,ANL-218,718.8,APPROVE
REV-3001739,APP-1004165,L1_Document_Exception,ANL-130,548.4,APPROVE
REV-3001740,APP-1004168,L1_Document_Exception,ANL-135,642.6,APPROVE
REV-3001741,APP-1004171,L1_Document_Exception,ANL-226,948.0,APPROVE
REV-3001742,APP-1004173,L1_Document_Exception,ANL-196,730.2,REQUEST_REWORK
REV-3001743,APP-1004178,L2_AML_Sanctions,ANL-109,1058.4,APPROVE
REV-3001744,APP-1004179,L1_Document_Exception,ANL-122,803.4,REQUEST_REWORK
REV-3001745,APP-1004181,L2_AML_Sanctions,ANL-162,735.6,REQUEST_REWORK
REV-3001746,APP-1004184,L1_Document_Exception,ANL-211,867.6,APPROVE
REV-3001747,APP-1004186,L1_Document_Exception,ANL-159,1079.4,APPROVE
REV-3001748,APP-1004187,L1_Document_Exception,ANL-101,516.6,APPROVE
REV-3001749,APP-1004190,L1_Document_Exception,ANL-246,1101.6,APPROVE
REV-3001750,APP-1004196,L1_Document_Exception,ANL-210,1083.0,APPROVE
REV-3001751,APP-1004197,L2_AML_Sanctions,ANL-131,937.8,APPROVE
REV-3001752,APP-1004201,L1_Document_Exception,ANL-122,714.6,APPROVE
REV-3001753,APP-1004203,L1_Document_Exception,ANL-149,467.4,APPROVE
REV-3001754,APP-1004205,L1_Document_Exception,ANL-229,1334.4,APPROVE
REV-3001755,APP-1004206,L2_AML_Sanctions,ANL-170,1370.4,APPROVE
REV-3001756,APP-1004208,L1_Document_Exception,ANL-156,638.4,APPROVE
REV-3001757,APP-1004209,L1_Document_Exception,ANL-172,598.2,REQUEST_REWORK
REV-3001758,APP-1004211,L1_Document_Exception,ANL-160,1046.4,REQUEST_REWORK
REV-3001759,APP-1004212,L1_Document_Exception,ANL-128,805.8,APPROVE
REV-3001760,APP-1004213,L1_Document_Exception,ANL-103,930.6,APPROVE
REV-3001761,APP-1004215,L2_AML_Sanctions,ANL-158,1146.0,REJECT
REV-3001762,APP-1004216,L1_Document_Exception,ANL-174,750.6,APPROVE
REV-3001763,APP-1004217,L2_AML_Sanctions,ANL-179,846.6,APPROVE
REV-3001764,APP-1004223,L1_Document_Exception,ANL-114,335.4,APPROVE
REV-3001765,APP-1004224,L1_Document_Exception,ANL-171,655.2,APPROVE
REV-3001766,APP-1004227,L1_Document_Exception,ANL-195,924.0,APPROVE
REV-3001767,APP-1004230,L1_Document_Exception,ANL-242,1055.4,APPROVE
REV-3001768,APP-1004231,L2_AML_Sanctions,ANL-197,963.6,REJECT
REV-3001769,APP-1004233,L1_Document_Exception,ANL-122,456.0,APPROVE
REV-3001770,APP-1004234,L1_Document_Exception,ANL-170,892.8,APPROVE
REV-3001771,APP-1004237,L1_Document_Exception,ANL-176,478.8,APPROVE
REV-3001772,APP-1004243,L2_AML_Sanctions,ANL-185,294.6,APPROVE
REV-3001773,APP-1004249,L1_Document_Exception,ANL-125,516.6,REQUEST_REWORK
REV-3001774,APP-1004250,L1_Document_Exception,ANL-226,990.6,APPROVE
REV-3001775,APP-1004252,L1_Document_Exception,ANL-129,890.4,REQUEST_REWORK
REV-3001776,APP-1004254,L2_AML_Sanctions,ANL-213,736.8,APPROVE
REV-3001777,APP-1004256,L2_AML_Sanctions,ANL-223,712.2,REJECT
REV-3001778,APP-1004257,L1_Document_Exception,ANL-239,1687.2,APPROVE
REV-3001779,APP-1004259,L2_AML_Sanctions,ANL-218,801.6,REJECT
REV-3001780,APP-1004260,L1_Document_Exception,ANL-104,968.4,REQUEST_REWORK
REV-3001781,APP-1004262,L1_Document_Exception,ANL-151,351.6,APPROVE
REV-3001782,APP-1004265,L1_Document_Exception,ANL-134,964.8,APPROVE
REV-3001783,APP-1004266,L2_AML_Sanctions,ANL-111,966.6,APPROVE
REV-3001784,APP-1004270,L1_Document_Exception,ANL-142,819.0,REQUEST_REWORK
REV-3001785,APP-1004272,L1_Document_Exception,ANL-133,512.4,REQUEST_REWORK
REV-3001786,APP-1004274,L2_AML_Sanctions,ANL-204,501.6,APPROVE
REV-3001787,APP-1004275,L1_Document_Exception,ANL-119,727.2,REJECT
REV-3001788,APP-1004277,L1_Document_Exception,ANL-122,506.4,APPROVE
REV-3001789,APP-1004278,L1_Document_Exception,ANL-166,902.4,APPROVE
REV-3001790,APP-1004284,L1_Document_Exception,ANL-226,471.6,REQUEST_REWORK
REV-3001791,APP-1004285,L2_AML_Sanctions,ANL-192,597.0,APPROVE
REV-3001792,APP-1004287,L1_Document_Exception,ANL-163,1050.0,APPROVE
REV-3001793,APP-1004289,L2_AML_Sanctions,ANL-227,735.0,APPROVE
REV-3001794,APP-1004291,L2_AML_Sanctions,ANL-131,600.6,REJECT
REV-3001795,APP-1004293,L1_Document_Exception,ANL-141,585.0,APPROVE
REV-3001796,APP-1004295,L1_Document_Exception,ANL-240,452.4,APPROVE
REV-3001797,APP-1004297,L1_Document_Exception,ANL-185,765.0,APPROVE
REV-3001798,APP-1004298,L1_Document_Exception,ANL-221,526.8,APPROVE
REV-3001799,APP-1004299,L1_Document_Exception,ANL-209,609.0,REQUEST_REWORK
REV-3001800,APP-1004300,L1_Document_Exception,ANL-229,843.0,APPROVE
REV-3001801,APP-1004302,L2_AML_Sanctions,ANL-113,685.2,APPROVE
REV-3001802,APP-1004304,L1_Document_Exception,ANL-236,1003.8,APPROVE
REV-3001803,APP-1004305,L1_Document_Exception,ANL-127,839.4,APPROVE
REV-3001804,APP-1004307,L1_Document_Exception,ANL-209,561.6,APPROVE
REV-3001805,APP-1004308,L1_Document_Exception,ANL-146,582.0,APPROVE
REV-3001806,APP-1004311,L1_Document_Exception,ANL-201,1037.4,REQUEST_REWORK
REV-3001807,APP-1004312,L1_Document_Exception,ANL-114,587.4,APPROVE
REV-3001808,APP-1004317,L2_AML_Sanctions,ANL-210,325.8,APPROVE
REV-3001809,APP-1004318,L2_AML_Sanctions,ANL-153,279.6,REJECT
REV-3001810,APP-1004320,L1_Document_Exception,ANL-225,762.6,APPROVE
REV-3001811,APP-1004323,L1_Document_Exception,ANL-229,754.2,APPROVE
REV-3001812,APP-1004325,L1_Document_Exception,ANL-221,704.4,APPROVE
REV-3001813,APP-1004326,L1_Document_Exception,ANL-153,562.2,APPROVE
REV-3001814,APP-1004327,L1_Document_Exception,ANL-165,608.4,REQUEST_REWORK
REV-3001815,APP-1004338,L2_AML_Sanctions,ANL-245,1048.8,APPROVE
REV-3001816,APP-1004342,L2_AML_Sanctions,ANL-227,669.0,APPROVE
REV-3001817,APP-1004347,L1_Document_Exception,ANL-142,439.8,APPROVE
REV-3001818,APP-1004350,L1_Document_Exception,ANL-209,1114.2,REQUEST_REWORK
REV-3001819,APP-1004351,L1_Document_Exception,ANL-185,900.6,APPROVE
REV-3001820,APP-1004360,L1_Document_Exception,ANL-159,1143.6,APPROVE
REV-3001821,APP-1004361,L2_AML_Sanctions,ANL-166,469.2,APPROVE
REV-3001822,APP-1004364,L2_AML_Sanctions,ANL-159,558.0,REJECT
REV-3001823,APP-1004365,L1_Document_Exception,ANL-211,903.0,APPROVE
REV-3001824,APP-1004366,L1_Document_Exception,ANL-115,981.0,REQUEST_REWORK
REV-3001825,APP-1004368,L2_AML_Sanctions,ANL-124,533.4,APPROVE
REV-3001826,APP-1004370,L1_Document_Exception,ANL-210,693.6,APPROVE
REV-3001827,APP-1004375,L2_AML_Sanctions,ANL-235,713.4,REJECT
REV-3001828,APP-1004377,L1_Document_Exception,ANL-247,742.8,APPROVE
REV-3001829,APP-1004382,L2_AML_Sanctions,ANL-170,449.4,REQUEST_REWORK
REV-3001830,APP-1004383,L1_Document_Exception,ANL-242,490.2,APPROVE
REV-3001831,APP-1004385,L2_AML_Sanctions,ANL-232,598.2,APPROVE
REV-3001832,APP-1004387,L1_Document_Exception,ANL-157,708.6,APPROVE
REV-3001833,APP-1004395,L2_AML_Sanctions,ANL-152,610.2,APPROVE
REV-3001834,APP-1004396,L1_Document_Exception,ANL-213,690.0,APPROVE
REV-3001835,APP-1004399,L2_AML_Sanctions,ANL-164,342.0,APPROVE
REV-3001836,APP-1004400,L2_AML_Sanctions,ANL-192,685.2,REJECT
REV-3001837,APP-1004401,L1_Document_Exception,ANL-196,694.8,REQUEST_REWORK
REV-3001838,APP-1004402,L1_Document_Exception,ANL-194,735.6,APPROVE
REV-3001839,APP-1004403,L2_AML_Sanctions,ANL-102,816.6,APPROVE
REV-3001840,APP-1004404,L1_Document_Exception,ANL-171,823.8,APPROVE
REV-3001841,APP-1004405,L1_Document_Exception,ANL-227,1033.8,APPROVE
REV-3001842,APP-1004407,L1_Document_Exception,ANL-108,504.6,APPROVE
REV-3001843,APP-1004408,L1_Document_Exception,ANL-206,844.2,APPROVE
REV-3001844,APP-1004415,L2_AML_Sanctions,ANL-211,549.0,APPROVE
REV-3001845,APP-1004421,L1_Document_Exception,ANL-220,1090.2,APPROVE
REV-3001846,APP-1004422,L1_Document_Exception,ANL-155,1231.8,APPROVE
REV-3001847,APP-1004423,L2_AML_Sanctions,ANL-201,512.4,APPROVE
REV-3001848,APP-1004428,L1_Document_Exception,ANL-111,602.4,APPROVE
REV-3001849,APP-1004430,L1_Document_Exception,ANL-141,627.0,REQUEST_REWORK
REV-3001850,APP-1004431,L1_Document_Exception,ANL-139,384.0,APPROVE
REV-3001851,APP-1004433,L1_Document_Exception,ANL-129,636.0,APPROVE
REV-3001852,APP-1004437,L1_Document_Exception,ANL-141,468.0,APPROVE
REV-3001853,APP-1004439,L2_AML_Sanctions,ANL-206,738.6,APPROVE
REV-3001854,APP-1004440,L1_Document_Exception,ANL-103,601.2,APPROVE
REV-3001855,APP-1004443,L1_Document_Exception,ANL-208,949.8,REQUEST_REWORK
REV-3001856,APP-1004451,L1_Document_Exception,ANL-190,468.6,APPROVE
REV-3001857,APP-1004455,L2_AML_Sanctions,ANL-112,677.4,REQUEST_REWORK
REV-3001858,APP-1004456,L2_AML_Sanctions,ANL-153,645.6,REJECT
REV-3001859,APP-1004458,L1_Document_Exception,ANL-130,600.6,APPROVE
REV-3001860,APP-1004464,L1_Document_Exception,ANL-101,991.2,REQUEST_REWORK
REV-3001861,APP-1004471,L1_Document_Exception,ANL-162,585.0,REQUEST_REWORK
REV-3001862,APP-1004473,L1_Document_Exception,ANL-219,471.0,REQUEST_REWORK
REV-3001863,APP-1004476,L1_Document_Exception,ANL-207,574.2,APPROVE
REV-3001864,APP-1004480,L1_Document_Exception,ANL-202,1078.8,APPROVE
REV-3001865,APP-1004484,L1_Document_Exception,ANL-188,725.4,REQUEST_REWORK
REV-3001866,APP-1004485,L2_AML_Sanctions,ANL-220,415.8,REQUEST_REWORK
REV-3001867,APP-1004486,L1_Document_Exception,ANL-226,431.4,APPROVE
REV-3001868,APP-1004487,L1_Document_Exception,ANL-147,421.8,REQUEST_REWORK
REV-3001869,APP-1004489,L2_AML_Sanctions,ANL-192,714.6,REQUEST_REWORK
REV-3001870,APP-1004491,L1_Document_Exception,ANL-205,1442.4,REQUEST_REWORK
REV-3001871,APP-1004494,L2_AML_Sanctions,ANL-182,916.8,APPROVE
REV-3001872,APP-1004498,L1_Document_Exception,ANL-188,417.0,APPROVE
REV-3001873,APP-1004503,L1_Document_Exception,ANL-145,436.2,APPROVE
REV-3001874,APP-1004504,L1_Document_Exception,ANL-196,1170.0,APPROVE
REV-3001875,APP-1004507,L1_Document_Exception,ANL-237,1150.2,APPROVE
REV-3001876,APP-1004508,L1_Document_Exception,ANL-129,574.8,APPROVE
REV-3001877,APP-1004509,L1_Document_Exception,ANL-173,784.2,REQUEST_REWORK
REV-3001878,APP-1004512,L1_Document_Exception,ANL-154,517.8,APPROVE
REV-3001879,APP-1004513,L1_Document_Exception,ANL-183,558.6,APPROVE
REV-3001880,APP-1004514,L1_Document_Exception,ANL-189,310.8,REQUEST_REWORK
REV-3001881,APP-1004521,L1_Document_Exception,ANL-239,343.2,REQUEST_REWORK
REV-3001882,APP-1004523,L2_AML_Sanctions,ANL-199,369.0,APPROVE
REV-3001883,APP-1004524,L2_AML_Sanctions,ANL-175,510.6,APPROVE
REV-3001884,APP-1004525,L1_Document_Exception,ANL-129,474.6,APPROVE
REV-3001885,APP-1004527,L1_Document_Exception,ANL-162,808.8,APPROVE
REV-3001886,APP-1004530,L2_AML_Sanctions,ANL-235,344.4,APPROVE
REV-3001887,APP-1004531,L1_Document_Exception,ANL-174,488.4,REQUEST_REWORK
REV-3001888,APP-1004538,L1_Document_Exception,ANL-237,1024.2,REQUEST_REWORK
REV-3001889,APP-1004539,L1_Document_Exception,ANL-163,841.8,APPROVE
REV-3001890,APP-1004541,L1_Document_Exception,ANL-239,169.2,REQUEST_REWORK
REV-3001891,APP-1004542,L1_Document_Exception,ANL-242,580.8,APPROVE
REV-3001892,APP-1004543,L2_AML_Sanctions,ANL-164,760.2,APPROVE
REV-3001893,APP-1004544,L1_Document_Exception,ANL-175,630.0,APPROVE
REV-3001894,APP-1004545,L2_AML_Sanctions,ANL-152,610.2,REQUEST_REWORK
REV-3001895,APP-1004553,L1_Document_Exception,ANL-148,555.0,APPROVE
REV-3001896,APP-1004555,L1_Document_Exception,ANL-236,453.6,REQUEST_REWORK
REV-3001897,APP-1004556,L2_AML_Sanctions,ANL-142,1074.0,APPROVE
REV-3001898,APP-1004557,L2_AML_Sanctions,ANL-218,1005.0,APPROVE
REV-3001899,APP-1004559,L1_Document_Exception,ANL-243,788.4,APPROVE
REV-3001900,APP-1004560,L1_Document_Exception,ANL-227,1261.8,APPROVE
REV-3001901,APP-1004566,L2_AML_Sanctions,ANL-104,364.2,APPROVE
REV-3001902,APP-1004570,L1_Document_Exception,ANL-115,370.8,APPROVE
REV-3001903,APP-1004571,L2_AML_Sanctions,ANL-164,917.4,APPROVE
REV-3001904,APP-1004574,L1_Document_Exception,ANL-174,710.4,APPROVE
REV-3001905,APP-1004583,L2_AML_Sanctions,ANL-159,486.0,APPROVE
REV-3001906,APP-1004589,L1_Document_Exception,ANL-200,487.2,APPROVE
REV-3001907,APP-1004592,L2_AML_Sanctions,ANL-138,1265.4,APPROVE
REV-3001908,APP-1004594,L2_AML_Sanctions,ANL-242,1071.6,APPROVE
REV-3001909,APP-1004595,L1_Document_Exception,ANL-176,943.2,REQUEST_REWORK
REV-3001910,APP-1004596,L1_Document_Exception,ANL-157,726.0,APPROVE
REV-3001911,APP-1004597,L2_AML_Sanctions,ANL-184,892.8,APPROVE
REV-3001912,APP-1004601,L2_AML_Sanctions,ANL-202,404.4,REQUEST_REWORK
REV-3001913,APP-1004604,L1_Document_Exception,ANL-163,432.0,APPROVE
REV-3001914,APP-1004614,L1_Document_Exception,ANL-111,820.2,APPROVE
REV-3001915,APP-1004616,L2_AML_Sanctions,ANL-235,647.4,APPROVE
REV-3001916,APP-1004621,L1_Document_Exception,ANL-211,815.4,APPROVE
REV-3001917,APP-1004623,L2_AML_Sanctions,ANL-237,1044.0,APPROVE
REV-3001918,APP-1004624,L1_Document_Exception,ANL-148,1009.8,REQUEST_REWORK
REV-3001919,APP-1004626,L1_Document_Exception,ANL-195,837.6,APPROVE
REV-3001920,APP-1004631,L1_Document_Exception,ANL-160,466.8,APPROVE
REV-3001921,APP-1004632,L2_AML_Sanctions,ANL-118,824.4,APPROVE
REV-3001922,APP-1004634,L1_Document_Exception,ANL-147,1109.4,APPROVE
REV-3001923,APP-1004635,L1_Document_Exception,ANL-249,1198.8,REQUEST_REWORK
REV-3001924,APP-1004639,L2_AML_Sanctions,ANL-235,452.4,REQUEST_REWORK
REV-3001925,APP-1004643,L1_Document_Exception,ANL-103,462.0,REQUEST_REWORK
REV-3001926,APP-1004645,L2_AML_Sanctions,ANL-201,942.6,APPROVE
REV-3001927,APP-1004646,L1_Document_Exception,ANL-237,808.2,REQUEST_REWORK
REV-3001928,APP-1004648,L1_Document_Exception,ANL-188,642.6,APPROVE
REV-3001929,APP-1004649,L2_AML_Sanctions,ANL-137,553.2,REQUEST_REWORK
REV-3001930,APP-1004650,L2_AML_Sanctions,ANL-201,763.2,APPROVE
REV-3001931,APP-1004651,L1_Document_Exception,ANL-209,858.0,APPROVE
REV-3001932,APP-1004654,L1_Document_Exception,ANL-193,630.6,REQUEST_REWORK
REV-3001933,APP-1004655,L2_AML_Sanctions,ANL-178,189.6,APPROVE
REV-3001934,APP-1004658,L1_Document_Exception,ANL-118,733.8,APPROVE
REV-3001935,APP-1004660,L1_Document_Exception,ANL-151,679.2,APPROVE
REV-3001936,APP-1004661,L1_Document_Exception,ANL-207,857.4,APPROVE
REV-3001937,APP-1004662,L2_AML_Sanctions,ANL-116,1455.6,APPROVE
REV-3001938,APP-1004668,L2_AML_Sanctions,ANL-101,511.2,APPROVE
REV-3001939,APP-1004671,L1_Document_Exception,ANL-202,538.2,APPROVE
REV-3001940,APP-1004675,L1_Document_Exception,ANL-208,1227.6,APPROVE
REV-3001941,APP-1004679,L1_Document_Exception,ANL-170,1093.8,APPROVE
REV-3001942,APP-1004680,L1_Document_Exception,ANL-143,2160.0,REQUEST_REWORK
REV-3001943,APP-1004681,L2_AML_Sanctions,ANL-158,517.8,APPROVE
REV-3001944,APP-1004683,L2_AML_Sanctions,ANL-173,811.2,APPROVE
REV-3001945,APP-1004688,L1_Document_Exception,ANL-185,680.4,REQUEST_REWORK
REV-3001946,APP-1004689,L1_Document_Exception,ANL-217,1511.4,APPROVE
REV-3001947,APP-1004693,L1_Document_Exception,ANL-176,1036.8,APPROVE
REV-3001948,APP-1004696,L2_AML_Sanctions,ANL-245,496.2,REQUEST_REWORK
REV-3001949,APP-1004697,L1_Document_Exception,ANL-217,402.6,APPROVE
REV-3001950,APP-1004698,L1_Document_Exception,ANL-218,672.0,APPROVE
REV-3001951,APP-1004711,L2_AML_Sanctions,ANL-110,425.4,APPROVE
REV-3001952,APP-1004712,L1_Document_Exception,ANL-170,303.6,APPROVE
REV-3001953,APP-1004715,L1_Document_Exception,ANL-177,840.0,APPROVE
REV-3001954,APP-1004716,L1_Document_Exception,ANL-189,471.6,APPROVE
REV-3001955,APP-1004717,L1_Document_Exception,ANL-152,667.2,APPROVE
REV-3001956,APP-1004720,L1_Document_Exception,ANL-151,579.6,APPROVE
REV-3001957,APP-1004721,L2_AML_Sanctions,ANL-232,697.8,APPROVE
REV-3001958,APP-1004723,L2_AML_Sanctions,ANL-228,520.2,REQUEST_REWORK
REV-3001959,APP-1004729,L1_Document_Exception,ANL-137,1547.4,REQUEST_REWORK
REV-3001960,APP-1004730,L1_Document_Exception,ANL-156,735.0,APPROVE
REV-3001961,APP-1004732,L2_AML_Sanctions,ANL-216,816.6,APPROVE
REV-3001962,APP-1004739,L2_AML_Sanctions,ANL-106,390.0,APPROVE
REV-3001963,APP-1004740,L2_AML_Sanctions,ANL-213,907.8,REQUEST_REWORK
REV-3001964,APP-1004741,L1_Document_Exception,ANL-241,252.0,APPROVE
REV-3001965,APP-1004744,L1_Document_Exception,ANL-190,564.0,REQUEST_REWORK
REV-3001966,APP-1004748,L1_Document_Exception,ANL-248,586.2,APPROVE
REV-3001967,APP-1004757,L1_Document_Exception,ANL-126,371.4,REJECT
REV-3001968,APP-1004758,L1_Document_Exception,ANL-183,717.0,APPROVE
REV-3001969,APP-1004767,L1_Document_Exception,ANL-236,475.2,REQUEST_REWORK
REV-3001970,APP-1004770,L1_Document_Exception,ANL-158,575.4,REQUEST_REWORK
REV-3001971,APP-1004773,L2_AML_Sanctions,ANL-224,1291.8,APPROVE
REV-3001972,APP-1004775,L1_Document_Exception,ANL-161,1134.0,APPROVE
REV-3001973,APP-1004779,L1_Document_Exception,ANL-148,538.2,APPROVE
REV-3001974,APP-1004781,L1_Document_Exception,ANL-242,1068.6,APPROVE
REV-3001975,APP-1004784,L2_AML_Sanctions,ANL-146,894.6,APPROVE
REV-3001976,APP-1004785,L1_Document_Exception,ANL-249,429.0,APPROVE
REV-3001977,APP-1004786,L1_Document_Exception,ANL-233,783.0,APPROVE
REV-3001978,APP-1004787,L1_Document_Exception,ANL-162,759.0,APPROVE
REV-3001979,APP-1004794,L2_AML_Sanctions,ANL-127,543.6,REQUEST_REWORK
REV-3001980,APP-1004796,L1_Document_Exception,ANL-215,987.6,REQUEST_REWORK
REV-3001981,APP-1004797,L1_Document_Exception,ANL-194,537.6,REJECT
REV-3001982,APP-1004801,L1_Document_Exception,ANL-140,809.4,APPROVE
REV-3001983,APP-1004804,L2_AML_Sanctions,ANL-174,960.0,APPROVE
REV-3001984,APP-1004808,L2_AML_Sanctions,ANL-157,260.4,APPROVE
REV-3001985,APP-1004809,L1_Document_Exception,ANL-117,643.8,APPROVE
REV-3001986,APP-1004814,L1_Document_Exception,ANL-160,504.6,APPROVE
REV-3001987,APP-1004815,L1_Document_Exception,ANL-106,400.2,APPROVE
REV-3001988,APP-1004817,L1_Document_Exception,ANL-142,954.6,APPROVE
REV-3001989,APP-1004818,L1_Document_Exception,ANL-249,589.8,APPROVE
REV-3001990,APP-1004821,L1_Document_Exception,ANL-189,552.6,APPROVE
REV-3001991,APP-1004823,L1_Document_Exception,ANL-107,1096.8,APPROVE
REV-3001992,APP-1004826,L2_AML_Sanctions,ANL-227,697.8,APPROVE
REV-3001993,APP-1004828,L1_Document_Exception,ANL-227,673.8,APPROVE
REV-3001994,APP-1004830,L1_Document_Exception,ANL-218,336.0,APPROVE
REV-3001995,APP-1004831,L1_Document_Exception,ANL-224,574.2,APPROVE
REV-3001996,APP-1004833,L1_Document_Exception,ANL-210,710.4,APPROVE
REV-3001997,APP-1004834,L1_Document_Exception,ANL-246,1161.0,APPROVE
REV-3001998,APP-1004835,L1_Document_Exception,ANL-236,724.2,APPROVE
REV-3001999,APP-1004839,L2_AML_Sanctions,ANL-143,1066.8,APPROVE
REV-3002000,APP-1004840,L2_AML_Sanctions,ANL-115,591.6,REQUEST_REWORK
REV-3002001,APP-1004845,L1_Document_Exception,ANL-193,411.0,REQUEST_REWORK
REV-3002002,APP-1004849,L2_AML_Sanctions,ANL-212,384.0,APPROVE
REV-3002003,APP-1004850,L1_Document_Exception,ANL-193,1143.6,APPROVE
REV-3002004,APP-1004851,L1_Document_Exception,ANL-153,603.0,REQUEST_REWORK
REV-3002005,APP-1004852,L1_Document_Exception,ANL-232,528.0,APPROVE
REV-3002006,APP-1004853,L1_Document_Exception,ANL-128,574.2,APPROVE
REV-3002007,APP-1004857,L1_Document_Exception,ANL-200,224.4,APPROVE
REV-3002008,APP-1004859,L1_Document_Exception,ANL-168,655.8,APPROVE
REV-3002009,APP-1004863,L1_Document_Exception,ANL-215,486.0,APPROVE
REV-3002010,APP-1004865,L1_Document_Exception,ANL-221,651.6,APPROVE
REV-3002011,APP-1004868,L2_AML_Sanctions,ANL-249,927.6,APPROVE
REV-3002012,APP-1004875,L1_Document_Exception,ANL-222,697.2,APPROVE
REV-3002013,APP-1004877,L1_Document_Exception,ANL-247,555.6,APPROVE
REV-3002014,APP-1004878,L1_Document_Exception,ANL-124,760.8,APPROVE
REV-3002015,APP-1004879,L2_AML_Sanctions,ANL-189,588.6,APPROVE
REV-3002016,APP-1004882,L2_AML_Sanctions,ANL-124,662.4,REQUEST_REWORK
REV-3002017,APP-1004883,L2_AML_Sanctions,ANL-104,645.0,APPROVE
REV-3002018,APP-1004885,L2_AML_Sanctions,ANL-173,710.4,REJECT
REV-3002019,APP-1004886,L2_AML_Sanctions,ANL-106,778.2,APPROVE
REV-3002020,APP-1004887,L1_Document_Exception,ANL-174,802.8,APPROVE
REV-3002021,APP-1004889,L1_Document_Exception,ANL-189,596.4,APPROVE
REV-3002022,APP-1004897,L1_Document_Exception,ANL-220,1102.2,APPROVE
REV-3002023,APP-1004899,L1_Document_Exception,ANL-241,326.4,APPROVE
REV-3002024,APP-1004900,L2_AML_Sanctions,ANL-118,812.4,REJECT
REV-3002025,APP-1004902,L1_Document_Exception,ANL-176,588.0,APPROVE
REV-3002026,APP-1004906,L1_Document_Exception,ANL-130,667.8,APPROVE
REV-3002027,APP-1004907,L1_Document_Exception,ANL-163,540.0,APPROVE
REV-3002028,APP-1004917,L1_Document_Exception,ANL-164,626.4,APPROVE
REV-3002029,APP-1004918,L1_Document_Exception,ANL-132,557.4,APPROVE
REV-3002030,APP-1004923,L1_Document_Exception,ANL-216,279.0,APPROVE
REV-3002031,APP-1004925,L1_Document_Exception,ANL-124,305.4,APPROVE
REV-3002032,APP-1004926,L1_Document_Exception,ANL-203,466.2,APPROVE
REV-3002033,APP-1004927,L1_Document_Exception,ANL-239,540.6,APPROVE
REV-3002034,APP-1004930,L1_Document_Exception,ANL-207,907.2,APPROVE
REV-3002035,APP-1004934,L1_Document_Exception,ANL-125,446.4,REQUEST_REWORK
REV-3002036,APP-1004938,L2_AML_Sanctions,ANL-128,801.6,APPROVE
REV-3002037,APP-1004939,L2_AML_Sanctions,ANL-185,909.6,APPROVE
REV-3002038,APP-1004943,L1_Document_Exception,ANL-236,680.4,REQUEST_REWORK
REV-3002039,APP-1004946,L1_Document_Exception,ANL-150,247.2,APPROVE
REV-3002040,APP-1004948,L1_Document_Exception,ANL-177,670.8,APPROVE
REV-3002041,APP-1004949,L1_Document_Exception,ANL-172,351.6,APPROVE
REV-3002042,APP-1004950,L2_AML_Sanctions,ANL-124,408.0,APPROVE
REV-3002043,APP-1004954,L1_Document_Exception,ANL-106,1014.0,REQUEST_REWORK
REV-3002044,APP-1004955,L1_Document_Exception,ANL-185,754.8,APPROVE
REV-3002045,APP-1004959,L1_Document_Exception,ANL-161,400.2,APPROVE
REV-3002046,APP-1004969,L2_AML_Sanctions,ANL-172,798.0,APPROVE
REV-3002047,APP-1004970,L1_Document_Exception,ANL-245,601.8,REQUEST_REWORK
REV-3002048,APP-1004971,L1_Document_Exception,ANL-140,667.8,APPROVE
REV-3002049,APP-1004973,L2_AML_Sanctions,ANL-245,435.0,APPROVE
REV-3002050,APP-1004974,L1_Document_Exception,ANL-232,319.2,APPROVE
REV-3002051,APP-1004976,L2_AML_Sanctions,ANL-121,675.0,REQUEST_REWORK
REV-3002052,APP-1004986,L1_Document_Exception,ANL-149,537.0,APPROVE
REV-3002053,APP-1004987,L2_AML_Sanctions,ANL-160,1121.4,APPROVE
REV-3002054,APP-1004988,L2_AML_Sanctions,ANL-222,588.6,REQUEST_REWORK
REV-3002055,APP-1004995,L1_Document_Exception,ANL-111,406.2,REQUEST_REWORK
REV-3002056,APP-1004997,L2_AML_Sanctions,ANL-199,811.2,REJECT
REV-3002057,APP-1004999,L1_Document_Exception,ANL-144,1114.2,APPROVE
REV-3002058,APP-1005000,L1_Document_Exception,ANL-146,2160.0,APPROVE
REV-3002059,APP-1005001,L2_AML_Sanctions,ANL-139,1118.4,APPROVE
REV-3002060,APP-1005009,L1_Document_Exception,ANL-116,994.8,REQUEST_REWORK
REV-3002061,APP-1005010,L2_AML_Sanctions,ANL-154,652.8,APPROVE
REV-3002062,APP-1005013,L1_Document_Exception,ANL-135,817.8,APPROVE
REV-3002063,APP-1005014,L2_AML_Sanctions,ANL-232,725.4,REQUEST_REWORK
REV-3002064,APP-1005015,L1_Document_Exception,ANL-147,769.8,APPROVE
REV-3002065,APP-1005019,L2_AML_Sanctions,ANL-140,870.6,REJECT
REV-3002066,APP-1005022,L1_Document_Exception,ANL-223,621.0,REQUEST_REWORK
REV-3002067,APP-1005023,L2_AML_Sanctions,ANL-183,725.4,APPROVE
REV-3002068,APP-1005024,L1_Document_Exception,ANL-134,1387.2,REQUEST_REWORK
REV-3002069,APP-1005026,L1_Document_Exception,ANL-133,847.2,APPROVE
REV-3002070,APP-1005028,L2_AML_Sanctions,ANL-213,626.4,REQUEST_REWORK
REV-3002071,APP-1005029,L1_Document_Exception,ANL-183,529.8,APPROVE
REV-3002072,APP-1005030,L1_Document_Exception,ANL-174,703.2,REJECT
REV-3002073,APP-1005033,L1_Document_Exception,ANL-156,1326.6,REJECT
REV-3002074,APP-1005034,L1_Document_Exception,ANL-174,553.2,APPROVE
REV-3002075,APP-1005036,L1_Document_Exception,ANL-141,303.6,REQUEST_REWORK
REV-3002076,APP-1005038,L1_Document_Exception,ANL-151,1052.4,APPROVE
REV-3002077,APP-1005043,L1_Document_Exception,ANL-157,573.0,APPROVE
REV-3002078,APP-1005046,L1_Document_Exception,ANL-108,1099.2,APPROVE
REV-3002079,APP-1005048,L1_Document_Exception,ANL-207,1764.6,REQUEST_REWORK
REV-3002080,APP-1005051,L2_AML_Sanctions,ANL-209,326.4,APPROVE
REV-3002081,APP-1005052,L1_Document_Exception,ANL-102,826.8,REQUEST_REWORK
REV-3002082,APP-1005053,L1_Document_Exception,ANL-140,1338.6,APPROVE
REV-3002083,APP-1005055,L1_Document_Exception,ANL-130,469.8,APPROVE
REV-3002084,APP-1005056,L1_Document_Exception,ANL-115,584.4,APPROVE
REV-3002085,APP-1005059,L2_AML_Sanctions,ANL-191,261.0,APPROVE
REV-3002086,APP-1005067,L1_Document_Exception,ANL-221,487.8,APPROVE
REV-3002087,APP-1005069,L1_Document_Exception,ANL-170,517.8,APPROVE
REV-3002088,APP-1005070,L2_AML_Sanctions,ANL-205,1018.8,REJECT
REV-3002089,APP-1005071,L1_Document_Exception,ANL-247,960.0,APPROVE
REV-3002090,APP-1005073,L1_Document_Exception,ANL-123,765.0,APPROVE
REV-3002091,APP-1005079,L2_AML_Sanctions,ANL-183,931.8,REQUEST_REWORK
REV-3002092,APP-1005082,L2_AML_Sanctions,ANL-117,628.2,REQUEST_REWORK
REV-3002093,APP-1005089,L1_Document_Exception,ANL-132,1027.2,APPROVE
REV-3002094,APP-1005092,L1_Document_Exception,ANL-247,702.6,REQUEST_REWORK
REV-3002095,APP-1005093,L1_Document_Exception,ANL-162,1051.2,APPROVE
REV-3002096,APP-1005097,L1_Document_Exception,ANL-148,609.0,REQUEST_REWORK
REV-3002097,APP-1005098,L1_Document_Exception,ANL-190,592.8,APPROVE
REV-3002098,APP-1005099,L1_Document_Exception,ANL-114,597.6,APPROVE
REV-3002099,APP-1005100,L1_Document_Exception,ANL-152,561.6,APPROVE
REV-3002100,APP-1005101,L1_Document_Exception,ANL-233,718.8,APPROVE
REV-3002101,APP-1005102,L1_Document_Exception,ANL-181,1375.2,APPROVE
REV-3002102,APP-1005105,L2_AML_Sanctions,ANL-211,971.4,APPROVE
REV-3002103,APP-1005108,L2_AML_Sanctions,ANL-178,1077.0,APPROVE
REV-3002104,APP-1005115,L1_Document_Exception,ANL-103,432.6,REQUEST_REWORK
REV-3002105,APP-1005116,L1_Document_Exception,ANL-158,564.6,APPROVE
REV-3002106,APP-1005117,L1_Document_Exception,ANL-163,619.8,REQUEST_REWORK
REV-3002107,APP-1005124,L1_Document_Exception,ANL-214,439.2,APPROVE
REV-3002108,APP-1005125,L1_Document_Exception,ANL-192,319.8,APPROVE
REV-3002109,APP-1005127,L2_AML_Sanctions,ANL-114,960.0,REQUEST_REWORK
REV-3002110,APP-1005129,L1_Document_Exception,ANL-238,814.8,APPROVE
REV-3002111,APP-1005132,L1_Document_Exception,ANL-129,903.6,APPROVE
REV-3002112,APP-1005133,L2_AML_Sanctions,ANL-183,1179.6,REQUEST_REWORK
REV-3002113,APP-1005135,L1_Document_Exception,ANL-197,545.4,APPROVE
REV-3002114,APP-1005138,L1_Document_Exception,ANL-197,334.2,REQUEST_REWORK
REV-3002115,APP-1005139,L2_AML_Sanctions,ANL-195,854.4,APPROVE
REV-3002116,APP-1005140,L2_AML_Sanctions,ANL-194,697.2,REJECT
REV-3002117,APP-1005141,L1_Document_Exception,ANL-154,575.4,APPROVE
REV-3002118,APP-1005143,L2_AML_Sanctions,ANL-149,546.6,APPROVE
REV-3002119,APP-1005145,L1_Document_Exception,ANL-108,1348.2,APPROVE
REV-3002120,APP-1005146,L1_Document_Exception,ANL-189,829.2,REQUEST_REWORK
REV-3002121,APP-1005147,L1_Document_Exception,ANL-236,1063.8,APPROVE
REV-3002122,APP-1005152,L1_Document_Exception,ANL-122,370.8,APPROVE
REV-3002123,APP-1005154,L2_AML_Sanctions,ANL-164,654.6,REQUEST_REWORK
REV-3002124,APP-1005157,L1_Document_Exception,ANL-200,717.0,REQUEST_REWORK
REV-3002125,APP-1005158,L2_AML_Sanctions,ANL-205,588.0,APPROVE
REV-3002126,APP-1005160,L2_AML_Sanctions,ANL-156,279.6,REJECT
REV-3002127,APP-1005162,L2_AML_Sanctions,ANL-218,471.6,APPROVE
REV-3002128,APP-1005164,L1_Document_Exception,ANL-220,373.2,APPROVE
REV-3002129,APP-1005166,L1_Document_Exception,ANL-121,583.2,REQUEST_REWORK
REV-3002130,APP-1005170,L1_Document_Exception,ANL-140,1364.4,APPROVE
REV-3002131,APP-1005171,L2_AML_Sanctions,ANL-235,550.8,APPROVE
REV-3002132,APP-1005174,L2_AML_Sanctions,ANL-185,405.0,REJECT
REV-3002133,APP-1005175,L2_AML_Sanctions,ANL-127,1312.2,APPROVE
REV-3002134,APP-1005177,L1_Document_Exception,ANL-163,440.4,APPROVE
REV-3002135,APP-1005179,L1_Document_Exception,ANL-243,429.0,APPROVE
REV-3002136,APP-1005181,L2_AML_Sanctions,ANL-222,625.8,REQUEST_REWORK
REV-3002137,APP-1005184,L1_Document_Exception,ANL-215,818.4,REQUEST_REWORK
REV-3002138,APP-1005185,L2_AML_Sanctions,ANL-172,326.4,REJECT
REV-3002139,APP-1005187,L2_AML_Sanctions,ANL-160,1376.4,APPROVE
REV-3002140,APP-1005189,L1_Document_Exception,ANL-106,411.6,APPROVE
REV-3002141,APP-1005191,L1_Document_Exception,ANL-179,798.0,REQUEST_REWORK
REV-3002142,APP-1005200,L1_Document_Exception,ANL-107,562.8,APPROVE
REV-3002143,APP-1005201,L1_Document_Exception,ANL-132,1076.4,APPROVE
REV-3002144,APP-1005202,L1_Document_Exception,ANL-141,1080.0,APPROVE
REV-3002145,APP-1005203,L1_Document_Exception,ANL-115,642.6,REQUEST_REWORK
REV-3002146,APP-1005204,L1_Document_Exception,ANL-104,918.0,APPROVE
REV-3002147,APP-1005205,L1_Document_Exception,ANL-163,1086.6,REQUEST_REWORK
REV-3002148,APP-1005208,L1_Document_Exception,ANL-245,813.6,APPROVE
REV-3002149,APP-1005210,L1_Document_Exception,ANL-106,522.0,APPROVE
REV-3002150,APP-1005214,L2_AML_Sanctions,ANL-190,661.2,APPROVE
REV-3002151,APP-1005216,L2_AML_Sanctions,ANL-195,440.4,REJECT
REV-3002152,APP-1005217,L2_AML_Sanctions,ANL-214,496.8,APPROVE
REV-3002153,APP-1005221,L2_AML_Sanctions,ANL-128,645.6,APPROVE
REV-3002154,APP-1005226,L1_Document_Exception,ANL-206,397.2,APPROVE
REV-3002155,APP-1005228,L2_AML_Sanctions,ANL-179,769.2,REQUEST_REWORK
REV-3002156,APP-1005229,L1_Document_Exception,ANL-218,634.8,APPROVE
REV-3002157,APP-1005230,L1_Document_Exception,ANL-191,562.8,APPROVE
REV-3002158,APP-1005234,L1_Document_Exception,ANL-119,789.0,APPROVE
REV-3002159,APP-1005236,L2_AML_Sanctions,ANL-214,814.2,APPROVE
REV-3002160,APP-1005237,L1_Document_Exception,ANL-179,589.2,APPROVE
REV-3002161,APP-1005243,L1_Document_Exception,ANL-129,618.0,APPROVE
REV-3002162,APP-1005247,L2_AML_Sanctions,ANL-225,976.8,APPROVE
REV-3002163,APP-1005251,L1_Document_Exception,ANL-226,536.4,APPROVE
REV-3002164,APP-1005252,L1_Document_Exception,ANL-126,448.2,REQUEST_REWORK
REV-3002165,APP-1005253,L1_Document_Exception,ANL-143,675.6,REQUEST_REWORK
REV-3002166,APP-1005256,L1_Document_Exception,ANL-225,295.8,REQUEST_REWORK
REV-3002167,APP-1005260,L1_Document_Exception,ANL-103,354.6,APPROVE
REV-3002168,APP-1005262,L2_AML_Sanctions,ANL-237,837.6,APPROVE
REV-3002169,APP-1005264,L2_AML_Sanctions,ANL-162,504.0,APPROVE
REV-3002170,APP-1005271,L1_Document_Exception,ANL-149,804.6,REQUEST_REWORK
REV-3002171,APP-1005273,L1_Document_Exception,ANL-231,750.0,APPROVE
REV-3002172,APP-1005277,L2_AML_Sanctions,ANL-159,794.4,APPROVE
REV-3002173,APP-1005279,L1_Document_Exception,ANL-144,777.0,APPROVE
REV-3002174,APP-1005286,L1_Document_Exception,ANL-228,403.2,APPROVE
REV-3002175,APP-1005288,L1_Document_Exception,ANL-205,413.4,REQUEST_REWORK
REV-3002176,APP-1005289,L2_AML_Sanctions,ANL-117,820.8,APPROVE
REV-3002177,APP-1005292,L1_Document_Exception,ANL-121,592.2,APPROVE
REV-3002178,APP-1005295,L1_Document_Exception,ANL-178,2160.0,REJECT
REV-3002179,APP-1005299,L1_Document_Exception,ANL-108,564.0,APPROVE
REV-3002180,APP-1005300,L2_AML_Sanctions,ANL-129,905.4,APPROVE
REV-3002181,APP-1005303,L2_AML_Sanctions,ANL-179,676.2,REQUEST_REWORK
REV-3002182,APP-1005305,L1_Document_Exception,ANL-249,884.4,REQUEST_REWORK
REV-3002183,APP-1005306,L1_Document_Exception,ANL-170,323.4,APPROVE
REV-3002184,APP-1005314,L1_Document_Exception,ANL-110,1206.6,APPROVE
REV-3002185,APP-1005323,L1_Document_Exception,ANL-147,450.6,REJECT
REV-3002186,APP-1005325,L1_Document_Exception,ANL-102,654.0,APPROVE
REV-3002187,APP-1005328,L2_AML_Sanctions,ANL-209,765.0,APPROVE
REV-3002188,APP-1005332,L1_Document_Exception,ANL-106,374.4,APPROVE
REV-3002189,APP-1005333,L1_Document_Exception,ANL-182,500.4,APPROVE
REV-3002190,APP-1005334,L1_Document_Exception,ANL-133,716.4,REQUEST_REWORK
REV-3002191,APP-1005343,L2_AML_Sanctions,ANL-198,827.4,APPROVE
REV-3002192,APP-1005344,L1_Document_Exception,ANL-107,562.2,APPROVE
REV-3002193,APP-1005351,L1_Document_Exception,ANL-102,669.0,APPROVE
REV-3002194,APP-1005352,L1_Document_Exception,ANL-103,550.2,REQUEST_REWORK
REV-3002195,APP-1005353,L1_Document_Exception,ANL-247,1113.0,REQUEST_REWORK
REV-3002196,APP-1005359,L2_AML_Sanctions,ANL-196,454.8,APPROVE
REV-3002197,APP-1005360,L1_Document_Exception,ANL-210,2041.8,APPROVE
REV-3002198,APP-1005365,L1_Document_Exception,ANL-161,567.6,APPROVE
REV-3002199,APP-1005368,L1_Document_Exception,ANL-101,876.6,APPROVE
REV-3002200,APP-1005369,L1_Document_Exception,ANL-163,1381.2,REQUEST_REWORK
REV-3002201,APP-1005371,L1_Document_Exception,ANL-203,843.0,APPROVE
REV-3002202,APP-1005372,L1_Document_Exception,ANL-234,512.4,APPROVE
REV-3002203,APP-1005374,L1_Document_Exception,ANL-205,514.2,REQUEST_REWORK
REV-3002204,APP-1005375,L2_AML_Sanctions,ANL-167,841.8,APPROVE
REV-3002205,APP-1005380,L1_Document_Exception,ANL-227,1162.2,APPROVE
REV-3002206,APP-1005383,L1_Document_Exception,ANL-176,449.4,APPROVE
REV-3002207,APP-1005386,L1_Document_Exception,ANL-229,670.2,APPROVE
REV-3002208,APP-1005387,L1_Document_Exception,ANL-110,1242.6,APPROVE
REV-3002209,APP-1005388,L1_Document_Exception,ANL-111,715.2,REQUEST_REWORK
REV-3002210,APP-1005390,L2_AML_Sanctions,ANL-249,472.2,APPROVE
REV-3002211,APP-1005392,L1_Document_Exception,ANL-104,964.2,APPROVE
REV-3002212,APP-1005397,L2_AML_Sanctions,ANL-219,1024.8,APPROVE
REV-3002213,APP-1005398,L1_Document_Exception,ANL-138,816.6,APPROVE
REV-3002214,APP-1005399,L1_Document_Exception,ANL-229,1122.6,APPROVE
REV-3002215,APP-1005400,L1_Document_Exception,ANL-218,657.6,APPROVE
REV-3002216,APP-1005401,L2_AML_Sanctions,ANL-131,420.6,APPROVE
REV-3002217,APP-1005405,L1_Document_Exception,ANL-141,776.4,APPROVE
REV-3002218,APP-1005409,L1_Document_Exception,ANL-148,1149.0,APPROVE
REV-3002219,APP-1005410,L1_Document_Exception,ANL-227,294.0,APPROVE
REV-3002220,APP-1005411,L1_Document_Exception,ANL-189,787.2,REQUEST_REWORK
REV-3002221,APP-1005414,L1_Document_Exception,ANL-110,651.0,APPROVE
REV-3002222,APP-1005415,L1_Document_Exception,ANL-209,768.0,APPROVE
REV-3002223,APP-1005416,L1_Document_Exception,ANL-208,205.8,REQUEST_REWORK
REV-3002224,APP-1005417,L2_AML_Sanctions,ANL-141,279.0,APPROVE
REV-3002225,APP-1005420,L1_Document_Exception,ANL-148,450.6,APPROVE
REV-3002226,APP-1005424,L1_Document_Exception,ANL-122,1017.0,APPROVE
REV-3002227,APP-1005428,L1_Document_Exception,ANL-225,637.8,APPROVE
REV-3002228,APP-1005429,L1_Document_Exception,ANL-141,487.8,APPROVE
REV-3002229,APP-1005432,L2_AML_Sanctions,ANL-215,592.8,APPROVE
REV-3002230,APP-1005440,L1_Document_Exception,ANL-115,1245.6,APPROVE
REV-3002231,APP-1005441,L1_Document_Exception,ANL-160,504.0,APPROVE
REV-3002232,APP-1005442,L2_AML_Sanctions,ANL-192,756.0,APPROVE
REV-3002233,APP-1005443,L1_Document_Exception,ANL-228,715.8,REQUEST_REWORK
REV-3002234,APP-1005444,L1_Document_Exception,ANL-241,1230.0,APPROVE
REV-3002235,APP-1005447,L1_Document_Exception,ANL-173,741.6,REQUEST_REWORK
REV-3002236,APP-1005448,L1_Document_Exception,ANL-247,832.2,APPROVE
REV-3002237,APP-1005449,L1_Document_Exception,ANL-238,672.0,APPROVE
REV-3002238,APP-1005452,L2_AML_Sanctions,ANL-110,658.8,REQUEST_REWORK
REV-3002239,APP-1005455,L1_Document_Exception,ANL-117,1056.6,APPROVE
REV-3002240,APP-1005457,L1_Document_Exception,ANL-192,645.0,APPROVE
REV-3002241,APP-1005458,L1_Document_Exception,ANL-245,803.4,APPROVE
REV-3002242,APP-1005460,L1_Document_Exception,ANL-183,811.8,APPROVE
REV-3002243,APP-1005463,L1_Document_Exception,ANL-188,988.8,APPROVE
REV-3002244,APP-1005464,L1_Document_Exception,ANL-124,414.6,REQUEST_REWORK
REV-3002245,APP-1005466,L2_AML_Sanctions,ANL-133,858.0,APPROVE
REV-3002246,APP-1005478,L1_Document_Exception,ANL-207,1068.6,APPROVE
REV-3002247,APP-1005490,L1_Document_Exception,ANL-181,352.8,REQUEST_REWORK
REV-3002248,APP-1005491,L1_Document_Exception,ANL-146,750.6,APPROVE
REV-3002249,APP-1005493,L2_AML_Sanctions,ANL-121,664.2,APPROVE
REV-3002250,APP-1005494,L1_Document_Exception,ANL-174,1710.0,REQUEST_REWORK
REV-3002251,APP-1005496,L1_Document_Exception,ANL-198,1086.0,REQUEST_REWORK
REV-3002252,APP-1005497,L1_Document_Exception,ANL-149,919.2,APPROVE
REV-3002253,APP-1005498,L2_AML_Sanctions,ANL-127,886.8,APPROVE
REV-3002254,APP-1005499,L1_Document_Exception,ANL-124,969.0,REQUEST_REWORK
REV-3002255,APP-1005504,L1_Document_Exception,ANL-107,330.6,REQUEST_REWORK
REV-3002256,APP-1005505,L1_Document_Exception,ANL-165,658.2,APPROVE
REV-3002257,APP-1005509,L1_Document_Exception,ANL-233,570.0,APPROVE
REV-3002258,APP-1005510,L1_Document_Exception,ANL-241,669.6,APPROVE
REV-3002259,APP-1005518,L1_Document_Exception,ANL-220,945.6,REQUEST_REWORK
REV-3002260,APP-1005520,L1_Document_Exception,ANL-245,698.4,APPROVE
REV-3002261,APP-1005521,L1_Document_Exception,ANL-124,568.8,APPROVE
REV-3002262,APP-1005523,L1_Document_Exception,ANL-124,983.4,APPROVE
REV-3002263,APP-1005524,L1_Document_Exception,ANL-151,615.0,APPROVE
REV-3002264,APP-1005525,L1_Document_Exception,ANL-218,679.8,APPROVE
REV-3002265,APP-1005527,L1_Document_Exception,ANL-176,901.2,APPROVE
REV-3002266,APP-1005529,L2_AML_Sanctions,ANL-143,631.8,APPROVE
REV-3002267,APP-1005532,L1_Document_Exception,ANL-128,703.2,APPROVE
REV-3002268,APP-1005533,L1_Document_Exception,ANL-169,566.4,APPROVE
REV-3002269,APP-1005534,L1_Document_Exception,ANL-210,1359.6,APPROVE
REV-3002270,APP-1005539,L2_AML_Sanctions,ANL-192,532.8,APPROVE
REV-3002271,APP-1005546,L1_Document_Exception,ANL-218,742.8,APPROVE
REV-3002272,APP-1005550,L1_Document_Exception,ANL-207,750.6,APPROVE
REV-3002273,APP-1005552,L1_Document_Exception,ANL-116,466.8,APPROVE
REV-3002274,APP-1005553,L1_Document_Exception,ANL-195,529.8,APPROVE
REV-3002275,APP-1005554,L1_Document_Exception,ANL-144,381.6,APPROVE
REV-3002276,APP-1005557,L2_AML_Sanctions,ANL-189,562.8,REJECT
REV-3002277,APP-1005558,L1_Document_Exception,ANL-188,675.0,APPROVE
REV-3002278,APP-1005559,L2_AML_Sanctions,ANL-109,795.6,APPROVE
REV-3002279,APP-1005560,L1_Document_Exception,ANL-140,746.4,REQUEST_REWORK
REV-3002280,APP-1005561,L1_Document_Exception,ANL-144,306.6,APPROVE
REV-3002281,APP-1005564,L2_AML_Sanctions,ANL-242,753.6,APPROVE
REV-3002282,APP-1005567,L2_AML_Sanctions,ANL-151,453.6,APPROVE
REV-3002283,APP-1005571,L1_Document_Exception,ANL-238,540.0,APPROVE
REV-3002284,APP-1005573,L1_Document_Exception,ANL-215,570.0,APPROVE
REV-3002285,APP-1005574,L1_Document_Exception,ANL-174,336.6,APPROVE
REV-3002286,APP-1005575,L1_Document_Exception,ANL-221,960.0,APPROVE
REV-3002287,APP-1005576,L2_AML_Sanctions,ANL-121,354.6,REJECT
REV-3002288,APP-1005577,L1_Document_Exception,ANL-135,475.8,APPROVE
REV-3002289,APP-1005580,L1_Document_Exception,ANL-201,292.8,APPROVE
REV-3002290,APP-1005582,L1_Document_Exception,ANL-190,773.4,APPROVE
REV-3002291,APP-1005584,L1_Document_Exception,ANL-242,354.6,APPROVE
REV-3002292,APP-1005585,L1_Document_Exception,ANL-177,1003.8,APPROVE
REV-3002293,APP-1005586,L1_Document_Exception,ANL-207,542.4,REQUEST_REWORK
REV-3002294,APP-1005587,L1_Document_Exception,ANL-125,498.6,APPROVE
REV-3002295,APP-1005600,L1_Document_Exception,ANL-185,1161.0,REQUEST_REWORK
REV-3002296,APP-1005603,L1_Document_Exception,ANL-217,430.8,APPROVE
REV-3002297,APP-1005604,L1_Document_Exception,ANL-166,351.0,REQUEST_REWORK
REV-3002298,APP-1005605,L2_AML_Sanctions,ANL-245,768.6,APPROVE
REV-3002299,APP-1005607,L1_Document_Exception,ANL-126,1056.6,APPROVE
REV-3002300,APP-1005609,L1_Document_Exception,ANL-165,311.4,REQUEST_REWORK
REV-3002301,APP-1005612,L1_Document_Exception,ANL-200,1629.0,REQUEST_REWORK
REV-3002302,APP-1005617,L1_Document_Exception,ANL-246,612.6,APPROVE
REV-3002303,APP-1005621,L1_Document_Exception,ANL-138,869.4,APPROVE
REV-3002304,APP-1005623,L2_AML_Sanctions,ANL-157,879.6,APPROVE
REV-3002305,APP-1005624,L1_Document_Exception,ANL-137,542.4,REQUEST_REWORK
REV-3002306,APP-1005625,L1_Document_Exception,ANL-114,399.0,REQUEST_REWORK
REV-3002307,APP-1005630,L2_AML_Sanctions,ANL-218,796.2,APPROVE
REV-3002308,APP-1005631,L1_Document_Exception,ANL-132,510.0,APPROVE
REV-3002309,APP-1005633,L2_AML_Sanctions,ANL-198,922.8,APPROVE
REV-3002310,APP-1005635,L1_Document_Exception,ANL-164,651.6,REQUEST_REWORK
REV-3002311,APP-1005636,L1_Document_Exception,ANL-122,657.6,APPROVE
REV-3002312,APP-1005639,L2_AML_Sanctions,ANL-181,964.2,APPROVE
REV-3002313,APP-1005642,L1_Document_Exception,ANL-223,603.6,APPROVE
REV-3002314,APP-1005643,L1_Document_Exception,ANL-206,1041.0,APPROVE
REV-3002315,APP-1005644,L1_Document_Exception,ANL-218,699.6,APPROVE
REV-3002316,APP-1005646,L1_Document_Exception,ANL-181,605.4,APPROVE
REV-3002317,APP-1005647,L1_Document_Exception,ANL-135,460.8,APPROVE
REV-3002318,APP-1005651,L1_Document_Exception,ANL-170,1085.4,APPROVE
REV-3002319,APP-1005652,L1_Document_Exception,ANL-163,507.0,APPROVE
REV-3002320,APP-1005653,L2_AML_Sanctions,ANL-157,765.6,APPROVE
REV-3002321,APP-1005656,L1_Document_Exception,ANL-155,307.2,APPROVE
REV-3002322,APP-1005662,L1_Document_Exception,ANL-207,709.8,APPROVE
REV-3002323,APP-1005663,L1_Document_Exception,ANL-120,1753.2,APPROVE
REV-3002324,APP-1005665,L2_AML_Sanctions,ANL-124,537.6,APPROVE
REV-3002325,APP-1005667,L1_Document_Exception,ANL-138,1179.6,APPROVE
REV-3002326,APP-1005669,L2_AML_Sanctions,ANL-106,489.6,APPROVE
REV-3002327,APP-1005672,L1_Document_Exception,ANL-220,583.2,REQUEST_REWORK
REV-3002328,APP-1005674,L1_Document_Exception,ANL-116,775.8,APPROVE
REV-3002329,APP-1005680,L2_AML_Sanctions,ANL-124,463.2,APPROVE
REV-3002330,APP-1005685,L1_Document_Exception,ANL-161,481.2,APPROVE
REV-3002331,APP-1005686,L1_Document_Exception,ANL-190,565.8,APPROVE
REV-3002332,APP-1005687,L1_Document_Exception,ANL-146,835.2,APPROVE
REV-3002333,APP-1005690,L1_Document_Exception,ANL-244,564.6,REJECT
REV-3002334,APP-1005693,L1_Document_Exception,ANL-159,482.4,APPROVE
REV-3002335,APP-1005695,L2_AML_Sanctions,ANL-202,338.4,APPROVE
REV-3002336,APP-1005701,L1_Document_Exception,ANL-196,439.2,APPROVE
REV-3002337,APP-1005702,L2_AML_Sanctions,ANL-236,868.8,APPROVE
REV-3002338,APP-1005703,L1_Document_Exception,ANL-172,718.2,APPROVE
REV-3002339,APP-1005704,L2_AML_Sanctions,ANL-245,723.0,APPROVE
REV-3002340,APP-1005705,L1_Document_Exception,ANL-196,723.6,APPROVE
REV-3002341,APP-1005706,L1_Document_Exception,ANL-156,674.4,APPROVE
REV-3002342,APP-1005715,L1_Document_Exception,ANL-134,570.6,APPROVE
REV-3002343,APP-1005717,L1_Document_Exception,ANL-235,990.0,APPROVE
REV-3002344,APP-1005718,L1_Document_Exception,ANL-189,628.8,APPROVE
REV-3002345,APP-1005723,L1_Document_Exception,ANL-224,450.6,REQUEST_REWORK
REV-3002346,APP-1005724,L1_Document_Exception,ANL-128,494.4,REQUEST_REWORK
REV-3002347,APP-1005730,L1_Document_Exception,ANL-216,454.2,APPROVE
REV-3002348,APP-1005733,L1_Document_Exception,ANL-227,652.2,APPROVE
REV-3002349,APP-1005734,L2_AML_Sanctions,ANL-199,574.2,APPROVE
REV-3002350,APP-1005736,L2_AML_Sanctions,ANL-151,913.8,APPROVE
REV-3002351,APP-1005738,L1_Document_Exception,ANL-241,888.6,APPROVE
REV-3002352,APP-1005742,L2_AML_Sanctions,ANL-191,824.4,APPROVE
REV-3002353,APP-1005743,L1_Document_Exception,ANL-154,853.2,APPROVE
REV-3002354,APP-1005745,L2_AML_Sanctions,ANL-138,311.4,APPROVE
REV-3002355,APP-1005746,L2_AML_Sanctions,ANL-242,579.0,APPROVE
REV-3002356,APP-1005747,L2_AML_Sanctions,ANL-231,340.2,APPROVE
REV-3002357,APP-1005748,L1_Document_Exception,ANL-221,586.8,APPROVE
REV-3002358,APP-1005749,L2_AML_Sanctions,ANL-184,916.2,APPROVE
REV-3002359,APP-1005751,L1_Document_Exception,ANL-247,776.4,REQUEST_REWORK
REV-3002360,APP-1005761,L1_Document_Exception,ANL-249,767.4,APPROVE
REV-3002361,APP-1005763,L2_AML_Sanctions,ANL-143,1155.6,REQUEST_REWORK
REV-3002362,APP-1005764,L2_AML_Sanctions,ANL-184,511.2,APPROVE
REV-3002363,APP-1005767,L1_Document_Exception,ANL-210,1254.0,REQUEST_REWORK
REV-3002364,APP-1005768,L1_Document_Exception,ANL-202,837.0,APPROVE
REV-3002365,APP-1005771,L1_Document_Exception,ANL-238,799.8,APPROVE
REV-3002366,APP-1005773,L1_Document_Exception,ANL-243,640.8,APPROVE
REV-3002367,APP-1005774,L1_Document_Exception,ANL-213,574.8,APPROVE
REV-3002368,APP-1005775,L1_Document_Exception,ANL-223,771.6,APPROVE
REV-3002369,APP-1005776,L1_Document_Exception,ANL-164,1467.0,APPROVE
REV-3002370,APP-1005780,L2_AML_Sanctions,ANL-163,902.4,REQUEST_REWORK
REV-3002371,APP-1005781,L1_Document_Exception,ANL-209,491.4,APPROVE
REV-3002372,APP-1005782,L1_Document_Exception,ANL-187,590.4,APPROVE
REV-3002373,APP-1005784,L1_Document_Exception,ANL-204,556.8,APPROVE
REV-3002374,APP-1005786,L2_AML_Sanctions,ANL-116,1048.2,APPROVE
REV-3002375,APP-1005787,L1_Document_Exception,ANL-137,454.2,REQUEST_REWORK
REV-3002376,APP-1005788,L1_Document_Exception,ANL-186,720.0,APPROVE
REV-3002377,APP-1005793,L1_Document_Exception,ANL-240,701.4,APPROVE
REV-3002378,APP-1005795,L2_AML_Sanctions,ANL-167,634.2,APPROVE
REV-3002379,APP-1005796,L1_Document_Exception,ANL-180,832.2,APPROVE
REV-3002380,APP-1005797,L1_Document_Exception,ANL-225,1156.2,APPROVE
REV-3002381,APP-1005799,L1_Document_Exception,ANL-181,558.0,APPROVE
REV-3002382,APP-1005803,L1_Document_Exception,ANL-144,1217.4,REQUEST_REWORK
REV-3002383,APP-1005806,L1_Document_Exception,ANL-110,706.2,APPROVE
REV-3002384,APP-1005808,L1_Document_Exception,ANL-225,394.2,REJECT
REV-3002385,APP-1005810,L1_Document_Exception,ANL-129,688.2,APPROVE
REV-3002386,APP-1005812,L2_AML_Sanctions,ANL-214,743.4,APPROVE
REV-3002387,APP-1005816,L2_AML_Sanctions,ANL-184,624.6,APPROVE
REV-3002388,APP-1005817,L1_Document_Exception,ANL-175,364.2,APPROVE
REV-3002389,APP-1005822,L1_Document_Exception,ANL-118,856.8,APPROVE
REV-3002390,APP-1005823,L1_Document_Exception,ANL-172,1336.8,APPROVE
REV-3002391,APP-1005827,L1_Document_Exception,ANL-219,1469.4,APPROVE
REV-3002392,APP-1005829,L1_Document_Exception,ANL-234,696.0,REQUEST_REWORK
REV-3002393,APP-1005830,L1_Document_Exception,ANL-235,467.4,REQUEST_REWORK
REV-3002394,APP-1005832,L1_Document_Exception,ANL-133,515.4,REQUEST_REWORK
REV-3002395,APP-1005833,L2_AML_Sanctions,ANL-185,430.2,APPROVE
REV-3002396,APP-1005835,L1_Document_Exception,ANL-138,1051.2,APPROVE
REV-3002397,APP-1005838,L1_Document_Exception,ANL-123,565.2,APPROVE
REV-3002398,APP-1005840,L2_AML_Sanctions,ANL-116,621.6,REQUEST_REWORK
REV-3002399,APP-1005842,L1_Document_Exception,ANL-141,880.8,APPROVE
REV-3002400,APP-1005844,L1_Document_Exception,ANL-200,654.0,APPROVE
REV-3002401,APP-1005845,L2_AML_Sanctions,ANL-238,436.8,APPROVE
REV-3002402,APP-1005847,L2_AML_Sanctions,ANL-158,1025.4,REJECT
REV-3002403,APP-1005849,L1_Document_Exception,ANL-115,518.4,APPROVE
REV-3002404,APP-1005852,L1_Document_Exception,ANL-186,617.4,APPROVE
REV-3002405,APP-1005857,L2_AML_Sanctions,ANL-199,791.4,APPROVE
REV-3002406,APP-1005859,L2_AML_Sanctions,ANL-216,392.4,APPROVE
REV-3002407,APP-1005863,L2_AML_Sanctions,ANL-135,870.0,APPROVE
REV-3002408,APP-1005864,L2_AML_Sanctions,ANL-106,361.2,REQUEST_REWORK
REV-3002409,APP-1005866,L2_AML_Sanctions,ANL-175,940.2,REJECT
REV-3002410,APP-1005867,L1_Document_Exception,ANL-161,700.8,APPROVE
REV-3002411,APP-1005869,L2_AML_Sanctions,ANL-126,612.0,APPROVE
REV-3002412,APP-1005870,L1_Document_Exception,ANL-184,847.2,REQUEST_REWORK
REV-3002413,APP-1005875,L1_Document_Exception,ANL-149,426.0,REQUEST_REWORK
REV-3002414,APP-1005877,L1_Document_Exception,ANL-158,583.8,APPROVE
REV-3002415,APP-1005881,L2_AML_Sanctions,ANL-165,553.2,REQUEST_REWORK
REV-3002416,APP-1005884,L1_Document_Exception,ANL-112,303.0,APPROVE
REV-3002417,APP-1005886,L1_Document_Exception,ANL-206,382.8,APPROVE
REV-3002418,APP-1005889,L2_AML_Sanctions,ANL-236,1017.6,REQUEST_REWORK
REV-3002419,APP-1005891,L1_Document_Exception,ANL-225,514.2,REQUEST_REWORK
REV-3002420,APP-1005894,L1_Document_Exception,ANL-141,1059.0,APPROVE
REV-3002421,APP-1005896,L1_Document_Exception,ANL-200,291.0,APPROVE
REV-3002422,APP-1005897,L1_Document_Exception,ANL-205,1291.8,APPROVE
REV-3002423,APP-1005898,L1_Document_Exception,ANL-137,625.8,REQUEST_REWORK
REV-3002424,APP-1005902,L1_Document_Exception,ANL-236,1043.4,REQUEST_REWORK
REV-3002425,APP-1005903,L1_Document_Exception,ANL-137,757.2,APPROVE
REV-3002426,APP-1005905,L1_Document_Exception,ANL-231,631.8,APPROVE
REV-3002427,APP-1005906,L1_Document_Exception,ANL-161,1027.8,REQUEST_REWORK
REV-3002428,APP-1005910,L1_Document_Exception,ANL-171,1067.4,APPROVE
REV-3002429,APP-1005911,L1_Document_Exception,ANL-171,404.4,APPROVE
REV-3002430,APP-1005912,L2_AML_Sanctions,ANL-141,435.6,REJECT
REV-3002431,APP-1005914,L1_Document_Exception,ANL-155,1584.6,APPROVE
REV-3002432,APP-1005916,L1_Document_Exception,ANL-109,450.6,APPROVE
REV-3002433,APP-1005918,L2_AML_Sanctions,ANL-136,703.8,APPROVE
REV-3002434,APP-1005920,L1_Document_Exception,ANL-212,755.4,REQUEST_REWORK
REV-3002435,APP-1005921,L1_Document_Exception,ANL-127,736.8,APPROVE
REV-3002436,APP-1005929,L2_AML_Sanctions,ANL-246,577.8,APPROVE
REV-3002437,APP-1005931,L1_Document_Exception,ANL-140,328.2,APPROVE
REV-3002438,APP-1005935,L2_AML_Sanctions,ANL-151,1245.6,APPROVE
REV-3002439,APP-1005936,L1_Document_Exception,ANL-191,662.4,APPROVE
REV-3002440,APP-1005938,L2_AML_Sanctions,ANL-245,651.6,APPROVE
REV-3002441,APP-1005939,L1_Document_Exception,ANL-160,955.8,APPROVE
REV-3002442,APP-1005940,L2_AML_Sanctions,ANL-160,441.6,APPROVE
REV-3002443,APP-1005943,L2_AML_Sanctions,ANL-204,1105.8,APPROVE
REV-3002444,APP-1005946,L1_Document_Exception,ANL-176,936.6,APPROVE
REV-3002445,APP-1005947,L2_AML_Sanctions,ANL-236,395.4,APPROVE
REV-3002446,APP-1005950,L1_Document_Exception,ANL-234,786.6,REQUEST_REWORK
REV-3002447,APP-1005951,L1_Document_Exception,ANL-214,564.6,APPROVE
REV-3002448,APP-1005953,L1_Document_Exception,ANL-228,992.4,APPROVE
REV-3002449,APP-1005963,L1_Document_Exception,ANL-224,738.6,REJECT
REV-3002450,APP-1005964,L1_Document_Exception,ANL-144,464.4,APPROVE
REV-3002451,APP-1005965,L1_Document_Exception,ANL-170,1104.6,APPROVE
REV-3002452,APP-1005966,L1_Document_Exception,ANL-205,735.6,APPROVE
REV-3002453,APP-1005968,L1_Document_Exception,ANL-164,568.2,APPROVE
REV-3002454,APP-1005972,L1_Document_Exception,ANL-146,533.4,APPROVE
REV-3002455,APP-1005973,L1_Document_Exception,ANL-237,592.2,APPROVE
REV-3002456,APP-1005975,L2_AML_Sanctions,ANL-165,544.8,APPROVE
REV-3002457,APP-1005978,L1_Document_Exception,ANL-242,883.8,APPROVE
REV-3002458,APP-1005979,L2_AML_Sanctions,ANL-121,673.8,APPROVE
REV-3002459,APP-1005980,L2_AML_Sanctions,ANL-151,494.4,APPROVE
REV-3002460,APP-1005985,L1_Document_Exception,ANL-137,546.0,REQUEST_REWORK
REV-3002461,APP-1005986,L1_Document_Exception,ANL-142,922.2,REQUEST_REWORK
REV-3002462,APP-1005987,L1_Document_Exception,ANL-174,741.0,REQUEST_REWORK
REV-3002463,APP-1005993,L2_AML_Sanctions,ANL-133,552.6,APPROVE
REV-3002464,APP-1005998,L1_Document_Exception,ANL-176,678.6,APPROVE
REV-3002465,APP-1006001,L1_Document_Exception,ANL-155,1027.8,APPROVE
REV-3002466,APP-1006003,L1_Document_Exception,ANL-199,575.4,APPROVE
REV-3002467,APP-1006004,L1_Document_Exception,ANL-119,532.2,REQUEST_REWORK
REV-3002468,APP-1006008,L2_AML_Sanctions,ANL-247,657.6,APPROVE
REV-3002469,APP-1006011,L1_Document_Exception,ANL-247,772.8,APPROVE
REV-3002470,APP-1006013,L1_Document_Exception,ANL-220,1065.0,REQUEST_REWORK
REV-3002471,APP-1006015,L2_AML_Sanctions,ANL-209,793.2,APPROVE
REV-3002472,APP-1006016,L1_Document_Exception,ANL-140,512.4,APPROVE
REV-3002473,APP-1006020,L2_AML_Sanctions,ANL-242,479.4,APPROVE
REV-3002474,APP-1006021,L1_Document_Exception,ANL-125,835.2,REQUEST_REWORK
REV-3002475,APP-1006029,L1_Document_Exception,ANL-226,775.2,APPROVE
REV-3002476,APP-1006032,L1_Document_Exception,ANL-189,141.0,APPROVE
REV-3002477,APP-1006041,L2_AML_Sanctions,ANL-111,738.6,REQUEST_REWORK
REV-3002478,APP-1006043,L1_Document_Exception,ANL-168,819.6,APPROVE
REV-3002479,APP-1006047,L1_Document_Exception,ANL-187,430.2,APPROVE
REV-3002480,APP-1006050,L1_Document_Exception,ANL-158,631.2,APPROVE
REV-3002481,APP-1006052,L1_Document_Exception,ANL-185,715.8,APPROVE
REV-3002482,APP-1006054,L2_AML_Sanctions,ANL-206,705.0,APPROVE
REV-3002483,APP-1006058,L1_Document_Exception,ANL-138,787.8,REQUEST_REWORK
REV-3002484,APP-1006059,L1_Document_Exception,ANL-135,888.6,APPROVE
REV-3002485,APP-1006063,L2_AML_Sanctions,ANL-143,1009.2,APPROVE
REV-3002486,APP-1006064,L1_Document_Exception,ANL-112,906.0,APPROVE
REV-3002487,APP-1006065,L2_AML_Sanctions,ANL-183,449.4,APPROVE
REV-3002488,APP-1006067,L1_Document_Exception,ANL-168,1172.4,APPROVE
REV-3002489,APP-1006069,L1_Document_Exception,ANL-166,806.4,REQUEST_REWORK
REV-3002490,APP-1006070,L1_Document_Exception,ANL-233,402.0,REQUEST_REWORK
REV-3002491,APP-1006073,L1_Document_Exception,ANL-196,777.6,APPROVE
REV-3002492,APP-1006082,L1_Document_Exception,ANL-230,525.6,APPROVE
REV-3002493,APP-1006085,L1_Document_Exception,ANL-184,966.0,APPROVE
REV-3002494,APP-1006087,L1_Document_Exception,ANL-147,1116.6,APPROVE
REV-3002495,APP-1006091,L2_AML_Sanctions,ANL-230,789.0,APPROVE
REV-3002496,APP-1006095,L1_Document_Exception,ANL-173,545.4,APPROVE
REV-3002497,APP-1006096,L1_Document_Exception,ANL-119,498.0,APPROVE
REV-3002498,APP-1006098,L1_Document_Exception,ANL-205,501.6,APPROVE
REV-3002499,APP-1006106,L1_Document_Exception,ANL-205,1009.2,APPROVE
REV-3002500,APP-1006107,L1_Document_Exception,ANL-248,844.2,APPROVE
REV-3002501,APP-1006108,L1_Document_Exception,ANL-171,543.0,APPROVE
REV-3002502,APP-1006109,L1_Document_Exception,ANL-159,628.2,APPROVE
REV-3002503,APP-1006112,L2_AML_Sanctions,ANL-167,775.8,APPROVE
REV-3002504,APP-1006117,L1_Document_Exception,ANL-117,453.6,APPROVE
REV-3002505,APP-1006119,L2_AML_Sanctions,ANL-139,418.2,APPROVE
REV-3002506,APP-1006121,L2_AML_Sanctions,ANL-136,794.4,REQUEST_REWORK
REV-3002507,APP-1006123,L1_Document_Exception,ANL-118,648.0,APPROVE
REV-3002508,APP-1006125,L1_Document_Exception,ANL-142,1084.8,APPROVE
REV-3002509,APP-1006128,L1_Document_Exception,ANL-202,556.8,APPROVE
REV-3002510,APP-1006132,L2_AML_Sanctions,ANL-152,884.4,APPROVE
REV-3002511,APP-1006133,L1_Document_Exception,ANL-123,869.4,APPROVE
REV-3002512,APP-1006134,L1_Document_Exception,ANL-202,478.8,APPROVE
REV-3002513,APP-1006135,L1_Document_Exception,ANL-232,986.4,REQUEST_REWORK
REV-3002514,APP-1006136,L2_AML_Sanctions,ANL-209,678.0,APPROVE
REV-3002515,APP-1006138,L1_Document_Exception,ANL-176,584.4,REQUEST_REWORK
REV-3002516,APP-1006145,L1_Document_Exception,ANL-211,826.2,REJECT
REV-3002517,APP-1006149,L1_Document_Exception,ANL-177,367.2,REQUEST_REWORK
REV-3002518,APP-1006154,L1_Document_Exception,ANL-157,379.2,APPROVE
REV-3002519,APP-1006158,L1_Document_Exception,ANL-133,571.2,REQUEST_REWORK
REV-3002520,APP-1006159,L2_AML_Sanctions,ANL-130,1210.2,REJECT
REV-3002521,APP-1006161,L1_Document_Exception,ANL-112,579.0,APPROVE
REV-3002522,APP-1006164,L1_Document_Exception,ANL-120,1736.4,REQUEST_REWORK
REV-3002523,APP-1006167,L1_Document_Exception,ANL-239,1162.8,APPROVE
REV-3002524,APP-1006169,L1_Document_Exception,ANL-194,904.2,REQUEST_REWORK
REV-3002525,APP-1006175,L1_Document_Exception,ANL-175,664.2,APPROVE
REV-3002526,APP-1006176,L2_AML_Sanctions,ANL-158,756.6,APPROVE
REV-3002527,APP-1006177,L1_Document_Exception,ANL-163,423.6,APPROVE
REV-3002528,APP-1006179,L1_Document_Exception,ANL-176,771.6,REQUEST_REWORK
REV-3002529,APP-1006181,L1_Document_Exception,ANL-116,343.2,APPROVE
REV-3002530,APP-1006183,L1_Document_Exception,ANL-242,658.8,APPROVE
REV-3002531,APP-1006184,L2_AML_Sanctions,ANL-201,810.6,REQUEST_REWORK
REV-3002532,APP-1006186,L1_Document_Exception,ANL-243,496.8,APPROVE
REV-3002533,APP-1006192,L1_Document_Exception,ANL-133,785.4,REJECT
REV-3002534,APP-1006193,L1_Document_Exception,ANL-125,1104.6,REQUEST_REWORK
REV-3002535,APP-1006194,L2_AML_Sanctions,ANL-102,808.8,APPROVE
REV-3002536,APP-1006198,L2_AML_Sanctions,ANL-121,329.4,REQUEST_REWORK
REV-3002537,APP-1006200,L1_Document_Exception,ANL-104,543.0,APPROVE
REV-3002538,APP-1006208,L2_AML_Sanctions,ANL-234,492.0,APPROVE
REV-3002539,APP-1006211,L2_AML_Sanctions,ANL-158,767.4,APPROVE
REV-3002540,APP-1006216,L1_Document_Exception,ANL-226,531.0,APPROVE
REV-3002541,APP-1006219,L1_Document_Exception,ANL-183,415.2,APPROVE
REV-3002542,APP-1006220,L1_Document_Exception,ANL-245,1048.2,APPROVE
REV-3002543,APP-1006225,L1_Document_Exception,ANL-157,209.4,REQUEST_REWORK
REV-3002544,APP-1006226,L1_Document_Exception,ANL-155,1234.2,APPROVE
REV-3002545,APP-1006227,L1_Document_Exception,ANL-228,757.8,APPROVE
REV-3002546,APP-1006228,L1_Document_Exception,ANL-126,681.0,REQUEST_REWORK
REV-3002547,APP-1006231,L1_Document_Exception,ANL-249,562.2,APPROVE
REV-3002548,APP-1006234,L1_Document_Exception,ANL-127,925.2,APPROVE
REV-3002549,APP-1006236,L2_AML_Sanctions,ANL-187,1228.2,APPROVE
REV-3002550,APP-1006237,L1_Document_Exception,ANL-193,466.2,APPROVE
REV-3002551,APP-1006239,L2_AML_Sanctions,ANL-145,912.0,APPROVE
REV-3002552,APP-1006243,L1_Document_Exception,ANL-143,730.8,APPROVE
REV-3002553,APP-1006244,L1_Document_Exception,ANL-212,537.6,REQUEST_REWORK
REV-3002554,APP-1006245,L1_Document_Exception,ANL-204,982.8,APPROVE
REV-3002555,APP-1006247,L2_AML_Sanctions,ANL-244,714.6,APPROVE
REV-3002556,APP-1006249,L1_Document_Exception,ANL-130,476.4,APPROVE
REV-3002557,APP-1006254,L1_Document_Exception,ANL-171,525.6,REQUEST_REWORK
REV-3002558,APP-1006259,L1_Document_Exception,ANL-196,673.2,REQUEST_REWORK
REV-3002559,APP-1006267,L2_AML_Sanctions,ANL-106,474.0,APPROVE
REV-3002560,APP-1006269,L1_Document_Exception,ANL-131,927.0,APPROVE
REV-3002561,APP-1006272,L1_Document_Exception,ANL-206,800.4,APPROVE
REV-3002562,APP-1006273,L1_Document_Exception,ANL-155,630.0,APPROVE
REV-3002563,APP-1006274,L1_Document_Exception,ANL-220,571.8,APPROVE
REV-3002564,APP-1006275,L2_AML_Sanctions,ANL-115,666.0,REJECT
REV-3002565,APP-1006276,L1_Document_Exception,ANL-128,669.0,APPROVE
REV-3002566,APP-1006277,L1_Document_Exception,ANL-235,492.6,REQUEST_REWORK
REV-3002567,APP-1006278,L1_Document_Exception,ANL-156,442.8,APPROVE
REV-3002568,APP-1006281,L2_AML_Sanctions,ANL-232,523.2,APPROVE
REV-3002569,APP-1006282,L1_Document_Exception,ANL-220,358.8,APPROVE
REV-3002570,APP-1006284,L2_AML_Sanctions,ANL-184,357.6,APPROVE
REV-3002571,APP-1006285,L1_Document_Exception,ANL-195,319.8,APPROVE
REV-3002572,APP-1006287,L2_AML_Sanctions,ANL-221,826.2,APPROVE
REV-3002573,APP-1006291,L1_Document_Exception,ANL-200,502.8,REQUEST_REWORK
REV-3002574,APP-1006293,L2_AML_Sanctions,ANL-207,702.0,APPROVE
REV-3002575,APP-1006294,L1_Document_Exception,ANL-161,643.2,APPROVE
REV-3002576,APP-1006295,L1_Document_Exception,ANL-206,576.6,REQUEST_REWORK
REV-3002577,APP-1006298,L1_Document_Exception,ANL-127,898.2,APPROVE
REV-3002578,APP-1006299,L1_Document_Exception,ANL-207,487.8,REQUEST_REWORK
REV-3002579,APP-1006300,L1_Document_Exception,ANL-246,512.4,APPROVE
REV-3002580,APP-1006301,L1_Document_Exception,ANL-173,886.2,REQUEST_REWORK
REV-3002581,APP-1006302,L1_Document_Exception,ANL-230,1171.8,APPROVE
REV-3002582,APP-1006303,L2_AML_Sanctions,ANL-216,1281.6,REJECT
REV-3002583,APP-1006304,L1_Document_Exception,ANL-174,850.8,APPROVE
REV-3002584,APP-1006305,L1_Document_Exception,ANL-217,540.0,APPROVE
REV-3002585,APP-1006309,L2_AML_Sanctions,ANL-197,1143.0,APPROVE
REV-3002586,APP-1006311,L1_Document_Exception,ANL-135,504.0,APPROVE
REV-3002587,APP-1006315,L1_Document_Exception,ANL-108,924.6,APPROVE
REV-3002588,APP-1006316,L1_Document_Exception,ANL-193,667.2,APPROVE
REV-3002589,APP-1006322,L1_Document_Exception,ANL-129,1510.8,APPROVE
REV-3002590,APP-1006325,L1_Document_Exception,ANL-183,409.8,APPROVE
REV-3002591,APP-1006327,L2_AML_Sanctions,ANL-164,611.4,APPROVE
REV-3002592,APP-1006330,L2_AML_Sanctions,ANL-192,494.4,REJECT
REV-3002593,APP-1006332,L2_AML_Sanctions,ANL-124,1303.8,APPROVE
REV-3002594,APP-1006334,L1_Document_Exception,ANL-116,648.0,REQUEST_REWORK
REV-3002595,APP-1006337,L1_Document_Exception,ANL-182,911.4,APPROVE
REV-3002596,APP-1006338,L1_Document_Exception,ANL-204,1126.2,APPROVE
REV-3002597,APP-1006340,L1_Document_Exception,ANL-110,1306.2,APPROVE
REV-3002598,APP-1006345,L1_Document_Exception,ANL-124,746.4,APPROVE
REV-3002599,APP-1006347,L1_Document_Exception,ANL-143,571.8,REQUEST_REWORK
REV-3002600,APP-1006349,L1_Document_Exception,ANL-237,644.4,REQUEST_REWORK
REV-3002601,APP-1006352,L1_Document_Exception,ANL-233,1350.0,APPROVE
REV-3002602,APP-1006353,L2_AML_Sanctions,ANL-211,570.0,REQUEST_REWORK
REV-3002603,APP-1006354,L1_Document_Exception,ANL-239,838.2,REQUEST_REWORK
REV-3002604,APP-1006361,L1_Document_Exception,ANL-227,504.0,REQUEST_REWORK
REV-3002605,APP-1006362,L1_Document_Exception,ANL-199,381.6,APPROVE
REV-3002606,APP-1006363,L1_Document_Exception,ANL-135,310.8,APPROVE
REV-3002607,APP-1006365,L1_Document_Exception,ANL-118,562.2,APPROVE
REV-3002608,APP-1006368,L1_Document_Exception,ANL-121,886.8,REQUEST_REWORK
REV-3002609,APP-1006370,L1_Document_Exception,ANL-240,629.4,REQUEST_REWORK
REV-3002610,APP-1006377,L1_Document_Exception,ANL-220,364.8,REQUEST_REWORK
REV-3002611,APP-1006380,L1_Document_Exception,ANL-243,487.2,APPROVE
REV-3002612,APP-1006382,L1_Document_Exception,ANL-156,727.2,APPROVE
REV-3002613,APP-1006384,L1_Document_Exception,ANL-205,599.4,APPROVE
REV-3002614,APP-1006387,L2_AML_Sanctions,ANL-156,474.6,APPROVE
REV-3002615,APP-1006392,L2_AML_Sanctions,ANL-149,760.2,APPROVE
REV-3002616,APP-1006393,L2_AML_Sanctions,ANL-237,678.6,REQUEST_REWORK
REV-3002617,APP-1006395,L1_Document_Exception,ANL-213,375.0,REQUEST_REWORK
REV-3002618,APP-1006396,L2_AML_Sanctions,ANL-138,952.8,REQUEST_REWORK
REV-3002619,APP-1006399,L1_Document_Exception,ANL-108,1138.8,APPROVE
REV-3002620,APP-1006402,L1_Document_Exception,ANL-186,1057.2,APPROVE
REV-3002621,APP-1006404,L2_AML_Sanctions,ANL-245,675.0,APPROVE
REV-3002622,APP-1006407,L1_Document_Exception,ANL-142,795.6,APPROVE
REV-3002623,APP-1006409,L2_AML_Sanctions,ANL-236,358.8,REJECT
REV-3002624,APP-1006413,L1_Document_Exception,ANL-138,1368.0,APPROVE
REV-3002625,APP-1006417,L1_Document_Exception,ANL-108,584.4,REQUEST_REWORK
REV-3002626,APP-1006419,L2_AML_Sanctions,ANL-210,555.6,REQUEST_REWORK
REV-3002627,APP-1006420,L1_Document_Exception,ANL-131,466.8,APPROVE
REV-3002628,APP-1006422,L1_Document_Exception,ANL-241,748.8,REQUEST_REWORK
REV-3002629,APP-1006423,L1_Document_Exception,ANL-124,701.4,REQUEST_REWORK
REV-3002630,APP-1006427,L2_AML_Sanctions,ANL-203,434.4,REQUEST_REWORK
REV-3002631,APP-1006428,L1_Document_Exception,ANL-218,1947.6,REQUEST_REWORK
REV-3002632,APP-1006429,L1_Document_Exception,ANL-104,570.6,APPROVE
REV-3002633,APP-1006430,L2_AML_Sanctions,ANL-141,1008.0,APPROVE
REV-3002634,APP-1006431,L1_Document_Exception,ANL-145,699.0,APPROVE
REV-3002635,APP-1006434,L2_AML_Sanctions,ANL-154,1174.8,REJECT
REV-3002636,APP-1006435,L1_Document_Exception,ANL-149,486.0,APPROVE
REV-3002637,APP-1006442,L2_AML_Sanctions,ANL-101,702.6,REQUEST_REWORK
REV-3002638,APP-1006443,L1_Document_Exception,ANL-136,825.0,APPROVE
REV-3002639,APP-1006444,L1_Document_Exception,ANL-239,576.0,APPROVE
REV-3002640,APP-1006449,L1_Document_Exception,ANL-218,640.8,APPROVE
REV-3002641,APP-1006450,L1_Document_Exception,ANL-102,652.8,APPROVE
REV-3002642,APP-1006451,L1_Document_Exception,ANL-205,1335.6,APPROVE
REV-3002643,APP-1006460,L1_Document_Exception,ANL-128,835.8,REQUEST_REWORK
REV-3002644,APP-1006461,L1_Document_Exception,ANL-182,691.8,REQUEST_REWORK
REV-3002645,APP-1006462,L2_AML_Sanctions,ANL-134,1375.8,APPROVE
REV-3002646,APP-1006467,L1_Document_Exception,ANL-154,556.8,APPROVE
REV-3002647,APP-1006468,L1_Document_Exception,ANL-219,405.6,APPROVE
REV-3002648,APP-1006471,L2_AML_Sanctions,ANL-123,601.2,REQUEST_REWORK
REV-3002649,APP-1006472,L1_Document_Exception,ANL-238,661.2,APPROVE
REV-3002650,APP-1006475,L1_Document_Exception,ANL-174,1059.0,APPROVE
REV-3002651,APP-1006477,L1_Document_Exception,ANL-222,718.2,REQUEST_REWORK
REV-3002652,APP-1006479,L1_Document_Exception,ANL-146,674.4,APPROVE
REV-3002653,APP-1006480,L1_Document_Exception,ANL-175,1448.4,REQUEST_REWORK
REV-3002654,APP-1006481,L1_Document_Exception,ANL-248,934.8,APPROVE
REV-3002655,APP-1006482,L1_Document_Exception,ANL-144,603.6,APPROVE
REV-3002656,APP-1006483,L1_Document_Exception,ANL-125,525.6,APPROVE
REV-3002657,APP-1006485,L2_AML_Sanctions,ANL-248,744.6,REJECT
REV-3002658,APP-1006490,L1_Document_Exception,ANL-124,246.0,APPROVE
REV-3002659,APP-1006492,L1_Document_Exception,ANL-122,748.2,APPROVE
REV-3002660,APP-1006493,L1_Document_Exception,ANL-113,517.8,APPROVE
REV-3002661,APP-1006497,L1_Document_Exception,ANL-220,676.8,APPROVE
REV-3002662,APP-1006498,L1_Document_Exception,ANL-128,389.4,APPROVE
REV-3002663,APP-1006501,L1_Document_Exception,ANL-177,853.8,REQUEST_REWORK
REV-3002664,APP-1006502,L1_Document_Exception,ANL-169,525.6,REQUEST_REWORK
REV-3002665,APP-1006504,L2_AML_Sanctions,ANL-151,676.2,APPROVE
REV-3002666,APP-1006508,L1_Document_Exception,ANL-239,864.0,APPROVE
REV-3002667,APP-1006509,L2_AML_Sanctions,ANL-221,811.8,APPROVE
REV-3002668,APP-1006512,L2_AML_Sanctions,ANL-233,991.2,APPROVE
REV-3002669,APP-1006513,L2_AML_Sanctions,ANL-134,342.0,APPROVE
REV-3002670,APP-1006514,L1_Document_Exception,ANL-145,602.4,REQUEST_REWORK
REV-3002671,APP-1006516,L2_AML_Sanctions,ANL-239,795.0,APPROVE
REV-3002672,APP-1006517,L2_AML_Sanctions,ANL-204,1325.4,APPROVE
REV-3002673,APP-1006518,L1_Document_Exception,ANL-150,1173.6,APPROVE
REV-3002674,APP-1006519,L1_Document_Exception,ANL-218,768.0,APPROVE
REV-3002675,APP-1006520,L1_Document_Exception,ANL-182,635.4,REQUEST_REWORK
REV-3002676,APP-1006521,L1_Document_Exception,ANL-167,520.8,APPROVE
REV-3002677,APP-1006523,L1_Document_Exception,ANL-168,753.0,APPROVE
REV-3002678,APP-1006525,L2_AML_Sanctions,ANL-134,894.6,APPROVE
REV-3002679,APP-1006527,L2_AML_Sanctions,ANL-168,502.8,REQUEST_REWORK
REV-3002680,APP-1006528,L1_Document_Exception,ANL-237,774.0,APPROVE
REV-3002681,APP-1006530,L1_Document_Exception,ANL-120,1063.8,APPROVE
REV-3002682,APP-1006532,L1_Document_Exception,ANL-200,1530.6,APPROVE
REV-3002683,APP-1006538,L2_AML_Sanctions,ANL-222,523.2,APPROVE
REV-3002684,APP-1006539,L1_Document_Exception,ANL-225,734.4,APPROVE
REV-3002685,APP-1006544,L1_Document_Exception,ANL-102,437.4,REQUEST_REWORK
REV-3002686,APP-1006545,L2_AML_Sanctions,ANL-207,714.6,APPROVE
REV-3002687,APP-1006546,L1_Document_Exception,ANL-201,857.4,REJECT
REV-3002688,APP-1006551,L2_AML_Sanctions,ANL-118,641.4,APPROVE
REV-3002689,APP-1006552,L2_AML_Sanctions,ANL-179,663.0,APPROVE
REV-3002690,APP-1006556,L1_Document_Exception,ANL-112,858.0,APPROVE
REV-3002691,APP-1006557,L2_AML_Sanctions,ANL-189,568.8,APPROVE
REV-3002692,APP-1006566,L1_Document_Exception,ANL-223,514.2,APPROVE
REV-3002693,APP-1006567,L2_AML_Sanctions,ANL-248,480.6,APPROVE
REV-3002694,APP-1006568,L2_AML_Sanctions,ANL-170,747.6,APPROVE
REV-3002695,APP-1006569,L1_Document_Exception,ANL-245,552.6,REQUEST_REWORK
REV-3002696,APP-1006571,L2_AML_Sanctions,ANL-151,1084.2,APPROVE
REV-3002697,APP-1006572,L1_Document_Exception,ANL-192,726.0,APPROVE
REV-3002698,APP-1006574,L1_Document_Exception,ANL-201,1041.6,APPROVE
REV-3002699,APP-1006577,L2_AML_Sanctions,ANL-139,575.4,REQUEST_REWORK
REV-3002700,APP-1006582,L1_Document_Exception,ANL-194,857.4,REQUEST_REWORK
REV-3002701,APP-1006593,L1_Document_Exception,ANL-248,442.8,APPROVE
REV-3002702,APP-1006594,L1_Document_Exception,ANL-193,1214.4,REQUEST_REWORK
REV-3002703,APP-1006595,L1_Document_Exception,ANL-161,514.8,APPROVE
REV-3002704,APP-1006596,L1_Document_Exception,ANL-161,534.0,REJECT
REV-3002705,APP-1006597,L1_Document_Exception,ANL-119,648.0,REQUEST_REWORK
REV-3002706,APP-1006604,L1_Document_Exception,ANL-141,421.2,APPROVE
REV-3002707,APP-1006608,L1_Document_Exception,ANL-224,280.8,APPROVE
REV-3002708,APP-1006610,L2_AML_Sanctions,ANL-167,587.4,REJECT
REV-3002709,APP-1006611,L1_Document_Exception,ANL-171,943.2,APPROVE
REV-3002710,APP-1006612,L1_Document_Exception,ANL-132,571.2,APPROVE
REV-3002711,APP-1006613,L1_Document_Exception,ANL-215,601.2,APPROVE
REV-3002712,APP-1006615,L1_Document_Exception,ANL-175,1375.2,APPROVE
REV-3002713,APP-1006616,L2_AML_Sanctions,ANL-227,847.2,APPROVE
REV-3002714,APP-1006617,L1_Document_Exception,ANL-184,949.2,APPROVE
REV-3002715,APP-1006620,L1_Document_Exception,ANL-202,484.2,APPROVE
REV-3002716,APP-1006623,L2_AML_Sanctions,ANL-209,542.4,APPROVE
REV-3002717,APP-1006624,L1_Document_Exception,ANL-133,826.2,REQUEST_REWORK
REV-3002718,APP-1006625,L1_Document_Exception,ANL-116,640.8,APPROVE
REV-3002719,APP-1006628,L1_Document_Exception,ANL-151,573.0,APPROVE
REV-3002720,APP-1006630,L2_AML_Sanctions,ANL-120,909.0,APPROVE
REV-3002721,APP-1006633,L1_Document_Exception,ANL-158,1498.8,APPROVE
REV-3002722,APP-1006634,L1_Document_Exception,ANL-213,1252.2,APPROVE
REV-3002723,APP-1006635,L2_AML_Sanctions,ANL-246,424.8,APPROVE
REV-3002724,APP-1006637,L2_AML_Sanctions,ANL-199,296.4,APPROVE
REV-3002725,APP-1006641,L1_Document_Exception,ANL-116,922.2,APPROVE
REV-3002726,APP-1006642,L2_AML_Sanctions,ANL-127,900.0,APPROVE
REV-3002727,APP-1006646,L1_Document_Exception,ANL-249,666.0,APPROVE
REV-3002728,APP-1006648,L2_AML_Sanctions,ANL-217,514.2,APPROVE
REV-3002729,APP-1006649,L1_Document_Exception,ANL-188,1414.8,APPROVE
REV-3002730,APP-1006650,L2_AML_Sanctions,ANL-220,773.4,APPROVE
REV-3002731,APP-1006651,L1_Document_Exception,ANL-194,820.8,APPROVE
REV-3002732,APP-1006655,L1_Document_Exception,ANL-229,646.8,REQUEST_REWORK
REV-3002733,APP-1006657,L1_Document_Exception,ANL-112,832.8,REQUEST_REWORK
REV-3002734,APP-1006658,L1_Document_Exception,ANL-169,712.2,APPROVE
REV-3002735,APP-1006660,L1_Document_Exception,ANL-150,817.2,REJECT
REV-3002736,APP-1006663,L2_AML_Sanctions,ANL-124,448.2,REJECT
REV-3002737,APP-1006669,L1_Document_Exception,ANL-218,841.2,APPROVE
REV-3002738,APP-1006672,L1_Document_Exception,ANL-247,413.4,APPROVE
REV-3002739,APP-1006673,L2_AML_Sanctions,ANL-124,468.6,APPROVE
REV-3002740,APP-1006674,L1_Document_Exception,ANL-239,537.6,REQUEST_REWORK
REV-3002741,APP-1006677,L2_AML_Sanctions,ANL-190,899.4,REJECT
REV-3002742,APP-1006678,L1_Document_Exception,ANL-164,771.6,APPROVE
REV-3002743,APP-1006679,L1_Document_Exception,ANL-203,617.4,REQUEST_REWORK
REV-3002744,APP-1006682,L1_Document_Exception,ANL-222,747.0,APPROVE
REV-3002745,APP-1006683,L2_AML_Sanctions,ANL-121,1839.0,APPROVE
REV-3002746,APP-1006684,L1_Document_Exception,ANL-101,1509.6,APPROVE
REV-3002747,APP-1006691,L1_Document_Exception,ANL-154,1284.0,APPROVE
REV-3002748,APP-1006692,L2_AML_Sanctions,ANL-218,804.0,APPROVE
REV-3002749,APP-1006693,L1_Document_Exception,ANL-167,454.8,APPROVE
REV-3002750,APP-1006696,L1_Document_Exception,ANL-216,373.8,REQUEST_REWORK
REV-3002751,APP-1006697,L2_AML_Sanctions,ANL-118,545.4,APPROVE
REV-3002752,APP-1006699,L2_AML_Sanctions,ANL-236,816.6,APPROVE
REV-3002753,APP-1006703,L1_Document_Exception,ANL-242,520.8,APPROVE
REV-3002754,APP-1006709,L1_Document_Exception,ANL-206,841.8,REQUEST_REWORK
REV-3002755,APP-1006711,L1_Document_Exception,ANL-187,1584.0,APPROVE
REV-3002756,APP-1006712,L2_AML_Sanctions,ANL-149,679.8,REQUEST_REWORK
REV-3002757,APP-1006714,L1_Document_Exception,ANL-200,528.0,APPROVE
REV-3002758,APP-1006717,L1_Document_Exception,ANL-111,406.8,REQUEST_REWORK
REV-3002759,APP-1006718,L2_AML_Sanctions,ANL-156,506.4,APPROVE
REV-3002760,APP-1006720,L2_AML_Sanctions,ANL-186,961.2,APPROVE
REV-3002761,APP-1006722,L2_AML_Sanctions,ANL-198,827.4,REJECT
REV-3002762,APP-1006723,L2_AML_Sanctions,ANL-165,433.2,REJECT
REV-3002763,APP-1006724,L2_AML_Sanctions,ANL-103,426.0,APPROVE
REV-3002764,APP-1006729,L1_Document_Exception,ANL-108,841.2,APPROVE
REV-3002765,APP-1006730,L1_Document_Exception,ANL-244,513.0,APPROVE
REV-3002766,APP-1006731,L1_Document_Exception,ANL-181,696.0,REQUEST_REWORK
REV-3002767,APP-1006732,L1_Document_Exception,ANL-145,312.6,APPROVE
REV-3002768,APP-1006733,L2_AML_Sanctions,ANL-155,600.0,APPROVE
REV-3002769,APP-1006734,L1_Document_Exception,ANL-173,766.8,APPROVE
REV-3002770,APP-1006740,L2_AML_Sanctions,ANL-129,841.2,APPROVE
REV-3002771,APP-1006741,L1_Document_Exception,ANL-207,803.4,APPROVE
REV-3002772,APP-1006742,L1_Document_Exception,ANL-166,350.4,REQUEST_REWORK
REV-3002773,APP-1006745,L1_Document_Exception,ANL-179,361.2,APPROVE
REV-3002774,APP-1006746,L2_AML_Sanctions,ANL-149,442.8,APPROVE
REV-3002775,APP-1006751,L1_Document_Exception,ANL-199,484.2,REQUEST_REWORK
REV-3002776,APP-1006753,L1_Document_Exception,ANL-146,1369.8,APPROVE
REV-3002777,APP-1006754,L2_AML_Sanctions,ANL-181,964.8,APPROVE
REV-3002778,APP-1006756,L1_Document_Exception,ANL-211,337.8,APPROVE
REV-3002779,APP-1006758,L1_Document_Exception,ANL-169,505.8,APPROVE
REV-3002780,APP-1006760,L1_Document_Exception,ANL-176,934.2,APPROVE
REV-3002781,APP-1006763,L1_Document_Exception,ANL-136,471.0,APPROVE
REV-3002782,APP-1006766,L1_Document_Exception,ANL-247,810.6,APPROVE
REV-3002783,APP-1006767,L1_Document_Exception,ANL-183,900.6,APPROVE
REV-3002784,APP-1006769,L1_Document_Exception,ANL-155,235.2,APPROVE
REV-3002785,APP-1006772,L2_AML_Sanctions,ANL-158,958.2,REJECT
REV-3002786,APP-1006776,L2_AML_Sanctions,ANL-140,808.8,APPROVE
REV-3002787,APP-1006777,L1_Document_Exception,ANL-137,991.2,APPROVE
REV-3002788,APP-1006778,L1_Document_Exception,ANL-227,582.0,REQUEST_REWORK
REV-3002789,APP-1006781,L1_Document_Exception,ANL-202,742.8,REJECT
REV-3002790,APP-1006782,L2_AML_Sanctions,ANL-145,750.6,REJECT
REV-3002791,APP-1006783,L1_Document_Exception,ANL-162,729.0,REQUEST_REWORK
REV-3002792,APP-1006784,L1_Document_Exception,ANL-188,477.0,APPROVE
REV-3002793,APP-1006785,L1_Document_Exception,ANL-169,574.8,APPROVE
REV-3002794,APP-1006786,L1_Document_Exception,ANL-202,814.8,APPROVE
REV-3002795,APP-1006789,L1_Document_Exception,ANL-158,360.0,APPROVE
REV-3002796,APP-1006791,L2_AML_Sanctions,ANL-138,468.6,APPROVE
REV-3002797,APP-1006793,L1_Document_Exception,ANL-175,742.2,APPROVE
REV-3002798,APP-1006794,L1_Document_Exception,ANL-181,921.6,APPROVE
REV-3002799,APP-1006798,L1_Document_Exception,ANL-228,883.2,REQUEST_REWORK
REV-3002800,APP-1006801,L1_Document_Exception,ANL-118,341.4,APPROVE
REV-3002801,APP-1006805,L1_Document_Exception,ANL-191,777.6,REQUEST_REWORK
REV-3002802,APP-1006807,L1_Document_Exception,ANL-127,387.0,REQUEST_REWORK
REV-3002803,APP-1006809,L2_AML_Sanctions,ANL-182,502.2,APPROVE
REV-3002804,APP-1006811,L2_AML_Sanctions,ANL-113,1296.6,APPROVE
REV-3002805,APP-1006813,L1_Document_Exception,ANL-169,454.8,APPROVE
REV-3002806,APP-1006816,L1_Document_Exception,ANL-140,447.0,APPROVE
REV-3002807,APP-1006819,L1_Document_Exception,ANL-182,846.0,APPROVE
REV-3002808,APP-1006823,L2_AML_Sanctions,ANL-188,792.6,APPROVE
REV-3002809,APP-1006825,L1_Document_Exception,ANL-150,436.2,APPROVE
REV-3002810,APP-1006828,L2_AML_Sanctions,ANL-234,516.6,APPROVE
REV-3002811,APP-1006829,L1_Document_Exception,ANL-167,1120.8,APPROVE
REV-3002812,APP-1006837,L1_Document_Exception,ANL-160,247.8,APPROVE
REV-3002813,APP-1006838,L1_Document_Exception,ANL-131,1044.0,APPROVE
REV-3002814,APP-1006839,L2_AML_Sanctions,ANL-208,661.8,REQUEST_REWORK
REV-3002815,APP-1006842,L1_Document_Exception,ANL-159,913.2,APPROVE
REV-3002816,APP-1006844,L2_AML_Sanctions,ANL-171,318.0,APPROVE
REV-3002817,APP-1006845,L1_Document_Exception,ANL-214,429.0,REQUEST_REWORK
REV-3002818,APP-1006846,L1_Document_Exception,ANL-171,1368.0,APPROVE
REV-3002819,APP-1006847,L2_AML_Sanctions,ANL-155,694.8,APPROVE
REV-3002820,APP-1006848,L1_Document_Exception,ANL-146,440.4,APPROVE
REV-3002821,APP-1006849,L1_Document_Exception,ANL-191,748.2,APPROVE
REV-3002822,APP-1006852,L2_AML_Sanctions,ANL-216,498.6,APPROVE
REV-3002823,APP-1006854,L1_Document_Exception,ANL-139,328.2,APPROVE
REV-3002824,APP-1006857,L1_Document_Exception,ANL-111,804.6,APPROVE
REV-3002825,APP-1006862,L1_Document_Exception,ANL-139,561.6,REQUEST_REWORK
REV-3002826,APP-1006863,L1_Document_Exception,ANL-185,474.6,REQUEST_REWORK
REV-3002827,APP-1006865,L1_Document_Exception,ANL-136,1015.8,APPROVE
REV-3002828,APP-1006866,L1_Document_Exception,ANL-140,521.4,APPROVE
REV-3002829,APP-1006870,L2_AML_Sanctions,ANL-126,986.4,REQUEST_REWORK
REV-3002830,APP-1006872,L1_Document_Exception,ANL-167,837.0,REQUEST_REWORK
REV-3002831,APP-1006873,L1_Document_Exception,ANL-125,964.8,APPROVE
REV-3002832,APP-1006876,L1_Document_Exception,ANL-125,730.8,REQUEST_REWORK
REV-3002833,APP-1006877,L1_Document_Exception,ANL-201,508.8,REQUEST_REWORK
REV-3002834,APP-1006878,L1_Document_Exception,ANL-217,1173.6,APPROVE
REV-3002835,APP-1006880,L2_AML_Sanctions,ANL-105,519.0,APPROVE
REV-3002836,APP-1006881,L1_Document_Exception,ANL-231,669.6,APPROVE
REV-3002837,APP-1006882,L1_Document_Exception,ANL-242,574.8,REQUEST_REWORK
REV-3002838,APP-1006883,L1_Document_Exception,ANL-147,653.4,REQUEST_REWORK
REV-3002839,APP-1006884,L1_Document_Exception,ANL-200,607.2,APPROVE
REV-3002840,APP-1006885,L1_Document_Exception,ANL-170,515.4,APPROVE
REV-3002841,APP-1006886,L1_Document_Exception,ANL-145,513.6,REQUEST_REWORK
REV-3002842,APP-1006887,L2_AML_Sanctions,ANL-237,471.0,APPROVE
REV-3002843,APP-1006892,L2_AML_Sanctions,ANL-194,535.2,APPROVE
REV-3002844,APP-1006893,L1_Document_Exception,ANL-216,680.4,REQUEST_REWORK
REV-3002845,APP-1006895,L1_Document_Exception,ANL-244,719.4,REQUEST_REWORK
REV-3002846,APP-1006897,L1_Document_Exception,ANL-249,286.2,APPROVE
REV-3002847,APP-1006898,L1_Document_Exception,ANL-188,1053.6,REQUEST_REWORK
REV-3002848,APP-1006899,L1_Document_Exception,ANL-194,845.4,APPROVE
REV-3002849,APP-1006901,L1_Document_Exception,ANL-137,1515.6,REQUEST_REWORK
REV-3002850,APP-1006903,L1_Document_Exception,ANL-108,525.0,APPROVE
REV-3002851,APP-1006905,L1_Document_Exception,ANL-171,372.6,REJECT
REV-3002852,APP-1006906,L2_AML_Sanctions,ANL-188,535.8,APPROVE
REV-3002853,APP-1006907,L2_AML_Sanctions,ANL-133,915.6,APPROVE
REV-3002854,APP-1006910,L1_Document_Exception,ANL-159,627.6,APPROVE
REV-3002855,APP-1006913,L2_AML_Sanctions,ANL-181,429.0,APPROVE
REV-3002856,APP-1006917,L1_Document_Exception,ANL-210,347.4,APPROVE
REV-3002857,APP-1006919,L1_Document_Exception,ANL-103,961.8,APPROVE
REV-3002858,APP-1006920,L1_Document_Exception,ANL-211,603.0,APPROVE
REV-3002859,APP-1006925,L1_Document_Exception,ANL-157,675.6,REQUEST_REWORK
REV-3002860,APP-1006926,L1_Document_Exception,ANL-211,296.4,REQUEST_REWORK
REV-3002861,APP-1006931,L2_AML_Sanctions,ANL-193,693.0,APPROVE
REV-3002862,APP-1006937,L1_Document_Exception,ANL-224,1513.2,APPROVE
REV-3002863,APP-1006938,L1_Document_Exception,ANL-140,392.4,APPROVE
REV-3002864,APP-1006939,L1_Document_Exception,ANL-141,627.0,APPROVE
REV-3002865,APP-1006941,L1_Document_Exception,ANL-166,535.2,APPROVE
REV-3002866,APP-1006943,L1_Document_Exception,ANL-128,708.6,APPROVE
REV-3002867,APP-1006944,L1_Document_Exception,ANL-130,376.2,APPROVE
REV-3002868,APP-1006948,L1_Document_Exception,ANL-105,549.0,APPROVE
REV-3002869,APP-1006950,L2_AML_Sanctions,ANL-218,697.8,REJECT
REV-3002870,APP-1006953,L2_AML_Sanctions,ANL-123,1037.4,REJECT
REV-3002871,APP-1006955,L2_AML_Sanctions,ANL-120,452.4,APPROVE
REV-3002872,APP-1006957,L1_Document_Exception,ANL-146,408.6,APPROVE
REV-3002873,APP-1006958,L1_Document_Exception,ANL-189,856.2,APPROVE
REV-3002874,APP-1006959,L2_AML_Sanctions,ANL-191,636.0,APPROVE
REV-3002875,APP-1006960,L1_Document_Exception,ANL-195,334.8,APPROVE
REV-3002876,APP-1006962,L1_Document_Exception,ANL-144,510.0,APPROVE
REV-3002877,APP-1006968,L1_Document_Exception,ANL-128,948.0,APPROVE
REV-3002878,APP-1006970,L1_Document_Exception,ANL-121,374.4,REQUEST_REWORK
REV-3002879,APP-1006972,L2_AML_Sanctions,ANL-236,1017.6,APPROVE
REV-3002880,APP-1006974,L1_Document_Exception,ANL-151,828.6,APPROVE
REV-3002881,APP-1006975,L2_AML_Sanctions,ANL-149,1092.0,REJECT
REV-3002882,APP-1006978,L2_AML_Sanctions,ANL-246,540.0,APPROVE
REV-3002883,APP-1006979,L1_Document_Exception,ANL-136,517.8,APPROVE
REV-3002884,APP-1006984,L2_AML_Sanctions,ANL-218,534.0,APPROVE
REV-3002885,APP-1006995,L1_Document_Exception,ANL-165,381.0,REQUEST_REWORK
REV-3002886,APP-1006996,L1_Document_Exception,ANL-184,1047.0,APPROVE
REV-3002887,APP-1006998,L1_Document_Exception,ANL-184,478.8,APPROVE
REV-3002888,APP-1007000,L1_Document_Exception,ANL-117,747.6,APPROVE
REV-3002889,APP-1007005,L1_Document_Exception,ANL-218,444.0,APPROVE
REV-3002890,APP-1007006,L1_Document_Exception,ANL-182,429.0,APPROVE
REV-3002891,APP-1007007,L1_Document_Exception,ANL-208,585.6,REJECT
REV-3002892,APP-1007008,L2_AML_Sanctions,ANL-237,436.2,APPROVE
REV-3002893,APP-1007011,L1_Document_Exception,ANL-203,739.2,REQUEST_REWORK
REV-3002894,APP-1007013,L1_Document_Exception,ANL-102,837.0,APPROVE
REV-3002895,APP-1007014,L2_AML_Sanctions,ANL-178,864.6,APPROVE
REV-3002896,APP-1007016,L1_Document_Exception,ANL-187,840.6,REQUEST_REWORK
REV-3002897,APP-1007017,L1_Document_Exception,ANL-248,588.6,APPROVE
REV-3002898,APP-1007018,L2_AML_Sanctions,ANL-107,604.2,REQUEST_REWORK
REV-3002899,APP-1007020,L1_Document_Exception,ANL-173,585.0,REQUEST_REWORK
REV-3002900,APP-1007025,L2_AML_Sanctions,ANL-161,470.4,REQUEST_REWORK
REV-3002901,APP-1007026,L1_Document_Exception,ANL-114,937.2,APPROVE
REV-3002902,APP-1007028,L1_Document_Exception,ANL-178,970.2,REQUEST_REWORK
REV-3002903,APP-1007030,L1_Document_Exception,ANL-124,534.6,APPROVE
REV-3002904,APP-1007031,L1_Document_Exception,ANL-154,778.2,APPROVE
REV-3002905,APP-1007032,L2_AML_Sanctions,ANL-243,694.8,APPROVE
REV-3002906,APP-1007033,L1_Document_Exception,ANL-121,591.6,APPROVE
REV-3002907,APP-1007034,L2_AML_Sanctions,ANL-117,534.0,REQUEST_REWORK
REV-3002908,APP-1007039,L1_Document_Exception,ANL-233,403.8,REQUEST_REWORK
REV-3002909,APP-1007040,L2_AML_Sanctions,ANL-243,380.4,APPROVE
REV-3002910,APP-1007042,L1_Document_Exception,ANL-172,460.2,REQUEST_REWORK
REV-3002911,APP-1007045,L1_Document_Exception,ANL-114,434.4,REQUEST_REWORK
REV-3002912,APP-1007047,L1_Document_Exception,ANL-164,900.0,APPROVE
REV-3002913,APP-1007053,L1_Document_Exception,ANL-221,727.8,APPROVE
REV-3002914,APP-1007059,L2_AML_Sanctions,ANL-187,472.2,APPROVE
REV-3002915,APP-1007062,L1_Document_Exception,ANL-231,488.4,APPROVE
REV-3002916,APP-1007063,L1_Document_Exception,ANL-177,380.4,APPROVE
REV-3002917,APP-1007065,L2_AML_Sanctions,ANL-168,483.0,REJECT
REV-3002918,APP-1007067,L2_AML_Sanctions,ANL-186,434.4,APPROVE
REV-3002919,APP-1007071,L1_Document_Exception,ANL-183,760.8,APPROVE
REV-3002920,APP-1007078,L1_Document_Exception,ANL-131,674.4,APPROVE
REV-3002921,APP-1007079,L1_Document_Exception,ANL-214,721.8,APPROVE
REV-3002922,APP-1007084,L2_AML_Sanctions,ANL-162,1014.0,REQUEST_REWORK
REV-3002923,APP-1007085,L1_Document_Exception,ANL-110,575.4,APPROVE
REV-3002924,APP-1007088,L1_Document_Exception,ANL-209,536.4,APPROVE
REV-3002925,APP-1007090,L1_Document_Exception,ANL-148,352.2,REQUEST_REWORK
REV-3002926,APP-1007091,L1_Document_Exception,ANL-131,495.0,REJECT
REV-3002927,APP-1007092,L1_Document_Exception,ANL-138,357.0,APPROVE
REV-3002928,APP-1007096,L1_Document_Exception,ANL-232,1717.2,APPROVE
REV-3002929,APP-1007097,L2_AML_Sanctions,ANL-127,860.4,APPROVE
REV-3002930,APP-1007098,L1_Document_Exception,ANL-116,1027.2,APPROVE
REV-3002931,APP-1007100,L1_Document_Exception,ANL-110,684.0,APPROVE
REV-3002932,APP-1007101,L1_Document_Exception,ANL-211,986.4,APPROVE
REV-3002933,APP-1007103,L1_Document_Exception,ANL-119,509.4,APPROVE
REV-3002934,APP-1007105,L1_Document_Exception,ANL-107,913.2,APPROVE
REV-3002935,APP-1007110,L1_Document_Exception,ANL-227,565.8,APPROVE
REV-3002936,APP-1007113,L1_Document_Exception,ANL-222,1150.8,REQUEST_REWORK
REV-3002937,APP-1007114,L1_Document_Exception,ANL-167,497.4,REQUEST_REWORK
REV-3002938,APP-1007116,L2_AML_Sanctions,ANL-226,325.8,APPROVE
REV-3002939,APP-1007120,L2_AML_Sanctions,ANL-148,1322.4,APPROVE
REV-3002940,APP-1007123,L1_Document_Exception,ANL-239,594.6,REQUEST_REWORK
REV-3002941,APP-1007125,L2_AML_Sanctions,ANL-242,1020.6,REQUEST_REWORK
REV-3002942,APP-1007129,L1_Document_Exception,ANL-130,629.4,REQUEST_REWORK
REV-3002943,APP-1007132,L2_AML_Sanctions,ANL-122,931.2,APPROVE
REV-3002944,APP-1007133,L2_AML_Sanctions,ANL-163,556.8,APPROVE
REV-3002945,APP-1007134,L2_AML_Sanctions,ANL-183,816.6,APPROVE
REV-3002946,APP-1007136,L1_Document_Exception,ANL-118,282.0,REQUEST_REWORK
REV-3002947,APP-1007137,L2_AML_Sanctions,ANL-116,597.0,REJECT
REV-3002948,APP-1007138,L2_AML_Sanctions,ANL-240,506.4,APPROVE
REV-3002949,APP-1007141,L1_Document_Exception,ANL-108,489.0,REJECT
REV-3002950,APP-1007142,L1_Document_Exception,ANL-246,1334.4,APPROVE
REV-3002951,APP-1007143,L2_AML_Sanctions,ANL-240,1116.6,APPROVE
REV-3002952,APP-1007144,L1_Document_Exception,ANL-184,1337.4,REQUEST_REWORK
REV-3002953,APP-1007145,L2_AML_Sanctions,ANL-128,690.0,REJECT
REV-3002954,APP-1007146,L1_Document_Exception,ANL-204,1125.6,APPROVE
REV-3002955,APP-1007148,L2_AML_Sanctions,ANL-191,680.4,APPROVE
REV-3002956,APP-1007149,L2_AML_Sanctions,ANL-102,989.4,APPROVE
REV-3002957,APP-1007151,L1_Document_Exception,ANL-223,334.2,APPROVE
REV-3002958,APP-1007154,L1_Document_Exception,ANL-241,432.0,APPROVE
REV-3002959,APP-1007156,L1_Document_Exception,ANL-115,227.4,APPROVE
REV-3002960,APP-1007158,L2_AML_Sanctions,ANL-148,859.2,REQUEST_REWORK
REV-3002961,APP-1007159,L1_Document_Exception,ANL-125,892.8,APPROVE
REV-3002962,APP-1007166,L1_Document_Exception,ANL-247,1451.4,APPROVE
REV-3002963,APP-1007169,L1_Document_Exception,ANL-168,735.0,APPROVE
REV-3002964,APP-1007170,L1_Document_Exception,ANL-139,607.2,REQUEST_REWORK
REV-3002965,APP-1007171,L1_Document_Exception,ANL-234,394.2,REQUEST_REWORK
REV-3002966,APP-1007176,L2_AML_Sanctions,ANL-101,742.2,REQUEST_REWORK
REV-3002967,APP-1007178,L1_Document_Exception,ANL-240,493.8,APPROVE
REV-3002968,APP-1007183,L1_Document_Exception,ANL-168,927.0,APPROVE
REV-3002969,APP-1007185,L1_Document_Exception,ANL-213,628.2,REQUEST_REWORK
REV-3002970,APP-1007188,L1_Document_Exception,ANL-219,595.8,REQUEST_REWORK
REV-3002971,APP-1007191,L1_Document_Exception,ANL-202,552.0,APPROVE
REV-3002972,APP-1007192,L2_AML_Sanctions,ANL-143,1110.0,APPROVE
REV-3002973,APP-1007195,L1_Document_Exception,ANL-133,486.6,REQUEST_REWORK
REV-3002974,APP-1007196,L2_AML_Sanctions,ANL-207,722.4,APPROVE
REV-3002975,APP-1007198,L1_Document_Exception,ANL-215,814.2,REJECT
REV-3002976,APP-1007200,L1_Document_Exception,ANL-233,664.2,APPROVE
REV-3002977,APP-1007202,L1_Document_Exception,ANL-111,574.2,APPROVE
REV-3002978,APP-1007205,L1_Document_Exception,ANL-237,1106.4,REJECT
REV-3002979,APP-1007207,L1_Document_Exception,ANL-145,387.6,REQUEST_REWORK
REV-3002980,APP-1007208,L2_AML_Sanctions,ANL-163,829.8,REQUEST_REWORK
REV-3002981,APP-1007212,L2_AML_Sanctions,ANL-183,742.8,APPROVE
REV-3002982,APP-1007213,L2_AML_Sanctions,ANL-207,458.4,REQUEST_REWORK
REV-3002983,APP-1007215,L1_Document_Exception,ANL-172,692.4,APPROVE
REV-3002984,APP-1007219,L2_AML_Sanctions,ANL-117,1590.6,APPROVE
REV-3002985,APP-1007222,L1_Document_Exception,ANL-231,1054.2,REJECT
REV-3002986,APP-1007223,L2_AML_Sanctions,ANL-130,404.4,APPROVE
REV-3002987,APP-1007224,L1_Document_Exception,ANL-117,874.2,APPROVE
REV-3002988,APP-1007226,L1_Document_Exception,ANL-113,734.4,APPROVE
REV-3002989,APP-1007227,L2_AML_Sanctions,ANL-145,552.0,APPROVE
REV-3002990,APP-1007228,L1_Document_Exception,ANL-156,755.4,APPROVE
REV-3002991,APP-1007229,L1_Document_Exception,ANL-189,699.0,APPROVE
REV-3002992,APP-1007231,L2_AML_Sanctions,ANL-182,736.8,APPROVE
REV-3002993,APP-1007236,L1_Document_Exception,ANL-196,1216.8,REQUEST_REWORK
REV-3002994,APP-1007239,L1_Document_Exception,ANL-207,901.8,APPROVE
REV-3002995,APP-1007242,L1_Document_Exception,ANL-128,753.6,APPROVE
REV-3002996,APP-1007248,L1_Document_Exception,ANL-128,405.0,APPROVE
REV-3002997,APP-1007251,L1_Document_Exception,ANL-183,775.8,APPROVE
REV-3002998,APP-1007255,L2_AML_Sanctions,ANL-215,1806.0,APPROVE
REV-3002999,APP-1007257,L1_Document_Exception,ANL-239,575.4,APPROVE
REV-3003000,APP-1007258,L2_AML_Sanctions,ANL-209,922.8,REQUEST_REWORK
REV-3003001,APP-1007261,L1_Document_Exception,ANL-108,938.4,APPROVE
REV-3003002,APP-1007268,L1_Document_Exception,ANL-125,872.4,APPROVE
REV-3003003,APP-1007269,L1_Document_Exception,ANL-222,582.0,APPROVE
REV-3003004,APP-1007272,L1_Document_Exception,ANL-186,567.0,APPROVE
REV-3003005,APP-1007276,L2_AML_Sanctions,ANL-188,535.2,REQUEST_REWORK
REV-3003006,APP-1007278,L1_Document_Exception,ANL-157,483.6,APPROVE
REV-3003007,APP-1007281,L1_Document_Exception,ANL-216,810.0,APPROVE
REV-3003008,APP-1007283,L1_Document_Exception,ANL-228,508.2,APPROVE
REV-3003009,APP-1007289,L2_AML_Sanctions,ANL-120,908.4,REJECT
REV-3003010,APP-1007292,L2_AML_Sanctions,ANL-234,699.6,APPROVE
REV-3003011,APP-1007294,L1_Document_Exception,ANL-198,2034.6,APPROVE
REV-3003012,APP-1007295,L1_Document_Exception,ANL-156,1089.6,REQUEST_REWORK
REV-3003013,APP-1007296,L1_Document_Exception,ANL-222,411.6,APPROVE
REV-3003014,APP-1007297,L1_Document_Exception,ANL-111,849.0,APPROVE
REV-3003015,APP-1007298,L1_Document_Exception,ANL-181,773.4,APPROVE
REV-3003016,APP-1007301,L1_Document_Exception,ANL-119,752.4,APPROVE
REV-3003017,APP-1007304,L1_Document_Exception,ANL-153,783.0,APPROVE
REV-3003018,APP-1007305,L2_AML_Sanctions,ANL-141,328.2,REQUEST_REWORK
REV-3003019,APP-1007308,L1_Document_Exception,ANL-107,432.6,APPROVE
REV-3003020,APP-1007311,L1_Document_Exception,ANL-164,523.2,APPROVE
REV-3003021,APP-1007313,L1_Document_Exception,ANL-211,602.4,APPROVE
REV-3003022,APP-1007316,L1_Document_Exception,ANL-248,783.0,APPROVE
REV-3003023,APP-1007318,L2_AML_Sanctions,ANL-128,402.0,REQUEST_REWORK
REV-3003024,APP-1007319,L2_AML_Sanctions,ANL-118,915.0,APPROVE
REV-3003025,APP-1007320,L1_Document_Exception,ANL-178,889.8,APPROVE
REV-3003026,APP-1007324,L1_Document_Exception,ANL-219,616.8,APPROVE
REV-3003027,APP-1007330,L1_Document_Exception,ANL-168,1175.4,APPROVE
REV-3003028,APP-1007332,L1_Document_Exception,ANL-201,1131.6,APPROVE
REV-3003029,APP-1007335,L1_Document_Exception,ANL-222,664.8,REQUEST_REWORK
REV-3003030,APP-1007338,L1_Document_Exception,ANL-103,541.2,APPROVE
REV-3003031,APP-1007339,L1_Document_Exception,ANL-205,556.2,REJECT
REV-3003032,APP-1007341,L2_AML_Sanctions,ANL-139,1312.8,APPROVE
REV-3003033,APP-1007342,L1_Document_Exception,ANL-211,1222.8,APPROVE
REV-3003034,APP-1007346,L1_Document_Exception,ANL-122,847.8,APPROVE
REV-3003035,APP-1007351,L2_AML_Sanctions,ANL-213,193.8,REQUEST_REWORK
REV-3003036,APP-1007352,L1_Document_Exception,ANL-241,780.0,APPROVE
REV-3003037,APP-1007353,L1_Document_Exception,ANL-120,700.2,APPROVE
REV-3003038,APP-1007355,L2_AML_Sanctions,ANL-143,560.4,APPROVE
REV-3003039,APP-1007357,L1_Document_Exception,ANL-112,325.2,APPROVE
REV-3003040,APP-1007360,L2_AML_Sanctions,ANL-186,909.6,REQUEST_REWORK
REV-3003041,APP-1007362,L1_Document_Exception,ANL-233,810.6,APPROVE
REV-3003042,APP-1007365,L1_Document_Exception,ANL-154,303.6,APPROVE
REV-3003043,APP-1007366,L1_Document_Exception,ANL-231,648.6,APPROVE
REV-3003044,APP-1007368,L1_Document_Exception,ANL-193,549.0,APPROVE
REV-3003045,APP-1007370,L1_Document_Exception,ANL-121,841.2,REQUEST_REWORK
REV-3003046,APP-1007373,L2_AML_Sanctions,ANL-140,733.8,APPROVE
REV-3003047,APP-1007374,L2_AML_Sanctions,ANL-213,936.6,APPROVE
REV-3003048,APP-1007377,L1_Document_Exception,ANL-195,1120.2,APPROVE
REV-3003049,APP-1007378,L1_Document_Exception,ANL-238,513.0,REQUEST_REWORK
REV-3003050,APP-1007380,L1_Document_Exception,ANL-142,810.6,APPROVE
REV-3003051,APP-1007381,L1_Document_Exception,ANL-165,370.2,APPROVE
REV-3003052,APP-1007382,L1_Document_Exception,ANL-147,604.8,REQUEST_REWORK
REV-3003053,APP-1007383,L1_Document_Exception,ANL-235,532.8,APPROVE
REV-3003054,APP-1007384,L2_AML_Sanctions,ANL-160,628.2,REJECT
REV-3003055,APP-1007385,L1_Document_Exception,ANL-111,376.2,APPROVE
REV-3003056,APP-1007387,L1_Document_Exception,ANL-187,707.4,APPROVE
REV-3003057,APP-1007389,L1_Document_Exception,ANL-130,374.4,APPROVE
REV-3003058,APP-1007393,L1_Document_Exception,ANL-182,720.6,REQUEST_REWORK
REV-3003059,APP-1007394,L1_Document_Exception,ANL-246,1618.8,APPROVE
REV-3003060,APP-1007400,L1_Document_Exception,ANL-165,588.6,REQUEST_REWORK
REV-3003061,APP-1007405,L1_Document_Exception,ANL-161,800.4,APPROVE
REV-3003062,APP-1007406,L1_Document_Exception,ANL-156,594.6,APPROVE
REV-3003063,APP-1007407,L1_Document_Exception,ANL-213,488.4,APPROVE
REV-3003064,APP-1007408,L1_Document_Exception,ANL-159,740.4,REQUEST_REWORK
REV-3003065,APP-1007409,L2_AML_Sanctions,ANL-181,532.8,APPROVE
REV-3003066,APP-1007411,L1_Document_Exception,ANL-205,399.6,APPROVE
REV-3003067,APP-1007414,L1_Document_Exception,ANL-121,801.6,APPROVE
REV-3003068,APP-1007415,L1_Document_Exception,ANL-206,450.6,REQUEST_REWORK
REV-3003069,APP-1007422,L1_Document_Exception,ANL-186,1432.8,REJECT
REV-3003070,APP-1007426,L1_Document_Exception,ANL-125,483.0,APPROVE
REV-3003071,APP-1007427,L1_Document_Exception,ANL-130,850.8,REQUEST_REWORK
REV-3003072,APP-1007430,L1_Document_Exception,ANL-146,743.4,REJECT
REV-3003073,APP-1007434,L1_Document_Exception,ANL-179,988.2,REQUEST_REWORK
REV-3003074,APP-1007435,L2_AML_Sanctions,ANL-168,880.2,APPROVE
REV-3003075,APP-1007441,L1_Document_Exception,ANL-170,828.6,APPROVE
REV-3003076,APP-1007442,L1_Document_Exception,ANL-110,708.0,APPROVE
REV-3003077,APP-1007443,L1_Document_Exception,ANL-167,744.6,APPROVE
REV-3003078,APP-1007445,L1_Document_Exception,ANL-187,1103.4,APPROVE
REV-3003079,APP-1007447,L1_Document_Exception,ANL-164,400.8,APPROVE
REV-3003080,APP-1007448,L1_Document_Exception,ANL-166,423.6,APPROVE
REV-3003081,APP-1007450,L1_Document_Exception,ANL-165,739.8,APPROVE
REV-3003082,APP-1007451,L1_Document_Exception,ANL-120,511.8,REQUEST_REWORK
REV-3003083,APP-1007452,L2_AML_Sanctions,ANL-243,885.6,APPROVE
REV-3003084,APP-1007454,L2_AML_Sanctions,ANL-111,762.0,APPROVE
REV-3003085,APP-1007455,L1_Document_Exception,ANL-248,684.6,APPROVE
REV-3003086,APP-1007456,L1_Document_Exception,ANL-146,1282.8,APPROVE
REV-3003087,APP-1007457,L2_AML_Sanctions,ANL-195,657.0,APPROVE
REV-3003088,APP-1007477,L1_Document_Exception,ANL-216,899.4,APPROVE
REV-3003089,APP-1007482,L1_Document_Exception,ANL-243,1091.4,APPROVE
REV-3003090,APP-1007489,L1_Document_Exception,ANL-216,492.0,APPROVE
REV-3003091,APP-1007492,L1_Document_Exception,ANL-184,372.6,APPROVE
REV-3003092,APP-1007494,L1_Document_Exception,ANL-201,504.6,APPROVE
REV-3003093,APP-1007495,L1_Document_Exception,ANL-174,243.6,APPROVE
REV-3003094,APP-1007497,L1_Document_Exception,ANL-145,744.6,APPROVE
REV-3003095,APP-1007498,L1_Document_Exception,ANL-114,1032.0,REQUEST_REWORK
REV-3003096,APP-1007501,L2_AML_Sanctions,ANL-180,657.0,APPROVE
REV-3003097,APP-1007502,L2_AML_Sanctions,ANL-105,438.6,APPROVE
REV-3003098,APP-1007505,L1_Document_Exception,ANL-182,1420.2,APPROVE
REV-3003099,APP-1007506,L2_AML_Sanctions,ANL-102,801.6,APPROVE
REV-3003100,APP-1007507,L1_Document_Exception,ANL-230,930.6,APPROVE
REV-3003101,APP-1007511,L1_Document_Exception,ANL-201,418.8,APPROVE
REV-3003102,APP-1007516,L1_Document_Exception,ANL-206,538.8,APPROVE
REV-3003103,APP-1007518,L1_Document_Exception,ANL-119,669.6,APPROVE
REV-3003104,APP-1007526,L2_AML_Sanctions,ANL-110,407.4,APPROVE
REV-3003105,APP-1007527,L1_Document_Exception,ANL-142,795.6,APPROVE
REV-3003106,APP-1007528,L2_AML_Sanctions,ANL-147,739.2,APPROVE
REV-3003107,APP-1007529,L1_Document_Exception,ANL-225,310.8,APPROVE
REV-3003108,APP-1007530,L1_Document_Exception,ANL-155,478.2,REJECT
REV-3003109,APP-1007532,L1_Document_Exception,ANL-187,690.0,APPROVE
REV-3003110,APP-1007533,L1_Document_Exception,ANL-121,733.2,APPROVE
REV-3003111,APP-1007534,L1_Document_Exception,ANL-206,680.4,APPROVE
REV-3003112,APP-1007536,L2_AML_Sanctions,ANL-246,665.4,APPROVE
REV-3003113,APP-1007537,L2_AML_Sanctions,ANL-221,1089.0,APPROVE
REV-3003114,APP-1007542,L2_AML_Sanctions,ANL-172,331.2,APPROVE
REV-3003115,APP-1007545,L1_Document_Exception,ANL-172,808.2,APPROVE
REV-3003116,APP-1007546,L1_Document_Exception,ANL-202,530.4,APPROVE
REV-3003117,APP-1007547,L2_AML_Sanctions,ANL-183,791.4,APPROVE
REV-3003118,APP-1007551,L1_Document_Exception,ANL-207,807.0,APPROVE
REV-3003119,APP-1007559,L2_AML_Sanctions,ANL-209,901.2,APPROVE
REV-3003120,APP-1007560,L1_Document_Exception,ANL-193,476.4,APPROVE
REV-3003121,APP-1007568,L2_AML_Sanctions,ANL-145,297.0,APPROVE
REV-3003122,APP-1007570,L1_Document_Exception,ANL-124,549.6,REQUEST_REWORK
REV-3003123,APP-1007574,L1_Document_Exception,ANL-231,608.4,APPROVE
REV-3003124,APP-1007575,L1_Document_Exception,ANL-182,423.0,APPROVE
REV-3003125,APP-1007576,L1_Document_Exception,ANL-115,1190.4,APPROVE
REV-3003126,APP-1007577,L1_Document_Exception,ANL-142,801.0,APPROVE
REV-3003127,APP-1007579,L2_AML_Sanctions,ANL-180,850.2,APPROVE
REV-3003128,APP-1007580,L2_AML_Sanctions,ANL-132,654.0,REJECT
REV-3003129,APP-1007581,L2_AML_Sanctions,ANL-111,282.0,APPROVE
REV-3003130,APP-1007584,L2_AML_Sanctions,ANL-207,821.4,APPROVE
REV-3003131,APP-1007587,L1_Document_Exception,ANL-136,1150.8,APPROVE
REV-3003132,APP-1007588,L2_AML_Sanctions,ANL-147,453.0,APPROVE
REV-3003133,APP-1007589,L2_AML_Sanctions,ANL-140,384.6,APPROVE
REV-3003134,APP-1007591,L2_AML_Sanctions,ANL-199,642.0,REJECT
REV-3003135,APP-1007592,L1_Document_Exception,ANL-174,1155.0,APPROVE
REV-3003136,APP-1007598,L1_Document_Exception,ANL-158,393.0,APPROVE
REV-3003137,APP-1007600,L1_Document_Exception,ANL-146,692.4,REQUEST_REWORK
REV-3003138,APP-1007601,L1_Document_Exception,ANL-172,953.4,APPROVE
REV-3003139,APP-1007605,L1_Document_Exception,ANL-198,570.0,REQUEST_REWORK
REV-3003140,APP-1007611,L1_Document_Exception,ANL-138,744.0,REJECT
REV-3003141,APP-1007612,L2_AML_Sanctions,ANL-157,1022.4,REQUEST_REWORK
REV-3003142,APP-1007613,L2_AML_Sanctions,ANL-186,868.2,APPROVE
REV-3003143,APP-1007617,L2_AML_Sanctions,ANL-132,1192.8,APPROVE
REV-3003144,APP-1007618,L2_AML_Sanctions,ANL-161,743.4,APPROVE
REV-3003145,APP-1007619,L2_AML_Sanctions,ANL-146,937.2,APPROVE
REV-3003146,APP-1007620,L1_Document_Exception,ANL-238,1105.8,APPROVE
REV-3003147,APP-1007622,L1_Document_Exception,ANL-234,466.8,APPROVE
REV-3003148,APP-1007623,L1_Document_Exception,ANL-220,1091.4,REQUEST_REWORK
REV-3003149,APP-1007625,L1_Document_Exception,ANL-166,1077.6,APPROVE
REV-3003150,APP-1007628,L2_AML_Sanctions,ANL-188,531.6,REQUEST_REWORK
REV-3003151,APP-1007629,L2_AML_Sanctions,ANL-149,955.8,APPROVE
REV-3003152,APP-1007630,L1_Document_Exception,ANL-166,1051.8,REQUEST_REWORK
REV-3003153,APP-1007634,L1_Document_Exception,ANL-181,586.2,REQUEST_REWORK
REV-3003154,APP-1007636,L2_AML_Sanctions,ANL-149,763.2,APPROVE
REV-3003155,APP-1007640,L2_AML_Sanctions,ANL-187,694.2,APPROVE
REV-3003156,APP-1007641,L2_AML_Sanctions,ANL-214,893.4,APPROVE
REV-3003157,APP-1007642,L1_Document_Exception,ANL-154,423.6,REQUEST_REWORK
REV-3003158,APP-1007643,L1_Document_Exception,ANL-208,994.2,APPROVE
REV-3003159,APP-1007644,L1_Document_Exception,ANL-190,598.8,APPROVE
REV-3003160,APP-1007645,L1_Document_Exception,ANL-124,503.4,REQUEST_REWORK
REV-3003161,APP-1007646,L1_Document_Exception,ANL-210,474.6,APPROVE
REV-3003162,APP-1007647,L1_Document_Exception,ANL-125,552.0,APPROVE
REV-3003163,APP-1007649,L1_Document_Exception,ANL-103,1383.6,REQUEST_REWORK
REV-3003164,APP-1007653,L1_Document_Exception,ANL-105,1269.6,APPROVE
REV-3003165,APP-1007654,L2_AML_Sanctions,ANL-242,423.6,APPROVE
REV-3003166,APP-1007655,L1_Document_Exception,ANL-184,489.0,APPROVE
REV-3003167,APP-1007662,L1_Document_Exception,ANL-137,409.8,APPROVE
REV-3003168,APP-1007665,L1_Document_Exception,ANL-106,642.6,APPROVE
REV-3003169,APP-1007666,L2_AML_Sanctions,ANL-157,527.4,REQUEST_REWORK
REV-3003170,APP-1007668,L1_Document_Exception,ANL-238,1022.4,APPROVE
REV-3003171,APP-1007671,L1_Document_Exception,ANL-238,759.6,APPROVE
REV-3003172,APP-1007672,L1_Document_Exception,ANL-190,732.0,APPROVE
REV-3003173,APP-1007674,L1_Document_Exception,ANL-242,913.2,REQUEST_REWORK
REV-3003174,APP-1007676,L2_AML_Sanctions,ANL-139,824.4,APPROVE
REV-3003175,APP-1007678,L1_Document_Exception,ANL-143,847.8,APPROVE
REV-3003176,APP-1007679,L1_Document_Exception,ANL-158,466.8,APPROVE
REV-3003177,APP-1007681,L2_AML_Sanctions,ANL-206,636.0,APPROVE
REV-3003178,APP-1007682,L1_Document_Exception,ANL-150,528.6,APPROVE
REV-3003179,APP-1007685,L2_AML_Sanctions,ANL-247,621.0,APPROVE
REV-3003180,APP-1007686,L2_AML_Sanctions,ANL-162,1190.4,APPROVE
REV-3003181,APP-1007687,L1_Document_Exception,ANL-244,945.0,APPROVE
REV-3003182,APP-1007692,L1_Document_Exception,ANL-164,666.6,REQUEST_REWORK
REV-3003183,APP-1007693,L2_AML_Sanctions,ANL-166,340.2,APPROVE
REV-3003184,APP-1007696,L2_AML_Sanctions,ANL-116,386.4,APPROVE
REV-3003185,APP-1007697,L1_Document_Exception,ANL-213,793.8,APPROVE
REV-3003186,APP-1007701,L2_AML_Sanctions,ANL-164,315.0,APPROVE
REV-3003187,APP-1007703,L2_AML_Sanctions,ANL-196,759.6,APPROVE
REV-3003188,APP-1007706,L1_Document_Exception,ANL-126,764.4,APPROVE
REV-3003189,APP-1007709,L2_AML_Sanctions,ANL-247,874.2,APPROVE
REV-3003190,APP-1007712,L2_AML_Sanctions,ANL-162,847.8,APPROVE
REV-3003191,APP-1007716,L1_Document_Exception,ANL-181,375.6,APPROVE
REV-3003192,APP-1007723,L2_AML_Sanctions,ANL-143,1074.6,APPROVE
REV-3003193,APP-1007724,L1_Document_Exception,ANL-117,432.6,APPROVE
REV-3003194,APP-1007725,L1_Document_Exception,ANL-103,627.0,APPROVE
REV-3003195,APP-1007726,L1_Document_Exception,ANL-153,902.4,APPROVE
REV-3003196,APP-1007727,L1_Document_Exception,ANL-104,797.4,APPROVE
REV-3003197,APP-1007730,L1_Document_Exception,ANL-107,915.6,APPROVE
REV-3003198,APP-1007732,L1_Document_Exception,ANL-220,615.6,APPROVE
REV-3003199,APP-1007735,L1_Document_Exception,ANL-239,589.8,APPROVE
REV-3003200,APP-1007737,L1_Document_Exception,ANL-124,418.8,APPROVE
REV-3003201,APP-1007738,L1_Document_Exception,ANL-241,846.6,APPROVE
REV-3003202,APP-1007739,L2_AML_Sanctions,ANL-110,471.0,APPROVE
REV-3003203,APP-1007742,L1_Document_Exception,ANL-101,649.8,APPROVE
REV-3003204,APP-1007744,L1_Document_Exception,ANL-119,778.8,REQUEST_REWORK
REV-3003205,APP-1007745,L1_Document_Exception,ANL-194,760.2,REQUEST_REWORK
REV-3003206,APP-1007746,L1_Document_Exception,ANL-235,690.0,REQUEST_REWORK
REV-3003207,APP-1007749,L2_AML_Sanctions,ANL-229,990.6,REQUEST_REWORK
REV-3003208,APP-1007750,L2_AML_Sanctions,ANL-129,583.2,APPROVE
REV-3003209,APP-1007753,L1_Document_Exception,ANL-149,1006.8,REQUEST_REWORK
REV-3003210,APP-1007754,L1_Document_Exception,ANL-229,427.2,REQUEST_REWORK
REV-3003211,APP-1007756,L1_Document_Exception,ANL-144,927.0,APPROVE
REV-3003212,APP-1007758,L1_Document_Exception,ANL-176,586.2,APPROVE
REV-3003213,APP-1007762,L1_Document_Exception,ANL-136,783.6,APPROVE
REV-3003214,APP-1007767,L2_AML_Sanctions,ANL-124,433.8,REQUEST_REWORK
REV-3003215,APP-1007770,L1_Document_Exception,ANL-220,469.2,REQUEST_REWORK
REV-3003216,APP-1007775,L1_Document_Exception,ANL-228,1614.0,APPROVE
REV-3003217,APP-1007776,L1_Document_Exception,ANL-115,702.6,APPROVE
REV-3003218,APP-1007777,L1_Document_Exception,ANL-198,1038.0,APPROVE
REV-3003219,APP-1007781,L1_Document_Exception,ANL-248,787.2,APPROVE
REV-3003220,APP-1007782,L2_AML_Sanctions,ANL-227,2160.0,APPROVE
REV-3003221,APP-1007783,L1_Document_Exception,ANL-125,640.2,APPROVE
REV-3003222,APP-1007786,L1_Document_Exception,ANL-170,874.8,APPROVE
REV-3003223,APP-1007794,L1_Document_Exception,ANL-150,597.0,APPROVE
REV-3003224,APP-1007801,L1_Document_Exception,ANL-150,1569.6,APPROVE
REV-3003225,APP-1007806,L1_Document_Exception,ANL-141,501.6,APPROVE
REV-3003226,APP-1007807,L2_AML_Sanctions,ANL-118,766.8,REJECT
REV-3003227,APP-1007809,L1_Document_Exception,ANL-185,237.0,APPROVE
REV-3003228,APP-1007811,L1_Document_Exception,ANL-215,571.8,REQUEST_REWORK
REV-3003229,APP-1007814,L2_AML_Sanctions,ANL-175,1095.6,APPROVE
REV-3003230,APP-1007815,L1_Document_Exception,ANL-218,811.8,APPROVE
REV-3003231,APP-1007816,L1_Document_Exception,ANL-219,543.0,APPROVE
REV-3003232,APP-1007819,L1_Document_Exception,ANL-183,669.6,APPROVE
REV-3003233,APP-1007820,L1_Document_Exception,ANL-220,488.4,REQUEST_REWORK
REV-3003234,APP-1007821,L1_Document_Exception,ANL-110,418.2,REQUEST_REWORK
REV-3003235,APP-1007824,L2_AML_Sanctions,ANL-115,357.6,APPROVE
REV-3003236,APP-1007825,L1_Document_Exception,ANL-105,405.0,APPROVE
REV-3003237,APP-1007826,L1_Document_Exception,ANL-176,541.2,APPROVE
REV-3003238,APP-1007830,L2_AML_Sanctions,ANL-238,1165.8,REQUEST_REWORK
REV-3003239,APP-1007831,L2_AML_Sanctions,ANL-131,674.4,APPROVE
REV-3003240,APP-1007832,L1_Document_Exception,ANL-243,856.8,APPROVE
REV-3003241,APP-1007835,L1_Document_Exception,ANL-248,1047.6,REQUEST_REWORK
REV-3003242,APP-1007840,L1_Document_Exception,ANL-201,940.8,APPROVE
REV-3003243,APP-1007842,L1_Document_Exception,ANL-162,1043.4,APPROVE
REV-3003244,APP-1007843,L1_Document_Exception,ANL-200,711.0,APPROVE
REV-3003245,APP-1007845,L2_AML_Sanctions,ANL-119,547.8,REJECT
REV-3003246,APP-1007848,L1_Document_Exception,ANL-210,487.8,APPROVE
REV-3003247,APP-1007849,L1_Document_Exception,ANL-209,1463.4,APPROVE
REV-3003248,APP-1007850,L2_AML_Sanctions,ANL-207,919.8,APPROVE
REV-3003249,APP-1007851,L2_AML_Sanctions,ANL-225,705.6,APPROVE
REV-3003250,APP-1007852,L1_Document_Exception,ANL-135,936.0,APPROVE
REV-3003251,APP-1007854,L1_Document_Exception,ANL-214,848.4,APPROVE
REV-3003252,APP-1007856,L1_Document_Exception,ANL-137,367.8,REQUEST_REWORK
REV-3003253,APP-1007857,L1_Document_Exception,ANL-119,549.6,REQUEST_REWORK
REV-3003254,APP-1007861,L1_Document_Exception,ANL-102,678.6,REJECT
REV-3003255,APP-1007862,L2_AML_Sanctions,ANL-219,592.8,APPROVE
REV-3003256,APP-1007866,L2_AML_Sanctions,ANL-165,362.4,APPROVE
REV-3003257,APP-1007870,L1_Document_Exception,ANL-213,618.6,APPROVE
REV-3003258,APP-1007873,L2_AML_Sanctions,ANL-217,315.6,REQUEST_REWORK
REV-3003259,APP-1007876,L1_Document_Exception,ANL-114,577.2,APPROVE
REV-3003260,APP-1007878,L2_AML_Sanctions,ANL-174,842.4,REJECT
REV-3003261,APP-1007879,L1_Document_Exception,ANL-249,497.4,APPROVE
REV-3003262,APP-1007880,L1_Document_Exception,ANL-200,979.2,REQUEST_REWORK
REV-3003263,APP-1007882,L2_AML_Sanctions,ANL-222,665.4,APPROVE
REV-3003264,APP-1007883,L2_AML_Sanctions,ANL-195,749.4,APPROVE
REV-3003265,APP-1007884,L2_AML_Sanctions,ANL-199,1224.0,APPROVE
REV-3003266,APP-1007885,L2_AML_Sanctions,ANL-186,1062.6,APPROVE
REV-3003267,APP-1007886,L1_Document_Exception,ANL-141,1115.4,APPROVE
REV-3003268,APP-1007887,L1_Document_Exception,ANL-126,795.0,APPROVE
REV-3003269,APP-1007888,L2_AML_Sanctions,ANL-239,1254.0,APPROVE
REV-3003270,APP-1007889,L1_Document_Exception,ANL-134,790.8,REQUEST_REWORK
REV-3003271,APP-1007891,L1_Document_Exception,ANL-185,420.6,REQUEST_REWORK
REV-3003272,APP-1007892,L1_Document_Exception,ANL-173,930.6,APPROVE
REV-3003273,APP-1007894,L2_AML_Sanctions,ANL-177,681.0,REJECT
REV-3003274,APP-1007895,L1_Document_Exception,ANL-185,562.2,APPROVE
REV-3003275,APP-1007896,L2_AML_Sanctions,ANL-169,474.0,APPROVE
REV-3003276,APP-1007899,L1_Document_Exception,ANL-195,734.4,APPROVE
REV-3003277,APP-1007901,L1_Document_Exception,ANL-248,294.0,APPROVE
REV-3003278,APP-1007903,L1_Document_Exception,ANL-213,402.6,APPROVE
REV-3003279,APP-1007907,L2_AML_Sanctions,ANL-163,888.0,REQUEST_REWORK
REV-3003280,APP-1007915,L1_Document_Exception,ANL-104,591.0,APPROVE
REV-3003281,APP-1007916,L2_AML_Sanctions,ANL-225,738.0,APPROVE
REV-3003282,APP-1007917,L2_AML_Sanctions,ANL-115,473.4,APPROVE
REV-3003283,APP-1007919,L1_Document_Exception,ANL-126,699.0,REQUEST_REWORK
REV-3003284,APP-1007920,L1_Document_Exception,ANL-213,838.2,APPROVE
REV-3003285,APP-1007921,L2_AML_Sanctions,ANL-226,742.2,REJECT
REV-3003286,APP-1007923,L1_Document_Exception,ANL-203,553.2,APPROVE
REV-3003287,APP-1007924,L2_AML_Sanctions,ANL-134,620.4,REJECT
REV-3003288,APP-1007926,L1_Document_Exception,ANL-140,496.8,REQUEST_REWORK
REV-3003289,APP-1007927,L1_Document_Exception,ANL-139,992.4,APPROVE
REV-3003290,APP-1007929,L1_Document_Exception,ANL-102,348.6,APPROVE
REV-3003291,APP-1007931,L1_Document_Exception,ANL-224,544.8,REQUEST_REWORK
REV-3003292,APP-1007932,L1_Document_Exception,ANL-128,337.8,REQUEST_REWORK
REV-3003293,APP-1007933,L1_Document_Exception,ANL-129,533.4,REQUEST_REWORK
REV-3003294,APP-1007935,L2_AML_Sanctions,ANL-135,497.4,REQUEST_REWORK
REV-3003295,APP-1007936,L1_Document_Exception,ANL-186,621.0,APPROVE
REV-3003296,APP-1007938,L1_Document_Exception,ANL-192,803.4,APPROVE
REV-3003297,APP-1007941,L1_Document_Exception,ANL-170,484.8,APPROVE
REV-3003298,APP-1007942,L1_Document_Exception,ANL-116,606.6,APPROVE
REV-3003299,APP-1007948,L2_AML_Sanctions,ANL-240,838.2,APPROVE
REV-3003300,APP-1007951,L1_Document_Exception,ANL-229,414.6,APPROVE
REV-3003301,APP-1007952,L1_Document_Exception,ANL-174,560.4,REQUEST_REWORK
REV-3003302,APP-1007954,L2_AML_Sanctions,ANL-246,525.6,APPROVE
REV-3003303,APP-1007955,L1_Document_Exception,ANL-234,826.8,APPROVE
REV-3003304,APP-1007957,L1_Document_Exception,ANL-154,651.0,APPROVE
REV-3003305,APP-1007958,L2_AML_Sanctions,ANL-236,534.6,APPROVE
REV-3003306,APP-1007959,L1_Document_Exception,ANL-225,471.0,APPROVE
REV-3003307,APP-1007960,L1_Document_Exception,ANL-163,495.6,APPROVE
REV-3003308,APP-1007962,L2_AML_Sanctions,ANL-239,459.6,APPROVE
REV-3003309,APP-1007964,L1_Document_Exception,ANL-224,742.8,APPROVE
REV-3003310,APP-1007970,L1_Document_Exception,ANL-162,720.6,REQUEST_REWORK
REV-3003311,APP-1007972,L1_Document_Exception,ANL-235,1323.6,APPROVE
REV-3003312,APP-1007974,L1_Document_Exception,ANL-166,818.4,APPROVE
REV-3003313,APP-1007975,L1_Document_Exception,ANL-224,521.4,APPROVE
REV-3003314,APP-1007977,L1_Document_Exception,ANL-215,474.6,APPROVE
REV-3003315,APP-1007980,L1_Document_Exception,ANL-233,591.6,APPROVE
REV-3003316,APP-1007981,L1_Document_Exception,ANL-220,554.4,APPROVE
REV-3003317,APP-1007982,L1_Document_Exception,ANL-169,493.8,APPROVE
REV-3003318,APP-1007983,L1_Document_Exception,ANL-132,334.2,APPROVE
REV-3003319,APP-1007986,L1_Document_Exception,ANL-127,762.6,REJECT
REV-3003320,APP-1007988,L1_Document_Exception,ANL-131,599.4,APPROVE
REV-3003321,APP-1007991,L1_Document_Exception,ANL-129,301.2,APPROVE
REV-3003322,APP-1008003,L1_Document_Exception,ANL-228,814.2,APPROVE
REV-3003323,APP-1008004,L1_Document_Exception,ANL-144,1137.0,APPROVE
REV-3003324,APP-1008005,L1_Document_Exception,ANL-103,573.0,REQUEST_REWORK
REV-3003325,APP-1008007,L1_Document_Exception,ANL-246,1014.6,REQUEST_REWORK
REV-3003326,APP-1008009,L1_Document_Exception,ANL-139,516.0,REQUEST_REWORK
REV-3003327,APP-1008010,L1_Document_Exception,ANL-106,433.2,APPROVE
REV-3003328,APP-1008011,L1_Document_Exception,ANL-207,704.4,APPROVE
REV-3003329,APP-1008014,L1_Document_Exception,ANL-140,638.4,APPROVE
REV-3003330,APP-1008015,L1_Document_Exception,ANL-195,481.8,APPROVE
REV-3003331,APP-1008016,L2_AML_Sanctions,ANL-200,812.4,APPROVE
REV-3003332,APP-1008018,L2_AML_Sanctions,ANL-112,952.2,APPROVE
REV-3003333,APP-1008021,L1_Document_Exception,ANL-160,970.8,APPROVE
REV-3003334,APP-1008024,L1_Document_Exception,ANL-182,610.8,APPROVE
REV-3003335,APP-1008026,L2_AML_Sanctions,ANL-161,1327.2,APPROVE
REV-3003336,APP-1008028,L2_AML_Sanctions,ANL-174,823.2,REQUEST_REWORK
REV-3003337,APP-1008032,L2_AML_Sanctions,ANL-239,528.0,REQUEST_REWORK
REV-3003338,APP-1008035,L2_AML_Sanctions,ANL-148,725.4,APPROVE
REV-3003339,APP-1008039,L2_AML_Sanctions,ANL-187,348.6,REQUEST_REWORK
REV-3003340,APP-1008040,L1_Document_Exception,ANL-203,405.6,APPROVE
REV-3003341,APP-1008041,L1_Document_Exception,ANL-155,945.6,APPROVE
REV-3003342,APP-1008042,L1_Document_Exception,ANL-141,637.8,APPROVE
REV-3003343,APP-1008043,L2_AML_Sanctions,ANL-189,635.4,APPROVE
REV-3003344,APP-1008045,L2_AML_Sanctions,ANL-226,563.4,REJECT
REV-3003345,APP-1008054,L2_AML_Sanctions,ANL-178,1031.4,APPROVE
REV-3003346,APP-1008066,L1_Document_Exception,ANL-114,785.4,APPROVE
REV-3003347,APP-1008071,L1_Document_Exception,ANL-219,423.0,APPROVE
REV-3003348,APP-1008072,L2_AML_Sanctions,ANL-199,434.4,APPROVE
REV-3003349,APP-1008073,L2_AML_Sanctions,ANL-246,588.0,APPROVE
REV-3003350,APP-1008074,L2_AML_Sanctions,ANL-242,610.2,APPROVE
REV-3003351,APP-1008076,L1_Document_Exception,ANL-128,1372.2,APPROVE
REV-3003352,APP-1008077,L1_Document_Exception,ANL-234,725.4,REQUEST_REWORK
REV-3003353,APP-1008078,L1_Document_Exception,ANL-178,328.8,APPROVE
REV-3003354,APP-1008079,L1_Document_Exception,ANL-222,330.6,APPROVE
REV-3003355,APP-1008080,L2_AML_Sanctions,ANL-249,810.0,APPROVE
REV-3003356,APP-1008081,L2_AML_Sanctions,ANL-130,814.2,APPROVE
REV-3003357,APP-1008082,L1_Document_Exception,ANL-105,406.2,REQUEST_REWORK
REV-3003358,APP-1008084,L1_Document_Exception,ANL-172,902.4,APPROVE
REV-3003359,APP-1008092,L2_AML_Sanctions,ANL-134,749.4,APPROVE
REV-3003360,APP-1008095,L1_Document_Exception,ANL-104,443.4,REQUEST_REWORK
REV-3003361,APP-1008097,L1_Document_Exception,ANL-178,1130.4,REQUEST_REWORK
REV-3003362,APP-1008101,L2_AML_Sanctions,ANL-176,307.8,REQUEST_REWORK
REV-3003363,APP-1008103,L1_Document_Exception,ANL-209,1536.0,APPROVE
REV-3003364,APP-1008105,L1_Document_Exception,ANL-118,902.4,REQUEST_REWORK
REV-3003365,APP-1008106,L2_AML_Sanctions,ANL-115,436.8,APPROVE
REV-3003366,APP-1008107,L1_Document_Exception,ANL-175,342.6,APPROVE
REV-3003367,APP-1008108,L2_AML_Sanctions,ANL-146,851.4,APPROVE
REV-3003368,APP-1008109,L1_Document_Exception,ANL-216,669.0,APPROVE
REV-3003369,APP-1008110,L1_Document_Exception,ANL-209,599.4,APPROVE
REV-3003370,APP-1008111,L1_Document_Exception,ANL-232,742.8,APPROVE
REV-3003371,APP-1008114,L1_Document_Exception,ANL-247,608.4,REQUEST_REWORK
REV-3003372,APP-1008119,L2_AML_Sanctions,ANL-189,627.6,REQUEST_REWORK
REV-3003373,APP-1008121,L2_AML_Sanctions,ANL-166,702.0,APPROVE
REV-3003374,APP-1008123,L2_AML_Sanctions,ANL-138,1005.6,APPROVE
REV-3003375,APP-1008125,L1_Document_Exception,ANL-130,721.8,REQUEST_REWORK
REV-3003376,APP-1008131,L1_Document_Exception,ANL-158,667.8,APPROVE
REV-3003377,APP-1008135,L2_AML_Sanctions,ANL-102,899.4,REJECT
REV-3003378,APP-1008137,L2_AML_Sanctions,ANL-138,523.8,APPROVE
REV-3003379,APP-1008138,L1_Document_Exception,ANL-143,541.8,APPROVE
REV-3003380,APP-1008139,L1_Document_Exception,ANL-105,1007.4,REQUEST_REWORK
REV-3003381,APP-1008142,L2_AML_Sanctions,ANL-173,483.6,REJECT
REV-3003382,APP-1008143,L2_AML_Sanctions,ANL-242,555.6,APPROVE
REV-3003383,APP-1008145,L1_Document_Exception,ANL-145,1033.8,APPROVE
REV-3003384,APP-1008147,L2_AML_Sanctions,ANL-134,789.0,APPROVE
REV-3003385,APP-1008149,L2_AML_Sanctions,ANL-226,310.8,APPROVE
REV-3003386,APP-1008150,L1_Document_Exception,ANL-116,921.6,APPROVE
REV-3003387,APP-1008151,L1_Document_Exception,ANL-196,1279.8,APPROVE
REV-3003388,APP-1008152,L2_AML_Sanctions,ANL-223,420.0,APPROVE
REV-3003389,APP-1008153,L1_Document_Exception,ANL-165,641.4,REQUEST_REWORK
REV-3003390,APP-1008154,L2_AML_Sanctions,ANL-243,820.8,REQUEST_REWORK
REV-3003391,APP-1008156,L1_Document_Exception,ANL-112,1116.0,REQUEST_REWORK
REV-3003392,APP-1008159,L1_Document_Exception,ANL-103,392.4,REQUEST_REWORK
REV-3003393,APP-1008163,L1_Document_Exception,ANL-165,556.2,APPROVE
REV-3003394,APP-1008168,L1_Document_Exception,ANL-165,1933.2,REQUEST_REWORK
REV-3003395,APP-1008169,L2_AML_Sanctions,ANL-246,2160.0,APPROVE
REV-3003396,APP-1008171,L1_Document_Exception,ANL-246,772.8,APPROVE
REV-3003397,APP-1008175,L1_Document_Exception,ANL-187,1348.2,APPROVE
REV-3003398,APP-1008178,L2_AML_Sanctions,ANL-199,883.8,REQUEST_REWORK
REV-3003399,APP-1008181,L1_Document_Exception,ANL-139,1842.0,APPROVE
REV-3003400,APP-1008192,L1_Document_Exception,ANL-230,435.0,APPROVE
REV-3003401,APP-1008193,L1_Document_Exception,ANL-166,732.6,APPROVE
REV-3003402,APP-1008194,L1_Document_Exception,ANL-248,484.8,REQUEST_REWORK
REV-3003403,APP-1008196,L1_Document_Exception,ANL-236,1312.2,APPROVE
REV-3003404,APP-1008198,L1_Document_Exception,ANL-197,1151.4,APPROVE
REV-3003405,APP-1008211,L2_AML_Sanctions,ANL-199,951.0,APPROVE
REV-3003406,APP-1008214,L1_Document_Exception,ANL-130,741.0,APPROVE
REV-3003407,APP-1008215,L2_AML_Sanctions,ANL-111,1144.2,APPROVE
REV-3003408,APP-1008216,L2_AML_Sanctions,ANL-111,849.0,APPROVE
REV-3003409,APP-1008220,L1_Document_Exception,ANL-137,758.4,REJECT
REV-3003410,APP-1008223,L2_AML_Sanctions,ANL-112,828.0,APPROVE
REV-3003411,APP-1008227,L1_Document_Exception,ANL-106,543.0,REQUEST_REWORK
REV-3003412,APP-1008228,L2_AML_Sanctions,ANL-224,1422.6,APPROVE
REV-3003413,APP-1008231,L2_AML_Sanctions,ANL-164,548.4,APPROVE
REV-3003414,APP-1008236,L1_Document_Exception,ANL-201,1076.4,APPROVE
REV-3003415,APP-1008240,L2_AML_Sanctions,ANL-236,610.8,REJECT
REV-3003416,APP-1008248,L1_Document_Exception,ANL-209,1128.0,APPROVE
REV-3003417,APP-1008249,L2_AML_Sanctions,ANL-117,579.0,APPROVE
REV-3003418,APP-1008254,L1_Document_Exception,ANL-221,1132.8,APPROVE
REV-3003419,APP-1008255,L2_AML_Sanctions,ANL-201,1164.6,REQUEST_REWORK
REV-3003420,APP-1008258,L2_AML_Sanctions,ANL-112,572.4,APPROVE
REV-3003421,APP-1008260,L1_Document_Exception,ANL-169,1464.6,APPROVE
REV-3003422,APP-1008261,L2_AML_Sanctions,ANL-146,593.4,APPROVE
REV-3003423,APP-1008262,L2_AML_Sanctions,ANL-223,339.0,APPROVE
REV-3003424,APP-1008264,L2_AML_Sanctions,ANL-127,274.2,REJECT
REV-3003425,APP-1008265,L2_AML_Sanctions,ANL-206,629.4,APPROVE
REV-3003426,APP-1008266,L1_Document_Exception,ANL-142,855.0,APPROVE
REV-3003427,APP-1008272,L1_Document_Exception,ANL-152,834.6,APPROVE
REV-3003428,APP-1008275,L1_Document_Exception,ANL-225,750.0,APPROVE
REV-3003429,APP-1008276,L1_Document_Exception,ANL-193,450.6,APPROVE
REV-3003430,APP-1008280,L2_AML_Sanctions,ANL-117,876.0,REJECT
REV-3003431,APP-1008281,L1_Document_Exception,ANL-202,442.8,APPROVE
REV-3003432,APP-1008282,L1_Document_Exception,ANL-222,558.0,REQUEST_REWORK
REV-3003433,APP-1008285,L1_Document_Exception,ANL-190,619.8,APPROVE
REV-3003434,APP-1008287,L1_Document_Exception,ANL-125,673.8,APPROVE
REV-3003435,APP-1008288,L1_Document_Exception,ANL-167,821.4,APPROVE
REV-3003436,APP-1008289,L1_Document_Exception,ANL-162,691.8,APPROVE
REV-3003437,APP-1008292,L1_Document_Exception,ANL-210,570.0,APPROVE
REV-3003438,APP-1008294,L2_AML_Sanctions,ANL-144,737.4,REJECT
REV-3003439,APP-1008302,L1_Document_Exception,ANL-222,877.8,APPROVE
REV-3003440,APP-1008304,L1_Document_Exception,ANL-145,1138.2,APPROVE
REV-3003441,APP-1008312,L1_Document_Exception,ANL-238,502.2,APPROVE
REV-3003442,APP-1008313,L1_Document_Exception,ANL-155,1425.6,REQUEST_REWORK
REV-3003443,APP-1008314,L1_Document_Exception,ANL-173,584.4,APPROVE
REV-3003444,APP-1008315,L2_AML_Sanctions,ANL-247,383.4,APPROVE
REV-3003445,APP-1008316,L1_Document_Exception,ANL-207,544.2,APPROVE
REV-3003446,APP-1008319,L1_Document_Exception,ANL-212,652.2,APPROVE
REV-3003447,APP-1008320,L1_Document_Exception,ANL-131,682.2,APPROVE
REV-3003448,APP-1008321,L1_Document_Exception,ANL-126,552.6,APPROVE
REV-3003449,APP-1008322,L1_Document_Exception,ANL-192,837.0,APPROVE
REV-3003450,APP-1008323,L1_Document_Exception,ANL-147,543.6,APPROVE
REV-3003451,APP-1008324,L1_Document_Exception,ANL-149,569.4,APPROVE
REV-3003452,APP-1008325,L2_AML_Sanctions,ANL-246,537.0,APPROVE
REV-3003453,APP-1008330,L1_Document_Exception,ANL-228,435.0,APPROVE
REV-3003454,APP-1008332,L2_AML_Sanctions,ANL-152,252.0,REQUEST_REWORK
REV-3003455,APP-1008333,L2_AML_Sanctions,ANL-200,667.8,APPROVE
REV-3003456,APP-1008337,L2_AML_Sanctions,ANL-226,382.8,REJECT
REV-3003457,APP-1008341,L1_Document_Exception,ANL-172,594.0,REQUEST_REWORK
REV-3003458,APP-1008343,L1_Document_Exception,ANL-249,954.0,APPROVE
REV-3003459,APP-1008345,L1_Document_Exception,ANL-102,658.2,APPROVE
REV-3003460,APP-1008346,L1_Document_Exception,ANL-144,1648.8,REQUEST_REWORK
REV-3003461,APP-1008347,L2_AML_Sanctions,ANL-231,686.4,APPROVE
REV-3003462,APP-1008351,L1_Document_Exception,ANL-226,847.2,REQUEST_REWORK
REV-3003463,APP-1008354,L1_Document_Exception,ANL-181,288.0,REQUEST_REWORK
REV-3003464,APP-1008355,L1_Document_Exception,ANL-145,1159.8,APPROVE
REV-3003465,APP-1008361,L1_Document_Exception,ANL-128,584.4,APPROVE
REV-3003466,APP-1008362,L2_AML_Sanctions,ANL-216,798.0,APPROVE
REV-3003467,APP-1008365,L2_AML_Sanctions,ANL-138,648.6,APPROVE
REV-3003468,APP-1008369,L2_AML_Sanctions,ANL-216,495.6,APPROVE
REV-3003469,APP-1008371,L2_AML_Sanctions,ANL-204,1291.2,APPROVE
REV-3003470,APP-1008373,L1_Document_Exception,ANL-115,742.8,REQUEST_REWORK
REV-3003471,APP-1008378,L1_Document_Exception,ANL-202,411.6,APPROVE
REV-3003472,APP-1008380,L2_AML_Sanctions,ANL-239,972.0,APPROVE
REV-3003473,APP-1008383,L2_AML_Sanctions,ANL-154,442.2,REJECT
REV-3003474,APP-1008384,L2_AML_Sanctions,ANL-247,619.8,REQUEST_REWORK
REV-3003475,APP-1008385,L1_Document_Exception,ANL-137,408.0,APPROVE
REV-3003476,APP-1008393,L1_Document_Exception,ANL-222,508.2,APPROVE
REV-3003477,APP-1008398,L2_AML_Sanctions,ANL-233,592.8,REJECT
REV-3003478,APP-1008402,L2_AML_Sanctions,ANL-197,497.4,APPROVE
REV-3003479,APP-1008403,L1_Document_Exception,ANL-117,1060.2,APPROVE
REV-3003480,APP-1008404,L1_Document_Exception,ANL-196,919.2,APPROVE
REV-3003481,APP-1008405,L2_AML_Sanctions,ANL-174,418.8,APPROVE
REV-3003482,APP-1008407,L2_AML_Sanctions,ANL-172,876.6,APPROVE
REV-3003483,APP-1008410,L1_Document_Exception,ANL-212,498.6,APPROVE
REV-3003484,APP-1008421,L1_Document_Exception,ANL-111,325.2,APPROVE
REV-3003485,APP-1008428,L1_Document_Exception,ANL-115,487.8,APPROVE
REV-3003486,APP-1008429,L1_Document_Exception,ANL-101,1143.0,APPROVE
REV-3003487,APP-1008433,L1_Document_Exception,ANL-229,1358.4,APPROVE
REV-3003488,APP-1008435,L1_Document_Exception,ANL-153,560.4,APPROVE
REV-3003489,APP-1008437,L1_Document_Exception,ANL-236,422.4,APPROVE
REV-3003490,APP-1008439,L1_Document_Exception,ANL-222,1170.6,APPROVE
REV-3003491,APP-1008441,L2_AML_Sanctions,ANL-193,528.6,APPROVE
REV-3003492,APP-1008445,L1_Document_Exception,ANL-139,549.0,REQUEST_REWORK
REV-3003493,APP-1008446,L1_Document_Exception,ANL-139,698.4,APPROVE
REV-3003494,APP-1008449,L1_Document_Exception,ANL-116,415.2,APPROVE
REV-3003495,APP-1008450,L1_Document_Exception,ANL-148,989.4,REQUEST_REWORK
REV-3003496,APP-1008457,L1_Document_Exception,ANL-248,961.2,APPROVE
REV-3003497,APP-1008458,L1_Document_Exception,ANL-124,640.2,REQUEST_REWORK
REV-3003498,APP-1008459,L2_AML_Sanctions,ANL-141,853.8,APPROVE
REV-3003499,APP-1008460,L1_Document_Exception,ANL-202,702.0,APPROVE
REV-3003500,APP-1008465,L2_AML_Sanctions,ANL-149,537.6,APPROVE
REV-3003501,APP-1008469,L2_AML_Sanctions,ANL-194,748.8,APPROVE
REV-3003502,APP-1008471,L1_Document_Exception,ANL-228,514.8,APPROVE
REV-3003503,APP-1008472,L2_AML_Sanctions,ANL-227,322.2,APPROVE
REV-3003504,APP-1008473,L1_Document_Exception,ANL-240,489.6,REQUEST_REWORK
REV-3003505,APP-1008474,L1_Document_Exception,ANL-143,469.2,APPROVE
REV-3003506,APP-1008475,L2_AML_Sanctions,ANL-104,571.8,APPROVE
REV-3003507,APP-1008477,L1_Document_Exception,ANL-194,664.2,APPROVE
REV-3003508,APP-1008481,L1_Document_Exception,ANL-171,504.0,REQUEST_REWORK
REV-3003509,APP-1008485,L1_Document_Exception,ANL-146,843.6,REQUEST_REWORK
REV-3003510,APP-1008487,L1_Document_Exception,ANL-221,614.4,APPROVE
REV-3003511,APP-1008488,L1_Document_Exception,ANL-142,558.6,REJECT
REV-3003512,APP-1008491,L1_Document_Exception,ANL-187,441.0,APPROVE
REV-3003513,APP-1008496,L1_Document_Exception,ANL-219,640.2,APPROVE
REV-3003514,APP-1008498,L1_Document_Exception,ANL-179,652.8,APPROVE
REV-3003515,APP-1008503,L1_Document_Exception,ANL-220,503.4,REQUEST_REWORK
REV-3003516,APP-1008505,L1_Document_Exception,ANL-209,663.6,APPROVE
REV-3003517,APP-1008507,L1_Document_Exception,ANL-182,587.4,REJECT
REV-3003518,APP-1008511,L2_AML_Sanctions,ANL-201,510.0,APPROVE
REV-3003519,APP-1008514,L1_Document_Exception,ANL-217,828.6,APPROVE
REV-3003520,APP-1008518,L1_Document_Exception,ANL-231,1420.2,APPROVE
REV-3003521,APP-1008519,L1_Document_Exception,ANL-146,591.0,REQUEST_REWORK
REV-3003522,APP-1008526,L1_Document_Exception,ANL-164,521.4,REQUEST_REWORK
REV-3003523,APP-1008527,L2_AML_Sanctions,ANL-156,310.8,APPROVE
REV-3003524,APP-1008529,L2_AML_Sanctions,ANL-218,728.4,REJECT
REV-3003525,APP-1008531,L1_Document_Exception,ANL-128,684.6,REQUEST_REWORK
REV-3003526,APP-1008532,L1_Document_Exception,ANL-136,299.4,APPROVE
REV-3003527,APP-1008538,L2_AML_Sanctions,ANL-213,369.0,REQUEST_REWORK
REV-3003528,APP-1008539,L1_Document_Exception,ANL-119,438.6,APPROVE
REV-3003529,APP-1008541,L1_Document_Exception,ANL-212,794.4,APPROVE
REV-3003530,APP-1008542,L1_Document_Exception,ANL-247,634.8,APPROVE
REV-3003531,APP-1008543,L1_Document_Exception,ANL-125,648.6,APPROVE
REV-3003532,APP-1008544,L1_Document_Exception,ANL-146,686.4,APPROVE
REV-3003533,APP-1008547,L1_Document_Exception,ANL-228,521.4,REQUEST_REWORK
REV-3003534,APP-1008548,L1_Document_Exception,ANL-229,1065.0,APPROVE
REV-3003535,APP-1008551,L1_Document_Exception,ANL-167,726.6,APPROVE
REV-3003536,APP-1008552,L2_AML_Sanctions,ANL-217,490.2,REQUEST_REWORK
REV-3003537,APP-1008557,L1_Document_Exception,ANL-234,756.0,APPROVE
REV-3003538,APP-1008558,L1_Document_Exception,ANL-242,958.8,APPROVE
REV-3003539,APP-1008559,L1_Document_Exception,ANL-242,478.8,APPROVE
REV-3003540,APP-1008561,L1_Document_Exception,ANL-249,503.4,APPROVE
REV-3003541,APP-1008562,L1_Document_Exception,ANL-139,654.6,APPROVE
REV-3003542,APP-1008563,L1_Document_Exception,ANL-241,567.6,APPROVE
REV-3003543,APP-1008565,L1_Document_Exception,ANL-239,403.2,APPROVE
REV-3003544,APP-1008566,L1_Document_Exception,ANL-142,641.4,APPROVE
REV-3003545,APP-1008567,L1_Document_Exception,ANL-168,825.0,APPROVE
REV-3003546,APP-1008568,L2_AML_Sanctions,ANL-181,684.0,APPROVE
REV-3003547,APP-1008569,L2_AML_Sanctions,ANL-234,876.6,APPROVE
REV-3003548,APP-1008572,L1_Document_Exception,ANL-110,868.2,APPROVE
REV-3003549,APP-1008573,L2_AML_Sanctions,ANL-141,853.2,APPROVE
REV-3003550,APP-1008574,L1_Document_Exception,ANL-124,762.6,APPROVE
REV-3003551,APP-1008575,L2_AML_Sanctions,ANL-102,680.4,APPROVE
REV-3003552,APP-1008576,L2_AML_Sanctions,ANL-112,444.6,APPROVE
REV-3003553,APP-1008577,L1_Document_Exception,ANL-159,787.8,APPROVE
REV-3003554,APP-1008581,L2_AML_Sanctions,ANL-204,743.4,APPROVE
REV-3003555,APP-1008582,L1_Document_Exception,ANL-145,574.2,APPROVE
REV-3003556,APP-1008587,L1_Document_Exception,ANL-209,251.4,APPROVE
REV-3003557,APP-1008588,L2_AML_Sanctions,ANL-190,777.6,APPROVE
REV-3003558,APP-1008589,L2_AML_Sanctions,ANL-194,591.6,APPROVE
REV-3003559,APP-1008590,L1_Document_Exception,ANL-217,426.0,REQUEST_REWORK
REV-3003560,APP-1008591,L1_Document_Exception,ANL-140,658.2,APPROVE
REV-3003561,APP-1008594,L1_Document_Exception,ANL-127,429.6,REQUEST_REWORK
REV-3003562,APP-1008595,L1_Document_Exception,ANL-179,404.4,APPROVE
REV-3003563,APP-1008596,L2_AML_Sanctions,ANL-139,556.8,APPROVE
REV-3003564,APP-1008605,L1_Document_Exception,ANL-194,573.6,APPROVE
REV-3003565,APP-1008609,L1_Document_Exception,ANL-148,2160.0,APPROVE
REV-3003566,APP-1008614,L1_Document_Exception,ANL-127,571.2,REQUEST_REWORK
REV-3003567,APP-1008615,L2_AML_Sanctions,ANL-226,636.6,APPROVE
REV-3003568,APP-1008621,L2_AML_Sanctions,ANL-207,1117.2,APPROVE
REV-3003569,APP-1008622,L1_Document_Exception,ANL-212,1229.4,APPROVE
REV-3003570,APP-1008625,L1_Document_Exception,ANL-172,553.8,APPROVE
REV-3003571,APP-1008626,L1_Document_Exception,ANL-199,822.6,APPROVE
REV-3003572,APP-1008628,L1_Document_Exception,ANL-120,1158.0,APPROVE
REV-3003573,APP-1008630,L2_AML_Sanctions,ANL-150,392.4,REJECT
REV-3003574,APP-1008631,L1_Document_Exception,ANL-169,1018.2,APPROVE
REV-3003575,APP-1008635,L1_Document_Exception,ANL-136,867.0,APPROVE
REV-3003576,APP-1008639,L1_Document_Exception,ANL-133,890.4,APPROVE
REV-3003577,APP-1008642,L1_Document_Exception,ANL-140,334.2,APPROVE
REV-3003578,APP-1008644,L1_Document_Exception,ANL-146,1372.8,REQUEST_REWORK
REV-3003579,APP-1008646,L1_Document_Exception,ANL-239,888.0,APPROVE
REV-3003580,APP-1008649,L2_AML_Sanctions,ANL-235,664.2,REJECT
REV-3003581,APP-1008653,L2_AML_Sanctions,ANL-101,1063.2,APPROVE
REV-3003582,APP-1008655,L2_AML_Sanctions,ANL-125,456.6,APPROVE
REV-3003583,APP-1008656,L1_Document_Exception,ANL-191,732.6,REQUEST_REWORK
REV-3003584,APP-1008657,L1_Document_Exception,ANL-167,1684.8,REQUEST_REWORK
REV-3003585,APP-1008659,L2_AML_Sanctions,ANL-170,544.2,APPROVE
REV-3003586,APP-1008661,L2_AML_Sanctions,ANL-205,537.0,APPROVE
REV-3003587,APP-1008666,L1_Document_Exception,ANL-125,676.2,APPROVE
REV-3003588,APP-1008677,L1_Document_Exception,ANL-145,1228.2,APPROVE
REV-3003589,APP-1008678,L1_Document_Exception,ANL-205,425.4,APPROVE
REV-3003590,APP-1008682,L2_AML_Sanctions,ANL-178,277.8,REQUEST_REWORK
REV-3003591,APP-1008683,L1_Document_Exception,ANL-164,358.8,APPROVE
REV-3003592,APP-1008685,L1_Document_Exception,ANL-213,385.8,APPROVE
REV-3003593,APP-1008686,L1_Document_Exception,ANL-168,466.2,APPROVE
REV-3003594,APP-1008687,L1_Document_Exception,ANL-196,864.6,APPROVE
REV-3003595,APP-1008691,L1_Document_Exception,ANL-153,526.8,APPROVE
REV-3003596,APP-1008694,L1_Document_Exception,ANL-221,572.4,APPROVE
REV-3003597,APP-1008695,L2_AML_Sanctions,ANL-205,778.2,APPROVE
REV-3003598,APP-1008698,L1_Document_Exception,ANL-201,568.2,APPROVE
REV-3003599,APP-1008700,L1_Document_Exception,ANL-233,579.0,APPROVE
REV-3003600,APP-1008701,L1_Document_Exception,ANL-129,727.8,APPROVE
REV-3003601,APP-1008705,L1_Document_Exception,ANL-120,418.2,APPROVE
REV-3003602,APP-1008710,L2_AML_Sanctions,ANL-101,520.2,APPROVE
REV-3003603,APP-1008714,L1_Document_Exception,ANL-110,784.8,APPROVE
REV-3003604,APP-1008716,L2_AML_Sanctions,ANL-140,686.4,APPROVE
REV-3003605,APP-1008717,L1_Document_Exception,ANL-185,1335.0,APPROVE
REV-3003606,APP-1008718,L2_AML_Sanctions,ANL-122,696.0,APPROVE
REV-3003607,APP-1008720,L1_Document_Exception,ANL-136,595.2,APPROVE
REV-3003608,APP-1008726,L1_Document_Exception,ANL-102,1030.8,APPROVE
REV-3003609,APP-1008727,L1_Document_Exception,ANL-222,442.2,APPROVE
REV-3003610,APP-1008729,L2_AML_Sanctions,ANL-190,718.2,APPROVE
REV-3003611,APP-1008733,L1_Document_Exception,ANL-150,1012.8,APPROVE
REV-3003612,APP-1008737,L1_Document_Exception,ANL-184,900.0,REQUEST_REWORK
REV-3003613,APP-1008739,L2_AML_Sanctions,ANL-229,712.2,APPROVE
REV-3003614,APP-1008741,L1_Document_Exception,ANL-187,775.2,APPROVE
REV-3003615,APP-1008742,L1_Document_Exception,ANL-236,549.0,REQUEST_REWORK
REV-3003616,APP-1008743,L1_Document_Exception,ANL-117,695.4,APPROVE
REV-3003617,APP-1008748,L1_Document_Exception,ANL-168,363.0,APPROVE
REV-3003618,APP-1008752,L1_Document_Exception,ANL-109,727.8,APPROVE
REV-3003619,APP-1008759,L2_AML_Sanctions,ANL-133,1369.2,REJECT
REV-3003620,APP-1008761,L1_Document_Exception,ANL-142,540.0,APPROVE
REV-3003621,APP-1008762,L2_AML_Sanctions,ANL-214,573.0,REJECT
REV-3003622,APP-1008764,L1_Document_Exception,ANL-106,401.4,APPROVE
REV-3003623,APP-1008766,L2_AML_Sanctions,ANL-236,482.4,REJECT
REV-3003624,APP-1008767,L2_AML_Sanctions,ANL-125,412.2,APPROVE
REV-3003625,APP-1008768,L1_Document_Exception,ANL-134,396.6,APPROVE
REV-3003626,APP-1008770,L1_Document_Exception,ANL-182,972.6,APPROVE
REV-3003627,APP-1008771,L1_Document_Exception,ANL-238,385.2,APPROVE
REV-3003628,APP-1008772,L1_Document_Exception,ANL-247,673.8,REJECT
REV-3003629,APP-1008773,L1_Document_Exception,ANL-237,504.0,APPROVE
REV-3003630,APP-1008774,L1_Document_Exception,ANL-224,670.8,REQUEST_REWORK
REV-3003631,APP-1008775,L1_Document_Exception,ANL-130,1303.8,REQUEST_REWORK
REV-3003632,APP-1008776,L1_Document_Exception,ANL-146,397.2,APPROVE
REV-3003633,APP-1008777,L1_Document_Exception,ANL-146,942.6,APPROVE
REV-3003634,APP-1008778,L2_AML_Sanctions,ANL-104,984.6,APPROVE
REV-3003635,APP-1008781,L1_Document_Exception,ANL-105,514.2,APPROVE
REV-3003636,APP-1008784,L2_AML_Sanctions,ANL-221,1023.0,APPROVE
REV-3003637,APP-1008785,L1_Document_Exception,ANL-132,478.2,REJECT
REV-3003638,APP-1008786,L2_AML_Sanctions,ANL-237,323.4,REQUEST_REWORK
REV-3003639,APP-1008789,L2_AML_Sanctions,ANL-231,570.6,REQUEST_REWORK
REV-3003640,APP-1008790,L2_AML_Sanctions,ANL-140,921.0,APPROVE
REV-3003641,APP-1008791,L1_Document_Exception,ANL-205,346.2,REQUEST_REWORK
REV-3003642,APP-1008792,L2_AML_Sanctions,ANL-167,619.2,APPROVE
REV-3003643,APP-1008793,L1_Document_Exception,ANL-110,1496.4,APPROVE
REV-3003644,APP-1008795,L1_Document_Exception,ANL-132,622.2,REQUEST_REWORK
REV-3003645,APP-1008798,L1_Document_Exception,ANL-131,903.6,APPROVE
REV-3003646,APP-1008799,L1_Document_Exception,ANL-204,958.2,APPROVE
REV-3003647,APP-1008800,L2_AML_Sanctions,ANL-134,793.2,APPROVE
REV-3003648,APP-1008803,L1_Document_Exception,ANL-216,444.6,APPROVE
REV-3003649,APP-1008805,L1_Document_Exception,ANL-176,642.6,REQUEST_REWORK
REV-3003650,APP-1008806,L1_Document_Exception,ANL-249,864.0,REQUEST_REWORK
REV-3003651,APP-1008811,L1_Document_Exception,ANL-181,688.8,REQUEST_REWORK
REV-3003652,APP-1008812,L1_Document_Exception,ANL-116,550.2,APPROVE
REV-3003653,APP-1008813,L2_AML_Sanctions,ANL-192,597.6,REQUEST_REWORK
REV-3003654,APP-1008815,L1_Document_Exception,ANL-126,408.6,APPROVE
REV-3003655,APP-1008821,L1_Document_Exception,ANL-136,711.6,APPROVE
REV-3003656,APP-1008825,L2_AML_Sanctions,ANL-124,518.4,REJECT
REV-3003657,APP-1008829,L1_Document_Exception,ANL-178,478.8,APPROVE
REV-3003658,APP-1008830,L1_Document_Exception,ANL-152,1018.2,APPROVE
REV-3003659,APP-1008831,L1_Document_Exception,ANL-154,1110.6,REQUEST_REWORK
REV-3003660,APP-1008832,L2_AML_Sanctions,ANL-172,482.4,REJECT
REV-3003661,APP-1008834,L1_Document_Exception,ANL-178,837.6,APPROVE
REV-3003662,APP-1008835,L1_Document_Exception,ANL-249,738.0,REQUEST_REWORK
REV-3003663,APP-1008838,L1_Document_Exception,ANL-174,973.2,APPROVE
REV-3003664,APP-1008841,L2_AML_Sanctions,ANL-204,1189.8,REJECT
REV-3003665,APP-1008842,L1_Document_Exception,ANL-148,283.8,APPROVE
REV-3003666,APP-1008844,L2_AML_Sanctions,ANL-216,660.6,APPROVE
REV-3003667,APP-1008850,L1_Document_Exception,ANL-127,740.4,APPROVE
REV-3003668,APP-1008852,L2_AML_Sanctions,ANL-129,462.6,APPROVE
REV-3003669,APP-1008855,L1_Document_Exception,ANL-235,776.4,APPROVE
REV-3003670,APP-1008856,L1_Document_Exception,ANL-170,726.0,REQUEST_REWORK
REV-3003671,APP-1008857,L2_AML_Sanctions,ANL-165,729.0,REQUEST_REWORK
REV-3003672,APP-1008861,L1_Document_Exception,ANL-192,790.8,REQUEST_REWORK
REV-3003673,APP-1008864,L1_Document_Exception,ANL-127,805.8,APPROVE
REV-3003674,APP-1008865,L2_AML_Sanctions,ANL-119,1190.4,REJECT
REV-3003675,APP-1008866,L1_Document_Exception,ANL-169,1132.8,APPROVE
REV-3003676,APP-1008867,L2_AML_Sanctions,ANL-115,446.4,APPROVE
REV-3003677,APP-1008869,L1_Document_Exception,ANL-202,435.6,REQUEST_REWORK
REV-3003678,APP-1008874,L1_Document_Exception,ANL-124,618.6,APPROVE
REV-3003679,APP-1008878,L2_AML_Sanctions,ANL-117,535.2,APPROVE
REV-3003680,APP-1008879,L1_Document_Exception,ANL-144,267.6,REQUEST_REWORK
REV-3003681,APP-1008880,L1_Document_Exception,ANL-103,253.2,APPROVE
REV-3003682,APP-1008884,L2_AML_Sanctions,ANL-169,355.2,REQUEST_REWORK
REV-3003683,APP-1008886,L1_Document_Exception,ANL-160,748.8,REQUEST_REWORK
REV-3003684,APP-1008887,L1_Document_Exception,ANL-152,906.6,APPROVE
REV-3003685,APP-1008888,L1_Document_Exception,ANL-179,448.2,APPROVE
REV-3003686,APP-1008889,L1_Document_Exception,ANL-210,380.4,APPROVE
REV-3003687,APP-1008890,L1_Document_Exception,ANL-139,692.4,APPROVE
REV-3003688,APP-1008891,L2_AML_Sanctions,ANL-122,630.0,REJECT
REV-3003689,APP-1008892,L1_Document_Exception,ANL-158,636.6,APPROVE
REV-3003690,APP-1008893,L1_Document_Exception,ANL-236,464.4,REQUEST_REWORK
REV-3003691,APP-1008897,L2_AML_Sanctions,ANL-164,730.2,APPROVE
REV-3003692,APP-1008900,L1_Document_Exception,ANL-235,885.6,APPROVE
REV-3003693,APP-1008901,L2_AML_Sanctions,ANL-182,975.6,REJECT
REV-3003694,APP-1008903,L1_Document_Exception,ANL-115,754.2,APPROVE
REV-3003695,APP-1008908,L1_Document_Exception,ANL-113,450.0,APPROVE
REV-3003696,APP-1008909,L1_Document_Exception,ANL-190,326.4,APPROVE
REV-3003697,APP-1008913,L2_AML_Sanctions,ANL-220,445.8,APPROVE
REV-3003698,APP-1008917,L2_AML_Sanctions,ANL-179,1453.8,REQUEST_REWORK
REV-3003699,APP-1008920,L1_Document_Exception,ANL-239,891.6,REQUEST_REWORK
REV-3003700,APP-1008923,L2_AML_Sanctions,ANL-183,658.2,APPROVE
REV-3003701,APP-1008925,L1_Document_Exception,ANL-114,793.8,REQUEST_REWORK
REV-3003702,APP-1008926,L2_AML_Sanctions,ANL-116,1618.2,REQUEST_REWORK
REV-3003703,APP-1008928,L1_Document_Exception,ANL-233,599.4,APPROVE
REV-3003704,APP-1008929,L2_AML_Sanctions,ANL-237,754.2,APPROVE
REV-3003705,APP-1008931,L1_Document_Exception,ANL-242,796.2,REQUEST_REWORK
REV-3003706,APP-1008932,L1_Document_Exception,ANL-158,536.4,APPROVE
REV-3003707,APP-1008938,L1_Document_Exception,ANL-187,895.8,APPROVE
REV-3003708,APP-1008940,L2_AML_Sanctions,ANL-122,376.8,APPROVE
REV-3003709,APP-1008944,L2_AML_Sanctions,ANL-204,906.0,APPROVE
REV-3003710,APP-1008945,L2_AML_Sanctions,ANL-187,552.6,APPROVE
REV-3003711,APP-1008946,L1_Document_Exception,ANL-227,620.4,APPROVE
REV-3003712,APP-1008948,L2_AML_Sanctions,ANL-192,608.4,APPROVE
REV-3003713,APP-1008949,L2_AML_Sanctions,ANL-136,855.6,APPROVE
REV-3003714,APP-1008950,L2_AML_Sanctions,ANL-229,537.6,APPROVE
REV-3003715,APP-1008951,L2_AML_Sanctions,ANL-131,1086.0,REQUEST_REWORK
REV-3003716,APP-1008955,L2_AML_Sanctions,ANL-131,271.2,APPROVE
REV-3003717,APP-1008956,L2_AML_Sanctions,ANL-121,611.4,APPROVE
REV-3003718,APP-1008957,L1_Document_Exception,ANL-134,710.4,APPROVE
REV-3003719,APP-1008962,L2_AML_Sanctions,ANL-137,462.0,APPROVE
REV-3003720,APP-1008963,L1_Document_Exception,ANL-104,639.6,APPROVE
REV-3003721,APP-1008966,L2_AML_Sanctions,ANL-105,666.0,REQUEST_REWORK
REV-3003722,APP-1008970,L1_Document_Exception,ANL-212,1024.8,REQUEST_REWORK
REV-3003723,APP-1008974,L1_Document_Exception,ANL-180,350.4,APPROVE
REV-3003724,APP-1008976,L1_Document_Exception,ANL-196,490.8,APPROVE
REV-3003725,APP-1008978,L2_AML_Sanctions,ANL-177,1206.0,APPROVE
REV-3003726,APP-1008988,L2_AML_Sanctions,ANL-128,901.2,APPROVE
REV-3003727,APP-1008990,L2_AML_Sanctions,ANL-180,965.4,APPROVE
REV-3003728,APP-1008991,L2_AML_Sanctions,ANL-218,618.0,APPROVE
REV-3003729,APP-1008994,L1_Document_Exception,ANL-178,600.0,APPROVE
REV-3003730,APP-1008996,L2_AML_Sanctions,ANL-159,708.0,APPROVE
REV-3003731,APP-1008997,L1_Document_Exception,ANL-118,571.8,APPROVE
REV-3003732,APP-1009000,L2_AML_Sanctions,ANL-209,864.0,REQUEST_REWORK
REV-3003733,APP-1009002,L1_Document_Exception,ANL-203,829.8,APPROVE
REV-3003734,APP-1009003,L1_Document_Exception,ANL-243,352.2,REQUEST_REWORK
REV-3003735,APP-1009006,L2_AML_Sanctions,ANL-209,371.4,APPROVE
REV-3003736,APP-1009010,L2_AML_Sanctions,ANL-120,207.6,APPROVE
REV-3003737,APP-1009017,L2_AML_Sanctions,ANL-157,812.4,REQUEST_REWORK
REV-3003738,APP-1009018,L1_Document_Exception,ANL-102,394.2,APPROVE
REV-3003739,APP-1009025,L1_Document_Exception,ANL-248,685.8,REQUEST_REWORK
REV-3003740,APP-1009026,L2_AML_Sanctions,ANL-119,1110.6,REQUEST_REWORK
REV-3003741,APP-1009031,L1_Document_Exception,ANL-104,772.8,APPROVE
REV-3003742,APP-1009034,L1_Document_Exception,ANL-202,321.6,REQUEST_REWORK
REV-3003743,APP-1009035,L2_AML_Sanctions,ANL-205,684.6,REQUEST_REWORK
REV-3003744,APP-1009036,L2_AML_Sanctions,ANL-128,569.4,APPROVE
REV-3003745,APP-1009039,L2_AML_Sanctions,ANL-175,586.8,APPROVE
REV-3003746,APP-1009042,L1_Document_Exception,ANL-119,964.8,APPROVE
REV-3003747,APP-1009046,L1_Document_Exception,ANL-234,563.4,APPROVE
REV-3003748,APP-1009047,L1_Document_Exception,ANL-122,676.2,APPROVE
REV-3003749,APP-1009049,L1_Document_Exception,ANL-114,787.8,APPROVE
REV-3003750,APP-1009050,L1_Document_Exception,ANL-196,721.2,APPROVE
REV-3003751,APP-1009051,L1_Document_Exception,ANL-123,451.8,APPROVE
REV-3003752,APP-1009052,L1_Document_Exception,ANL-126,522.0,APPROVE
REV-3003753,APP-1009055,L1_Document_Exception,ANL-238,1101.6,APPROVE
REV-3003754,APP-1009057,L2_AML_Sanctions,ANL-137,556.2,APPROVE
REV-3003755,APP-1009058,L1_Document_Exception,ANL-237,910.2,APPROVE
REV-3003756,APP-1009062,L1_Document_Exception,ANL-210,416.4,APPROVE
REV-3003757,APP-1009064,L1_Document_Exception,ANL-173,738.6,APPROVE
REV-3003758,APP-1009065,L1_Document_Exception,ANL-133,693.6,REQUEST_REWORK
REV-3003759,APP-1009066,L1_Document_Exception,ANL-151,287.4,REQUEST_REWORK
REV-3003760,APP-1009069,L1_Document_Exception,ANL-203,366.0,APPROVE
REV-3003761,APP-1009071,L2_AML_Sanctions,ANL-213,276.6,APPROVE
REV-3003762,APP-1009074,L1_Document_Exception,ANL-208,694.8,REQUEST_REWORK
REV-3003763,APP-1009076,L2_AML_Sanctions,ANL-218,1122.6,APPROVE
REV-3003764,APP-1009079,L1_Document_Exception,ANL-150,216.6,APPROVE
REV-3003765,APP-1009084,L1_Document_Exception,ANL-175,1119.0,REQUEST_REWORK
REV-3003766,APP-1009085,L2_AML_Sanctions,ANL-240,358.2,APPROVE
REV-3003767,APP-1009091,L1_Document_Exception,ANL-235,460.2,REQUEST_REWORK
REV-3003768,APP-1009097,L1_Document_Exception,ANL-147,635.4,APPROVE
REV-3003769,APP-1009102,L1_Document_Exception,ANL-115,673.8,APPROVE
REV-3003770,APP-1009105,L2_AML_Sanctions,ANL-125,454.8,REQUEST_REWORK
REV-3003771,APP-1009106,L1_Document_Exception,ANL-245,855.0,APPROVE
REV-3003772,APP-1009107,L1_Document_Exception,ANL-134,791.4,REQUEST_REWORK
REV-3003773,APP-1009109,L2_AML_Sanctions,ANL-124,766.2,APPROVE
REV-3003774,APP-1009112,L1_Document_Exception,ANL-173,637.8,APPROVE
REV-3003775,APP-1009113,L1_Document_Exception,ANL-247,657.0,APPROVE
REV-3003776,APP-1009115,L2_AML_Sanctions,ANL-225,483.0,REQUEST_REWORK
REV-3003777,APP-1009119,L1_Document_Exception,ANL-135,1154.4,APPROVE
REV-3003778,APP-1009120,L1_Document_Exception,ANL-213,481.2,APPROVE
REV-3003779,APP-1009122,L1_Document_Exception,ANL-142,528.0,APPROVE
REV-3003780,APP-1009124,L2_AML_Sanctions,ANL-233,627.0,APPROVE
REV-3003781,APP-1009128,L1_Document_Exception,ANL-187,999.6,REQUEST_REWORK
REV-3003782,APP-1009135,L1_Document_Exception,ANL-248,1536.6,REQUEST_REWORK
REV-3003783,APP-1009137,L1_Document_Exception,ANL-110,1134.0,REQUEST_REWORK
REV-3003784,APP-1009140,L1_Document_Exception,ANL-173,819.6,APPROVE
REV-3003785,APP-1009144,L2_AML_Sanctions,ANL-188,1326.6,APPROVE
REV-3003786,APP-1009145,L1_Document_Exception,ANL-215,982.8,REQUEST_REWORK
REV-3003787,APP-1009146,L2_AML_Sanctions,ANL-192,469.2,APPROVE
REV-3003788,APP-1009147,L1_Document_Exception,ANL-243,310.8,APPROVE
REV-3003789,APP-1009148,L1_Document_Exception,ANL-166,819.6,APPROVE
REV-3003790,APP-1009149,L1_Document_Exception,ANL-216,597.0,APPROVE
REV-3003791,APP-1009150,L1_Document_Exception,ANL-197,336.6,REQUEST_REWORK
REV-3003792,APP-1009153,L2_AML_Sanctions,ANL-198,483.6,APPROVE
REV-3003793,APP-1009154,L2_AML_Sanctions,ANL-105,700.2,APPROVE
REV-3003794,APP-1009155,L1_Document_Exception,ANL-156,747.0,APPROVE
REV-3003795,APP-1009157,L1_Document_Exception,ANL-103,321.6,REQUEST_REWORK
REV-3003796,APP-1009160,L1_Document_Exception,ANL-218,960.0,APPROVE
REV-3003797,APP-1009164,L2_AML_Sanctions,ANL-229,367.8,APPROVE
REV-3003798,APP-1009167,L1_Document_Exception,ANL-240,539.4,REQUEST_REWORK
REV-3003799,APP-1009175,L1_Document_Exception,ANL-181,904.8,REQUEST_REWORK
REV-3003800,APP-1009177,L1_Document_Exception,ANL-187,655.8,REJECT
REV-3003801,APP-1009182,L1_Document_Exception,ANL-189,1291.2,APPROVE
REV-3003802,APP-1009183,L2_AML_Sanctions,ANL-191,568.8,APPROVE
REV-3003803,APP-1009187,L1_Document_Exception,ANL-217,1324.8,APPROVE
REV-3003804,APP-1009188,L1_Document_Exception,ANL-202,459.0,APPROVE
REV-3003805,APP-1009190,L2_AML_Sanctions,ANL-159,836.4,APPROVE
REV-3003806,APP-1009191,L1_Document_Exception,ANL-173,928.8,APPROVE
REV-3003807,APP-1009192,L1_Document_Exception,ANL-131,532.8,APPROVE
REV-3003808,APP-1009194,L1_Document_Exception,ANL-150,780.6,APPROVE
REV-3003809,APP-1009196,L1_Document_Exception,ANL-176,1182.0,APPROVE
REV-3003810,APP-1009198,L1_Document_Exception,ANL-108,291.6,APPROVE
REV-3003811,APP-1009200,L1_Document_Exception,ANL-134,984.0,APPROVE
REV-3003812,APP-1009202,L1_Document_Exception,ANL-136,559.8,APPROVE
REV-3003813,APP-1009207,L1_Document_Exception,ANL-131,548.4,APPROVE
REV-3003814,APP-1009211,L1_Document_Exception,ANL-181,512.4,APPROVE
REV-3003815,APP-1009215,L2_AML_Sanctions,ANL-122,513.0,APPROVE
REV-3003816,APP-1009216,L2_AML_Sanctions,ANL-183,702.6,REQUEST_REWORK
REV-3003817,APP-1009217,L2_AML_Sanctions,ANL-243,592.8,APPROVE
REV-3003818,APP-1009219,L1_Document_Exception,ANL-132,657.6,APPROVE
REV-3003819,APP-1009223,L1_Document_Exception,ANL-224,523.8,APPROVE
REV-3003820,APP-1009224,L1_Document_Exception,ANL-231,866.4,APPROVE
REV-3003821,APP-1009225,L1_Document_Exception,ANL-101,516.6,APPROVE
REV-3003822,APP-1009226,L1_Document_Exception,ANL-156,482.4,APPROVE
REV-3003823,APP-1009229,L2_AML_Sanctions,ANL-221,594.6,REJECT
REV-3003824,APP-1009230,L1_Document_Exception,ANL-174,432.6,APPROVE
REV-3003825,APP-1009237,L1_Document_Exception,ANL-173,943.2,APPROVE
REV-3003826,APP-1009241,L2_AML_Sanctions,ANL-225,604.2,REQUEST_REWORK
REV-3003827,APP-1009242,L2_AML_Sanctions,ANL-155,949.2,APPROVE
REV-3003828,APP-1009246,L2_AML_Sanctions,ANL-140,805.2,APPROVE
REV-3003829,APP-1009256,L1_Document_Exception,ANL-133,1205.4,APPROVE
REV-3003830,APP-1009267,L1_Document_Exception,ANL-123,637.2,APPROVE
REV-3003831,APP-1009271,L1_Document_Exception,ANL-106,947.4,APPROVE
REV-3003832,APP-1009275,L1_Document_Exception,ANL-156,487.2,APPROVE
REV-3003833,APP-1009276,L1_Document_Exception,ANL-106,682.8,APPROVE
REV-3003834,APP-1009278,L2_AML_Sanctions,ANL-159,523.8,APPROVE
REV-3003835,APP-1009279,L2_AML_Sanctions,ANL-107,686.4,REJECT
REV-3003836,APP-1009281,L1_Document_Exception,ANL-163,461.4,APPROVE
REV-3003837,APP-1009282,L1_Document_Exception,ANL-103,784.8,REQUEST_REWORK
REV-3003838,APP-1009283,L1_Document_Exception,ANL-170,516.6,APPROVE
REV-3003839,APP-1009286,L2_AML_Sanctions,ANL-228,442.2,APPROVE
REV-3003840,APP-1009287,L1_Document_Exception,ANL-240,1303.2,APPROVE
REV-3003841,APP-1009288,L1_Document_Exception,ANL-196,613.2,REQUEST_REWORK
REV-3003842,APP-1009293,L1_Document_Exception,ANL-239,885.6,APPROVE
REV-3003843,APP-1009296,L1_Document_Exception,ANL-137,1050.0,APPROVE
REV-3003844,APP-1009298,L1_Document_Exception,ANL-159,984.0,APPROVE
REV-3003845,APP-1009300,L1_Document_Exception,ANL-152,735.0,APPROVE
REV-3003846,APP-1009305,L2_AML_Sanctions,ANL-237,622.8,APPROVE
REV-3003847,APP-1009306,L2_AML_Sanctions,ANL-146,873.0,APPROVE
REV-3003848,APP-1009307,L1_Document_Exception,ANL-135,896.4,APPROVE
REV-3003849,APP-1009311,L1_Document_Exception,ANL-249,803.4,APPROVE
REV-3003850,APP-1009313,L1_Document_Exception,ANL-214,1218.6,REQUEST_REWORK
REV-3003851,APP-1009314,L2_AML_Sanctions,ANL-132,1201.8,APPROVE
REV-3003852,APP-1009316,L2_AML_Sanctions,ANL-164,443.4,APPROVE
REV-3003853,APP-1009317,L2_AML_Sanctions,ANL-201,934.8,APPROVE
REV-3003854,APP-1009318,L2_AML_Sanctions,ANL-198,430.8,APPROVE
REV-3003855,APP-1009325,L2_AML_Sanctions,ANL-138,347.4,APPROVE
REV-3003856,APP-1009326,L1_Document_Exception,ANL-189,363.0,APPROVE
REV-3003857,APP-1009327,L1_Document_Exception,ANL-167,943.8,APPROVE
REV-3003858,APP-1009328,L1_Document_Exception,ANL-154,662.4,APPROVE
REV-3003859,APP-1009329,L1_Document_Exception,ANL-143,742.2,APPROVE
REV-3003860,APP-1009330,L2_AML_Sanctions,ANL-182,690.6,REJECT
REV-3003861,APP-1009331,L1_Document_Exception,ANL-233,912.0,APPROVE
REV-3003862,APP-1009334,L2_AML_Sanctions,ANL-248,496.2,APPROVE
REV-3003863,APP-1009340,L1_Document_Exception,ANL-228,463.8,APPROVE
REV-3003864,APP-1009341,L1_Document_Exception,ANL-184,696.6,APPROVE
REV-3003865,APP-1009342,L1_Document_Exception,ANL-193,1542.6,REQUEST_REWORK
REV-3003866,APP-1009344,L1_Document_Exception,ANL-205,1444.8,APPROVE
REV-3003867,APP-1009345,L1_Document_Exception,ANL-120,649.2,APPROVE
REV-3003868,APP-1009346,L2_AML_Sanctions,ANL-218,669.6,APPROVE
REV-3003869,APP-1009347,L1_Document_Exception,ANL-213,634.8,APPROVE
REV-3003870,APP-1009348,L1_Document_Exception,ANL-143,1444.8,APPROVE
REV-3003871,APP-1009349,L2_AML_Sanctions,ANL-194,778.2,APPROVE
REV-3003872,APP-1009350,L1_Document_Exception,ANL-215,942.0,APPROVE
REV-3003873,APP-1009353,L1_Document_Exception,ANL-190,502.8,APPROVE
REV-3003874,APP-1009356,L1_Document_Exception,ANL-226,759.6,APPROVE
REV-3003875,APP-1009360,L1_Document_Exception,ANL-133,632.4,APPROVE
REV-3003876,APP-1009361,L1_Document_Exception,ANL-231,546.6,APPROVE
REV-3003877,APP-1009362,L1_Document_Exception,ANL-234,520.2,REQUEST_REWORK
REV-3003878,APP-1009369,L1_Document_Exception,ANL-199,1421.4,APPROVE
REV-3003879,APP-1009370,L2_AML_Sanctions,ANL-210,676.2,APPROVE
REV-3003880,APP-1009372,L1_Document_Exception,ANL-173,520.8,REQUEST_REWORK
REV-3003881,APP-1009374,L2_AML_Sanctions,ANL-156,1432.2,APPROVE
REV-3003882,APP-1009376,L2_AML_Sanctions,ANL-184,674.4,APPROVE
REV-3003883,APP-1009377,L1_Document_Exception,ANL-129,814.2,APPROVE
REV-3003884,APP-1009381,L1_Document_Exception,ANL-236,1014.0,APPROVE
REV-3003885,APP-1009382,L1_Document_Exception,ANL-107,636.6,APPROVE
REV-3003886,APP-1009385,L1_Document_Exception,ANL-191,453.6,APPROVE
REV-3003887,APP-1009387,L2_AML_Sanctions,ANL-201,592.2,APPROVE
REV-3003888,APP-1009388,L1_Document_Exception,ANL-191,439.8,APPROVE
REV-3003889,APP-1009390,L1_Document_Exception,ANL-201,565.8,APPROVE
REV-3003890,APP-1009391,L2_AML_Sanctions,ANL-106,263.4,REQUEST_REWORK
REV-3003891,APP-1009394,L1_Document_Exception,ANL-103,929.4,APPROVE
REV-3003892,APP-1009395,L2_AML_Sanctions,ANL-219,1008.6,APPROVE
REV-3003893,APP-1009398,L2_AML_Sanctions,ANL-207,323.4,APPROVE
REV-3003894,APP-1009399,L1_Document_Exception,ANL-112,695.4,APPROVE
REV-3003895,APP-1009402,L1_Document_Exception,ANL-144,1101.0,APPROVE
REV-3003896,APP-1009403,L2_AML_Sanctions,ANL-214,462.6,APPROVE
REV-3003897,APP-1009404,L2_AML_Sanctions,ANL-197,1263.6,APPROVE
REV-3003898,APP-1009407,L1_Document_Exception,ANL-176,377.4,APPROVE
REV-3003899,APP-1009410,L1_Document_Exception,ANL-117,1462.2,APPROVE
REV-3003900,APP-1009412,L1_Document_Exception,ANL-110,473.4,APPROVE
REV-3003901,APP-1009414,L1_Document_Exception,ANL-222,438.6,APPROVE
REV-3003902,APP-1009415,L1_Document_Exception,ANL-143,282.6,APPROVE
REV-3003903,APP-1009416,L2_AML_Sanctions,ANL-220,637.2,REQUEST_REWORK
REV-3003904,APP-1009417,L1_Document_Exception,ANL-234,1392.6,APPROVE
REV-3003905,APP-1009418,L1_Document_Exception,ANL-143,477.6,APPROVE
REV-3003906,APP-1009423,L1_Document_Exception,ANL-232,691.2,REQUEST_REWORK
REV-3003907,APP-1009424,L2_AML_Sanctions,ANL-247,679.2,APPROVE
REV-3003908,APP-1009426,L1_Document_Exception,ANL-209,759.0,APPROVE
REV-3003909,APP-1009428,L2_AML_Sanctions,ANL-138,534.6,APPROVE
REV-3003910,APP-1009429,L1_Document_Exception,ANL-149,519.0,APPROVE
REV-3003911,APP-1009434,L1_Document_Exception,ANL-247,611.4,APPROVE
REV-3003912,APP-1009435,L1_Document_Exception,ANL-218,668.4,APPROVE
REV-3003913,APP-1009442,L1_Document_Exception,ANL-144,550.2,REQUEST_REWORK
REV-3003914,APP-1009447,L2_AML_Sanctions,ANL-183,922.2,APPROVE
REV-3003915,APP-1009451,L1_Document_Exception,ANL-152,254.4,APPROVE
REV-3003916,APP-1009452,L1_Document_Exception,ANL-238,458.4,APPROVE
REV-3003917,APP-1009462,L1_Document_Exception,ANL-214,1344.0,REJECT
REV-3003918,APP-1009463,L2_AML_Sanctions,ANL-214,815.4,APPROVE
REV-3003919,APP-1009464,L1_Document_Exception,ANL-224,999.6,REQUEST_REWORK
REV-3003920,APP-1009465,L1_Document_Exception,ANL-168,606.0,APPROVE
REV-3003921,APP-1009467,L1_Document_Exception,ANL-182,1637.4,APPROVE
REV-3003922,APP-1009468,L2_AML_Sanctions,ANL-249,480.6,APPROVE
REV-3003923,APP-1009473,L2_AML_Sanctions,ANL-146,559.2,REQUEST_REWORK
REV-3003924,APP-1009476,L1_Document_Exception,ANL-166,936.6,APPROVE
REV-3003925,APP-1009478,L2_AML_Sanctions,ANL-123,756.0,APPROVE
REV-3003926,APP-1009479,L1_Document_Exception,ANL-165,897.0,REQUEST_REWORK
REV-3003927,APP-1009484,L2_AML_Sanctions,ANL-210,787.8,APPROVE
REV-3003928,APP-1009487,L1_Document_Exception,ANL-201,921.0,APPROVE
REV-3003929,APP-1009488,L1_Document_Exception,ANL-166,287.4,APPROVE
REV-3003930,APP-1009489,L1_Document_Exception,ANL-249,546.6,APPROVE
REV-3003931,APP-1009493,L1_Document_Exception,ANL-139,732.0,REQUEST_REWORK
REV-3003932,APP-1009497,L2_AML_Sanctions,ANL-107,1332.0,APPROVE
REV-3003933,APP-1009498,L1_Document_Exception,ANL-153,542.4,APPROVE
REV-3003934,APP-1009500,L1_Document_Exception,ANL-213,969.0,APPROVE
REV-3003935,APP-1009501,L1_Document_Exception,ANL-135,918.0,REQUEST_REWORK
REV-3003936,APP-1009502,L1_Document_Exception,ANL-201,1058.4,REQUEST_REWORK
REV-3003937,APP-1009505,L1_Document_Exception,ANL-106,972.0,REQUEST_REWORK
REV-3003938,APP-1009506,L2_AML_Sanctions,ANL-214,322.8,APPROVE
REV-3003939,APP-1009508,L1_Document_Exception,ANL-184,536.4,APPROVE
REV-3003940,APP-1009512,L1_Document_Exception,ANL-214,367.2,APPROVE
REV-3003941,APP-1009513,L2_AML_Sanctions,ANL-237,516.0,APPROVE
REV-3003942,APP-1009514,L1_Document_Exception,ANL-249,906.0,REJECT
REV-3003943,APP-1009515,L1_Document_Exception,ANL-148,499.2,APPROVE
REV-3003944,APP-1009519,L2_AML_Sanctions,ANL-161,465.6,REJECT
REV-3003945,APP-1009521,L1_Document_Exception,ANL-184,410.4,REJECT
REV-3003946,APP-1009523,L2_AML_Sanctions,ANL-238,324.0,APPROVE
REV-3003947,APP-1009527,L1_Document_Exception,ANL-208,638.4,APPROVE
REV-3003948,APP-1009528,L2_AML_Sanctions,ANL-132,1017.0,APPROVE
REV-3003949,APP-1009530,L1_Document_Exception,ANL-131,496.2,REQUEST_REWORK
REV-3003950,APP-1009532,L1_Document_Exception,ANL-114,1335.0,APPROVE
REV-3003951,APP-1009535,L2_AML_Sanctions,ANL-169,263.4,APPROVE
REV-3003952,APP-1009537,L2_AML_Sanctions,ANL-142,994.2,APPROVE
REV-3003953,APP-1009538,L1_Document_Exception,ANL-118,1042.8,APPROVE
REV-3003954,APP-1009540,L1_Document_Exception,ANL-102,825.6,APPROVE
REV-3003955,APP-1009547,L1_Document_Exception,ANL-184,896.4,REQUEST_REWORK
REV-3003956,APP-1009549,L1_Document_Exception,ANL-152,595.8,APPROVE
REV-3003957,APP-1009551,L1_Document_Exception,ANL-148,1068.6,REQUEST_REWORK
REV-3003958,APP-1009552,L1_Document_Exception,ANL-108,363.6,APPROVE
REV-3003959,APP-1009554,L2_AML_Sanctions,ANL-212,456.0,REQUEST_REWORK
REV-3003960,APP-1009557,L1_Document_Exception,ANL-167,413.4,REQUEST_REWORK
REV-3003961,APP-1009559,L1_Document_Exception,ANL-193,910.2,APPROVE
REV-3003962,APP-1009561,L2_AML_Sanctions,ANL-137,305.4,APPROVE
REV-3003963,APP-1009562,L1_Document_Exception,ANL-212,738.0,APPROVE
REV-3003964,APP-1009565,L1_Document_Exception,ANL-168,557.4,APPROVE
REV-3003965,APP-1009570,L2_AML_Sanctions,ANL-196,637.8,APPROVE
REV-3003966,APP-1009571,L1_Document_Exception,ANL-225,984.6,APPROVE
REV-3003967,APP-1009573,L1_Document_Exception,ANL-207,625.8,APPROVE
REV-3003968,APP-1009574,L1_Document_Exception,ANL-197,568.8,APPROVE
REV-3003969,APP-1009576,L1_Document_Exception,ANL-200,737.4,APPROVE
REV-3003970,APP-1009582,L1_Document_Exception,ANL-213,611.4,REQUEST_REWORK
REV-3003971,APP-1009583,L2_AML_Sanctions,ANL-230,868.8,APPROVE
REV-3003972,APP-1009585,L2_AML_Sanctions,ANL-183,913.2,REJECT
REV-3003973,APP-1009589,L2_AML_Sanctions,ANL-216,488.4,REQUEST_REWORK
REV-3003974,APP-1009591,L2_AML_Sanctions,ANL-121,332.4,APPROVE
REV-3003975,APP-1009593,L1_Document_Exception,ANL-202,629.4,APPROVE
REV-3003976,APP-1009594,L2_AML_Sanctions,ANL-195,564.6,APPROVE
REV-3003977,APP-1009604,L1_Document_Exception,ANL-136,593.4,APPROVE
REV-3003978,APP-1009605,L1_Document_Exception,ANL-213,603.0,REQUEST_REWORK
REV-3003979,APP-1009610,L1_Document_Exception,ANL-163,356.4,APPROVE
REV-3003980,APP-1009611,L1_Document_Exception,ANL-180,637.2,APPROVE
REV-3003981,APP-1009617,L2_AML_Sanctions,ANL-153,1150.8,APPROVE
REV-3003982,APP-1009618,L1_Document_Exception,ANL-167,421.8,APPROVE
REV-3003983,APP-1009620,L1_Document_Exception,ANL-134,734.4,REQUEST_REWORK
REV-3003984,APP-1009623,L1_Document_Exception,ANL-225,773.4,APPROVE
REV-3003985,APP-1009625,L1_Document_Exception,ANL-209,1051.8,APPROVE
REV-3003986,APP-1009628,L2_AML_Sanctions,ANL-247,650.4,APPROVE
REV-3003987,APP-1009629,L1_Document_Exception,ANL-150,566.4,APPROVE
REV-3003988,APP-1009632,L2_AML_Sanctions,ANL-237,908.4,APPROVE
REV-3003989,APP-1009635,L1_Document_Exception,ANL-244,1086.0,APPROVE
REV-3003990,APP-1009643,L2_AML_Sanctions,ANL-125,417.0,APPROVE
REV-3003991,APP-1009644,L1_Document_Exception,ANL-117,466.2,APPROVE
REV-3003992,APP-1009646,L2_AML_Sanctions,ANL-114,722.4,APPROVE
REV-3003993,APP-1009647,L1_Document_Exception,ANL-236,1263.6,APPROVE
REV-3003994,APP-1009648,L1_Document_Exception,ANL-197,525.6,APPROVE
REV-3003995,APP-1009653,L1_Document_Exception,ANL-230,1180.8,REQUEST_REWORK
REV-3003996,APP-1009655,L1_Document_Exception,ANL-228,1651.2,APPROVE
REV-3003997,APP-1009657,L2_AML_Sanctions,ANL-211,511.2,APPROVE
REV-3003998,APP-1009658,L1_Document_Exception,ANL-123,622.8,APPROVE
REV-3003999,APP-1009659,L1_Document_Exception,ANL-170,1121.4,APPROVE
REV-3004000,APP-1009663,L2_AML_Sanctions,ANL-213,936.6,APPROVE
REV-3004001,APP-1009667,L2_AML_Sanctions,ANL-146,820.8,REJECT
REV-3004002,APP-1009669,L2_AML_Sanctions,ANL-125,267.6,REQUEST_REWORK
REV-3004003,APP-1009670,L1_Document_Exception,ANL-211,469.2,APPROVE
REV-3004004,APP-1009672,L1_Document_Exception,ANL-222,864.6,APPROVE
REV-3004005,APP-1009673,L1_Document_Exception,ANL-198,854.4,APPROVE
REV-3004006,APP-1009677,L1_Document_Exception,ANL-104,821.4,APPROVE
REV-3004007,APP-1009679,L1_Document_Exception,ANL-217,1193.4,REQUEST_REWORK
REV-3004008,APP-1009680,L2_AML_Sanctions,ANL-110,453.0,APPROVE
REV-3004009,APP-1009682,L1_Document_Exception,ANL-101,638.4,APPROVE
REV-3004010,APP-1009693,L2_AML_Sanctions,ANL-155,669.0,APPROVE
REV-3004011,APP-1009695,L1_Document_Exception,ANL-222,686.4,APPROVE
REV-3004012,APP-1009697,L2_AML_Sanctions,ANL-119,631.8,APPROVE
REV-3004013,APP-1009698,L1_Document_Exception,ANL-106,529.2,APPROVE
REV-3004014,APP-1009699,L1_Document_Exception,ANL-124,557.4,APPROVE
REV-3004015,APP-1009700,L2_AML_Sanctions,ANL-211,619.8,REQUEST_REWORK
REV-3004016,APP-1009702,L1_Document_Exception,ANL-177,361.2,REQUEST_REWORK
REV-3004017,APP-1009706,L1_Document_Exception,ANL-120,1176.6,APPROVE
REV-3004018,APP-1009707,L1_Document_Exception,ANL-154,504.0,APPROVE
REV-3004019,APP-1009712,L2_AML_Sanctions,ANL-238,968.4,APPROVE
REV-3004020,APP-1009714,L2_AML_Sanctions,ANL-187,469.8,APPROVE
REV-3004021,APP-1009715,L2_AML_Sanctions,ANL-104,505.8,REJECT
REV-3004022,APP-1009717,L1_Document_Exception,ANL-226,928.2,REQUEST_REWORK
REV-3004023,APP-1009719,L1_Document_Exception,ANL-182,493.8,APPROVE
REV-3004024,APP-1009720,L2_AML_Sanctions,ANL-228,1057.2,APPROVE
REV-3004025,APP-1009722,L2_AML_Sanctions,ANL-241,778.2,APPROVE
REV-3004026,APP-1009724,L1_Document_Exception,ANL-158,328.8,REQUEST_REWORK
REV-3004027,APP-1009725,L1_Document_Exception,ANL-129,837.0,REQUEST_REWORK
REV-3004028,APP-1009726,L2_AML_Sanctions,ANL-105,498.6,APPROVE
REV-3004029,APP-1009727,L2_AML_Sanctions,ANL-111,517.8,REQUEST_REWORK
REV-3004030,APP-1009728,L2_AML_Sanctions,ANL-181,433.8,APPROVE
REV-3004031,APP-1009729,L1_Document_Exception,ANL-207,1001.4,REQUEST_REWORK
REV-3004032,APP-1009735,L1_Document_Exception,ANL-189,506.4,APPROVE
REV-3004033,APP-1009740,L1_Document_Exception,ANL-204,1102.8,REQUEST_REWORK
REV-3004034,APP-1009742,L1_Document_Exception,ANL-233,777.0,APPROVE
REV-3004035,APP-1009743,L2_AML_Sanctions,ANL-145,466.2,REQUEST_REWORK
REV-3004036,APP-1009744,L1_Document_Exception,ANL-126,561.6,REQUEST_REWORK
REV-3004037,APP-1009745,L2_AML_Sanctions,ANL-247,544.2,APPROVE
REV-3004038,APP-1009747,L1_Document_Exception,ANL-196,634.2,REQUEST_REWORK
REV-3004039,APP-1009750,L1_Document_Exception,ANL-111,361.8,APPROVE
REV-3004040,APP-1009754,L1_Document_Exception,ANL-173,485.4,APPROVE
REV-3004041,APP-1009756,L1_Document_Exception,ANL-220,773.4,APPROVE
REV-3004042,APP-1009758,L1_Document_Exception,ANL-113,838.2,APPROVE
REV-3004043,APP-1009759,L2_AML_Sanctions,ANL-215,642.6,APPROVE
REV-3004044,APP-1009762,L1_Document_Exception,ANL-176,697.8,APPROVE
REV-3004045,APP-1009764,L1_Document_Exception,ANL-136,427.2,REQUEST_REWORK
REV-3004046,APP-1009765,L1_Document_Exception,ANL-157,510.0,REQUEST_REWORK
REV-3004047,APP-1009767,L2_AML_Sanctions,ANL-211,303.6,APPROVE
REV-3004048,APP-1009773,L1_Document_Exception,ANL-124,427.8,REQUEST_REWORK
REV-3004049,APP-1009777,L1_Document_Exception,ANL-245,559.8,APPROVE
REV-3004050,APP-1009779,L2_AML_Sanctions,ANL-232,475.2,APPROVE
REV-3004051,APP-1009780,L1_Document_Exception,ANL-207,899.4,APPROVE
REV-3004052,APP-1009782,L1_Document_Exception,ANL-212,436.2,APPROVE
REV-3004053,APP-1009783,L1_Document_Exception,ANL-104,497.4,APPROVE
REV-3004054,APP-1009784,L1_Document_Exception,ANL-182,669.0,APPROVE
REV-3004055,APP-1009789,L1_Document_Exception,ANL-236,1562.4,APPROVE
REV-3004056,APP-1009790,L2_AML_Sanctions,ANL-206,450.6,APPROVE
REV-3004057,APP-1009794,L1_Document_Exception,ANL-215,928.8,REQUEST_REWORK
REV-3004058,APP-1009797,L1_Document_Exception,ANL-104,398.4,APPROVE
REV-3004059,APP-1009798,L1_Document_Exception,ANL-212,580.2,REQUEST_REWORK
REV-3004060,APP-1009799,L1_Document_Exception,ANL-135,502.8,APPROVE
REV-3004061,APP-1009800,L1_Document_Exception,ANL-171,580.8,APPROVE
REV-3004062,APP-1009801,L2_AML_Sanctions,ANL-208,444.6,REQUEST_REWORK
REV-3004063,APP-1009802,L1_Document_Exception,ANL-134,449.4,APPROVE
REV-3004064,APP-1009803,L1_Document_Exception,ANL-153,1291.8,APPROVE
REV-3004065,APP-1009805,L1_Document_Exception,ANL-159,595.2,APPROVE
REV-3004066,APP-1009806,L1_Document_Exception,ANL-187,739.8,APPROVE
REV-3004067,APP-1009813,L1_Document_Exception,ANL-199,609.6,APPROVE
REV-3004068,APP-1009816,L2_AML_Sanctions,ANL-105,910.8,APPROVE
REV-3004069,APP-1009817,L1_Document_Exception,ANL-175,386.4,APPROVE
REV-3004070,APP-1009819,L2_AML_Sanctions,ANL-190,655.2,REQUEST_REWORK
REV-3004071,APP-1009825,L1_Document_Exception,ANL-240,612.6,APPROVE
REV-3004072,APP-1009830,L2_AML_Sanctions,ANL-179,426.0,APPROVE
REV-3004073,APP-1009831,L1_Document_Exception,ANL-216,514.2,APPROVE
REV-3004074,APP-1009832,L1_Document_Exception,ANL-154,774.0,APPROVE
REV-3004075,APP-1009833,L2_AML_Sanctions,ANL-157,1022.4,APPROVE
REV-3004076,APP-1009835,L1_Document_Exception,ANL-128,651.0,APPROVE
REV-3004077,APP-1009840,L1_Document_Exception,ANL-243,514.2,APPROVE
REV-3004078,APP-1009843,L1_Document_Exception,ANL-115,757.8,REQUEST_REWORK
REV-3004079,APP-1009844,L2_AML_Sanctions,ANL-200,515.4,APPROVE
REV-3004080,APP-1009845,L1_Document_Exception,ANL-173,727.2,APPROVE
REV-3004081,APP-1009846,L2_AML_Sanctions,ANL-123,1133.4,APPROVE
REV-3004082,APP-1009848,L1_Document_Exception,ANL-228,548.4,APPROVE
REV-3004083,APP-1009851,L2_AML_Sanctions,ANL-133,978.0,REJECT
REV-3004084,APP-1009853,L2_AML_Sanctions,ANL-101,655.8,REQUEST_REWORK
REV-3004085,APP-1009854,L1_Document_Exception,ANL-239,453.0,APPROVE
REV-3004086,APP-1009855,L1_Document_Exception,ANL-171,387.0,REQUEST_REWORK
REV-3004087,APP-1009857,L2_AML_Sanctions,ANL-179,426.0,APPROVE
REV-3004088,APP-1009860,L1_Document_Exception,ANL-124,569.4,APPROVE
REV-3004089,APP-1009862,L1_Document_Exception,ANL-122,953.4,REQUEST_REWORK
REV-3004090,APP-1009868,L2_AML_Sanctions,ANL-181,444.6,APPROVE
REV-3004091,APP-1009872,L1_Document_Exception,ANL-180,1023.6,REQUEST_REWORK
REV-3004092,APP-1009874,L1_Document_Exception,ANL-184,947.4,REQUEST_REWORK
REV-3004093,APP-1009878,L2_AML_Sanctions,ANL-125,1000.2,REJECT
REV-3004094,APP-1009879,L2_AML_Sanctions,ANL-191,467.4,APPROVE
REV-3004095,APP-1009882,L1_Document_Exception,ANL-164,570.6,APPROVE
REV-3004096,APP-1009885,L1_Document_Exception,ANL-226,395.4,APPROVE
REV-3004097,APP-1009886,L1_Document_Exception,ANL-103,800.4,APPROVE
REV-3004098,APP-1009888,L1_Document_Exception,ANL-101,385.2,APPROVE
REV-3004099,APP-1009897,L2_AML_Sanctions,ANL-207,513.0,APPROVE
REV-3004100,APP-1009898,L1_Document_Exception,ANL-102,1036.8,APPROVE
REV-3004101,APP-1009899,L2_AML_Sanctions,ANL-160,879.6,APPROVE
REV-3004102,APP-1009902,L2_AML_Sanctions,ANL-226,484.2,APPROVE
REV-3004103,APP-1009903,L2_AML_Sanctions,ANL-118,537.0,APPROVE
REV-3004104,APP-1009906,L1_Document_Exception,ANL-156,394.2,APPROVE
REV-3004105,APP-1009912,L1_Document_Exception,ANL-190,396.6,APPROVE
REV-3004106,APP-1009920,L1_Document_Exception,ANL-160,396.0,REQUEST_REWORK
REV-3004107,APP-1009928,L1_Document_Exception,ANL-154,523.2,APPROVE
REV-3004108,APP-1009931,L1_Document_Exception,ANL-244,622.8,APPROVE
REV-3004109,APP-1009932,L1_Document_Exception,ANL-119,434.4,APPROVE
REV-3004110,APP-1009933,L1_Document_Exception,ANL-184,578.4,APPROVE
REV-3004111,APP-1009935,L1_Document_Exception,ANL-129,635.4,APPROVE
REV-3004112,APP-1009936,L1_Document_Exception,ANL-142,955.2,APPROVE
REV-3004113,APP-1009937,L1_Document_Exception,ANL-242,1057.2,APPROVE
REV-3004114,APP-1009941,L2_AML_Sanctions,ANL-154,820.8,REQUEST_REWORK
REV-3004115,APP-1009942,L1_Document_Exception,ANL-200,762.0,APPROVE
REV-3004116,APP-1009944,L1_Document_Exception,ANL-133,721.2,APPROVE
REV-3004117,APP-1009950,L1_Document_Exception,ANL-148,604.2,APPROVE
REV-3004118,APP-1009952,L1_Document_Exception,ANL-164,382.8,APPROVE
REV-3004119,APP-1009953,L2_AML_Sanctions,ANL-239,417.0,APPROVE
REV-3004120,APP-1009955,L2_AML_Sanctions,ANL-206,340.2,APPROVE
REV-3004121,APP-1009957,L2_AML_Sanctions,ANL-133,728.4,APPROVE
REV-3004122,APP-1009958,L2_AML_Sanctions,ANL-148,1434.0,REJECT
REV-3004123,APP-1009961,L2_AML_Sanctions,ANL-218,604.2,APPROVE
REV-3004124,APP-1009963,L1_Document_Exception,ANL-217,1057.2,APPROVE
REV-3004125,APP-1009964,L1_Document_Exception,ANL-190,860.4,REQUEST_REWORK
REV-3004126,APP-1009965,L1_Document_Exception,ANL-168,457.2,APPROVE
REV-3004127,APP-1009968,L1_Document_Exception,ANL-163,495.6,APPROVE
REV-3004128,APP-1009969,L2_AML_Sanctions,ANL-207,784.8,APPROVE
REV-3004129,APP-1009974,L1_Document_Exception,ANL-129,711.6,APPROVE
REV-3004130,APP-1009986,L1_Document_Exception,ANL-141,459.0,APPROVE
REV-3004131,APP-1009988,L2_AML_Sanctions,ANL-199,727.2,REJECT
REV-3004132,APP-1009990,L1_Document_Exception,ANL-124,688.2,REQUEST_REWORK
REV-3004133,APP-1009993,L2_AML_Sanctions,ANL-195,787.8,APPROVE
REV-3004134,APP-1009998,L1_Document_Exception,ANL-102,645.0,APPROVE
REV-3004135,APP-1010002,L1_Document_Exception,ANL-178,636.6,APPROVE
REV-3004136,APP-1010004,L1_Document_Exception,ANL-145,257.4,APPROVE
REV-3004137,APP-1010006,L2_AML_Sanctions,ANL-233,482.4,APPROVE
REV-3004138,APP-1010008,L1_Document_Exception,ANL-143,783.0,APPROVE
REV-3004139,APP-1010010,L2_AML_Sanctions,ANL-158,327.0,APPROVE
REV-3004140,APP-1010012,L2_AML_Sanctions,ANL-143,835.8,REJECT
REV-3004141,APP-1010014,L1_Document_Exception,ANL-107,1780.2,APPROVE
REV-3004142,APP-1010020,L1_Document_Exception,ANL-179,337.8,APPROVE
REV-3004143,APP-1010022,L1_Document_Exception,ANL-234,1252.8,REQUEST_REWORK
REV-3004144,APP-1010023,L1_Document_Exception,ANL-138,934.8,APPROVE
REV-3004145,APP-1010024,L1_Document_Exception,ANL-230,702.6,APPROVE
REV-3004146,APP-1010027,L1_Document_Exception,ANL-181,547.8,APPROVE
REV-3004147,APP-1010029,L1_Document_Exception,ANL-133,1012.8,APPROVE
REV-3004148,APP-1010030,L1_Document_Exception,ANL-175,482.4,APPROVE
REV-3004149,APP-1010032,L1_Document_Exception,ANL-238,372.6,APPROVE
REV-3004150,APP-1010033,L1_Document_Exception,ANL-122,792.0,APPROVE
REV-3004151,APP-1010037,L1_Document_Exception,ANL-159,1484.4,REQUEST_REWORK
REV-3004152,APP-1010039,L1_Document_Exception,ANL-110,508.2,APPROVE
REV-3004153,APP-1010041,L1_Document_Exception,ANL-221,278.4,APPROVE
REV-3004154,APP-1010045,L1_Document_Exception,ANL-107,548.4,REQUEST_REWORK
REV-3004155,APP-1010050,L1_Document_Exception,ANL-240,241.2,APPROVE
REV-3004156,APP-1010051,L1_Document_Exception,ANL-144,738.0,REJECT
REV-3004157,APP-1010057,L2_AML_Sanctions,ANL-194,250.2,APPROVE
REV-3004158,APP-1010058,L1_Document_Exception,ANL-116,207.6,APPROVE
REV-3004159,APP-1010059,L1_Document_Exception,ANL-179,555.6,APPROVE
REV-3004160,APP-1010061,L1_Document_Exception,ANL-190,937.8,APPROVE
REV-3004161,APP-1010062,L2_AML_Sanctions,ANL-162,478.8,APPROVE
REV-3004162,APP-1010063,L1_Document_Exception,ANL-137,688.2,APPROVE
REV-3004163,APP-1010065,L2_AML_Sanctions,ANL-162,1117.2,APPROVE
REV-3004164,APP-1010066,L2_AML_Sanctions,ANL-156,887.4,APPROVE
REV-3004165,APP-1010067,L1_Document_Exception,ANL-239,512.4,APPROVE
REV-3004166,APP-1010069,L1_Document_Exception,ANL-187,2160.0,APPROVE
REV-3004167,APP-1010070,L1_Document_Exception,ANL-249,1011.6,APPROVE
REV-3004168,APP-1010073,L1_Document_Exception,ANL-162,622.2,APPROVE
REV-3004169,APP-1010074,L1_Document_Exception,ANL-147,951.6,APPROVE
REV-3004170,APP-1010079,L1_Document_Exception,ANL-128,490.8,REJECT
REV-3004171,APP-1010082,L2_AML_Sanctions,ANL-223,464.4,APPROVE
REV-3004172,APP-1010083,L2_AML_Sanctions,ANL-101,1606.8,REQUEST_REWORK
REV-3004173,APP-1010086,L1_Document_Exception,ANL-153,718.8,APPROVE
REV-3004174,APP-1010090,L1_Document_Exception,ANL-248,693.0,REQUEST_REWORK
REV-3004175,APP-1010091,L1_Document_Exception,ANL-235,531.0,REQUEST_REWORK
REV-3004176,APP-1010092,L1_Document_Exception,ANL-224,771.6,REQUEST_REWORK
REV-3004177,APP-1010094,L2_AML_Sanctions,ANL-134,484.2,REJECT
REV-3004178,APP-1010097,L2_AML_Sanctions,ANL-197,632.4,APPROVE
REV-3004179,APP-1010098,L1_Document_Exception,ANL-184,603.6,APPROVE
REV-3004180,APP-1010099,L2_AML_Sanctions,ANL-210,475.8,APPROVE
REV-3004181,APP-1010101,L1_Document_Exception,ANL-214,978.0,REQUEST_REWORK
REV-3004182,APP-1010103,L1_Document_Exception,ANL-233,1062.0,REQUEST_REWORK
REV-3004183,APP-1010106,L1_Document_Exception,ANL-188,994.8,APPROVE
REV-3004184,APP-1010107,L1_Document_Exception,ANL-104,734.4,APPROVE
REV-3004185,APP-1010108,L2_AML_Sanctions,ANL-108,691.8,APPROVE
REV-3004186,APP-1010109,L2_AML_Sanctions,ANL-106,225.6,REJECT
REV-3004187,APP-1010110,L1_Document_Exception,ANL-160,642.0,APPROVE
REV-3004188,APP-1010111,L2_AML_Sanctions,ANL-171,564.6,APPROVE
REV-3004189,APP-1010112,L1_Document_Exception,ANL-213,540.6,APPROVE
REV-3004190,APP-1010113,L1_Document_Exception,ANL-191,1464.6,APPROVE
REV-3004191,APP-1010119,L1_Document_Exception,ANL-192,568.8,REJECT
REV-3004192,APP-1010123,L1_Document_Exception,ANL-209,994.8,REQUEST_REWORK
REV-3004193,APP-1010126,L1_Document_Exception,ANL-202,459.6,REQUEST_REWORK
REV-3004194,APP-1010127,L2_AML_Sanctions,ANL-103,354.0,APPROVE
REV-3004195,APP-1010128,L1_Document_Exception,ANL-188,817.2,APPROVE
REV-3004196,APP-1010129,L2_AML_Sanctions,ANL-162,382.2,APPROVE
REV-3004197,APP-1010130,L2_AML_Sanctions,ANL-242,669.0,APPROVE
REV-3004198,APP-1010131,L2_AML_Sanctions,ANL-187,370.8,REJECT
REV-3004199,APP-1010133,L2_AML_Sanctions,ANL-147,1179.0,APPROVE
REV-3004200,APP-1010134,L1_Document_Exception,ANL-110,469.8,REQUEST_REWORK
REV-3004201,APP-1010140,L2_AML_Sanctions,ANL-195,696.0,APPROVE
REV-3004202,APP-1010142,L1_Document_Exception,ANL-232,788.4,APPROVE
REV-3004203,APP-1010145,L2_AML_Sanctions,ANL-157,496.2,REQUEST_REWORK
REV-3004204,APP-1010146,L1_Document_Exception,ANL-178,702.0,APPROVE
REV-3004205,APP-1010148,L1_Document_Exception,ANL-155,970.8,APPROVE
REV-3004206,APP-1010150,L2_AML_Sanctions,ANL-154,687.0,APPROVE
REV-3004207,APP-1010152,L1_Document_Exception,ANL-133,403.8,APPROVE
REV-3004208,APP-1010156,L2_AML_Sanctions,ANL-192,306.0,APPROVE
REV-3004209,APP-1010160,L1_Document_Exception,ANL-185,194.4,APPROVE
REV-3004210,APP-1010167,L1_Document_Exception,ANL-140,418.2,APPROVE
REV-3004211,APP-1010168,L1_Document_Exception,ANL-112,816.0,APPROVE
REV-3004212,APP-1010169,L1_Document_Exception,ANL-233,910.2,APPROVE
REV-3004213,APP-1010170,L2_AML_Sanctions,ANL-237,822.0,APPROVE
REV-3004214,APP-1010172,L1_Document_Exception,ANL-231,1264.2,APPROVE
REV-3004215,APP-1010173,L2_AML_Sanctions,ANL-167,526.2,APPROVE
REV-3004216,APP-1010177,L1_Document_Exception,ANL-150,480.6,APPROVE
REV-3004217,APP-1010180,L2_AML_Sanctions,ANL-126,709.2,APPROVE
REV-3004218,APP-1010183,L2_AML_Sanctions,ANL-232,836.4,REQUEST_REWORK
REV-3004219,APP-1010185,L2_AML_Sanctions,ANL-207,598.2,APPROVE
REV-3004220,APP-1010186,L1_Document_Exception,ANL-119,631.2,APPROVE
REV-3004221,APP-1010188,L1_Document_Exception,ANL-234,289.2,APPROVE
REV-3004222,APP-1010190,L1_Document_Exception,ANL-114,592.2,REQUEST_REWORK
REV-3004223,APP-1010191,L1_Document_Exception,ANL-124,851.4,APPROVE
REV-3004224,APP-1010196,L1_Document_Exception,ANL-175,817.2,APPROVE
REV-3004225,APP-1010211,L2_AML_Sanctions,ANL-113,506.4,APPROVE
REV-3004226,APP-1010212,L1_Document_Exception,ANL-230,655.2,APPROVE
REV-3004227,APP-1010213,L2_AML_Sanctions,ANL-172,699.0,APPROVE
REV-3004228,APP-1010214,L1_Document_Exception,ANL-217,751.8,APPROVE
REV-3004229,APP-1010215,L2_AML_Sanctions,ANL-157,369.0,REJECT
REV-3004230,APP-1010220,L2_AML_Sanctions,ANL-201,547.8,REJECT
REV-3004231,APP-1010221,L1_Document_Exception,ANL-136,570.6,APPROVE
REV-3004232,APP-1010225,L2_AML_Sanctions,ANL-113,1650.0,APPROVE
REV-3004233,APP-1010226,L1_Document_Exception,ANL-156,249.0,APPROVE
REV-3004234,APP-1010231,L2_AML_Sanctions,ANL-108,312.6,APPROVE
REV-3004235,APP-1010232,L1_Document_Exception,ANL-180,645.0,REQUEST_REWORK
REV-3004236,APP-1010234,L2_AML_Sanctions,ANL-103,1014.0,REQUEST_REWORK
REV-3004237,APP-1010235,L1_Document_Exception,ANL-138,672.0,REQUEST_REWORK
REV-3004238,APP-1010236,L2_AML_Sanctions,ANL-232,526.8,APPROVE
REV-3004239,APP-1010240,L1_Document_Exception,ANL-104,720.6,APPROVE
REV-3004240,APP-1010243,L1_Document_Exception,ANL-207,811.2,APPROVE
REV-3004241,APP-1010260,L1_Document_Exception,ANL-131,286.2,APPROVE
REV-3004242,APP-1010261,L2_AML_Sanctions,ANL-112,908.4,APPROVE
REV-3004243,APP-1010262,L1_Document_Exception,ANL-230,489.6,APPROVE
REV-3004244,APP-1010265,L1_Document_Exception,ANL-240,409.2,APPROVE
REV-3004245,APP-1010275,L2_AML_Sanctions,ANL-217,651.0,APPROVE
REV-3004246,APP-1010276,L2_AML_Sanctions,ANL-107,376.2,APPROVE
REV-3004247,APP-1010277,L1_Document_Exception,ANL-203,532.8,APPROVE
REV-3004248,APP-1010281,L1_Document_Exception,ANL-116,562.8,APPROVE
REV-3004249,APP-1010282,L1_Document_Exception,ANL-142,476.4,REQUEST_REWORK
REV-3004250,APP-1010285,L1_Document_Exception,ANL-151,521.4,APPROVE
REV-3004251,APP-1010288,L2_AML_Sanctions,ANL-214,810.6,REQUEST_REWORK
REV-3004252,APP-1010289,L1_Document_Exception,ANL-180,908.4,REQUEST_REWORK
REV-3004253,APP-1010290,L1_Document_Exception,ANL-133,319.2,APPROVE
REV-3004254,APP-1010295,L1_Document_Exception,ANL-209,213.0,REQUEST_REWORK
REV-3004255,APP-1010296,L2_AML_Sanctions,ANL-129,583.8,APPROVE
REV-3004256,APP-1010297,L1_Document_Exception,ANL-208,1423.8,APPROVE
REV-3004257,APP-1010298,L1_Document_Exception,ANL-138,736.2,APPROVE
REV-3004258,APP-1010301,L1_Document_Exception,ANL-134,1099.2,APPROVE
REV-3004259,APP-1010302,L1_Document_Exception,ANL-154,735.6,APPROVE
REV-3004260,APP-1010303,L1_Document_Exception,ANL-231,730.8,APPROVE
REV-3004261,APP-1010305,L1_Document_Exception,ANL-134,659.4,APPROVE
REV-3004262,APP-1010306,L1_Document_Exception,ANL-206,487.2,APPROVE
REV-3004263,APP-1010307,L1_Document_Exception,ANL-147,603.6,APPROVE
REV-3004264,APP-1010309,L2_AML_Sanctions,ANL-108,754.8,APPROVE
REV-3004265,APP-1010310,L1_Document_Exception,ANL-166,475.2,APPROVE
REV-3004266,APP-1010311,L1_Document_Exception,ANL-218,604.8,APPROVE
REV-3004267,APP-1010312,L1_Document_Exception,ANL-203,379.2,APPROVE
REV-3004268,APP-1010314,L1_Document_Exception,ANL-211,880.2,APPROVE
REV-3004269,APP-1010315,L1_Document_Exception,ANL-186,837.0,APPROVE
REV-3004270,APP-1010318,L2_AML_Sanctions,ANL-233,747.0,APPROVE
REV-3004271,APP-1010320,L1_Document_Exception,ANL-190,616.2,APPROVE
REV-3004272,APP-1010322,L1_Document_Exception,ANL-242,570.0,APPROVE
REV-3004273,APP-1010323,L2_AML_Sanctions,ANL-233,1029.6,REQUEST_REWORK
REV-3004274,APP-1010328,L1_Document_Exception,ANL-189,746.4,APPROVE
REV-3004275,APP-1010329,L1_Document_Exception,ANL-213,499.2,APPROVE
REV-3004276,APP-1010331,L1_Document_Exception,ANL-120,467.4,REQUEST_REWORK
REV-3004277,APP-1010338,L2_AML_Sanctions,ANL-138,724.2,REQUEST_REWORK
REV-3004278,APP-1010339,L2_AML_Sanctions,ANL-179,1136.4,APPROVE
REV-3004279,APP-1010340,L2_AML_Sanctions,ANL-228,541.8,APPROVE
REV-3004280,APP-1010343,L2_AML_Sanctions,ANL-232,750.0,REQUEST_REWORK
REV-3004281,APP-1010346,L1_Document_Exception,ANL-139,1045.2,APPROVE
REV-3004282,APP-1010351,L2_AML_Sanctions,ANL-142,575.4,APPROVE
REV-3004283,APP-1010353,L1_Document_Exception,ANL-131,939.0,APPROVE
REV-3004284,APP-1010357,L1_Document_Exception,ANL-167,440.4,APPROVE
REV-3004285,APP-1010359,L1_Document_Exception,ANL-247,816.6,REQUEST_REWORK
REV-3004286,APP-1010364,L1_Document_Exception,ANL-168,940.2,REQUEST_REWORK
REV-3004287,APP-1010370,L1_Document_Exception,ANL-215,1255.8,REQUEST_REWORK
REV-3004288,APP-1010374,L1_Document_Exception,ANL-137,553.2,APPROVE
REV-3004289,APP-1010376,L1_Document_Exception,ANL-190,826.8,APPROVE
REV-3004290,APP-1010381,L2_AML_Sanctions,ANL-142,372.0,APPROVE
REV-3004291,APP-1010382,L1_Document_Exception,ANL-235,387.6,APPROVE
REV-3004292,APP-1010385,L1_Document_Exception,ANL-227,889.2,REQUEST_REWORK
REV-3004293,APP-1010387,L2_AML_Sanctions,ANL-208,676.8,APPROVE
REV-3004294,APP-1010391,L1_Document_Exception,ANL-175,824.4,APPROVE
REV-3004295,APP-1010392,L1_Document_Exception,ANL-243,705.0,APPROVE
REV-3004296,APP-1010397,L2_AML_Sanctions,ANL-171,682.8,REQUEST_REWORK
REV-3004297,APP-1010399,L1_Document_Exception,ANL-177,765.6,REQUEST_REWORK
REV-3004298,APP-1010400,L1_Document_Exception,ANL-215,939.6,REJECT
REV-3004299,APP-1010402,L1_Document_Exception,ANL-213,427.8,APPROVE
REV-3004300,APP-1010407,L1_Document_Exception,ANL-146,523.8,APPROVE
REV-3004301,APP-1010409,L1_Document_Exception,ANL-173,632.4,APPROVE
REV-3004302,APP-1010411,L1_Document_Exception,ANL-145,678.0,APPROVE
REV-3004303,APP-1010415,L2_AML_Sanctions,ANL-233,719.4,APPROVE
REV-3004304,APP-1010416,L1_Document_Exception,ANL-203,572.4,APPROVE
REV-3004305,APP-1010418,L2_AML_Sanctions,ANL-200,1048.2,APPROVE
REV-3004306,APP-1010421,L1_Document_Exception,ANL-227,368.4,APPROVE
REV-3004307,APP-1010422,L1_Document_Exception,ANL-228,634.8,APPROVE
REV-3004308,APP-1010427,L1_Document_Exception,ANL-222,752.4,APPROVE
REV-3004309,APP-1010430,L1_Document_Exception,ANL-131,462.6,APPROVE
REV-3004310,APP-1010431,L2_AML_Sanctions,ANL-223,391.2,APPROVE
REV-3004311,APP-1010432,L1_Document_Exception,ANL-149,299.4,REQUEST_REWORK
REV-3004312,APP-1010434,L1_Document_Exception,ANL-223,1383.6,APPROVE
REV-3004313,APP-1010435,L2_AML_Sanctions,ANL-229,739.2,APPROVE
REV-3004314,APP-1010437,L1_Document_Exception,ANL-140,448.8,APPROVE
REV-3004315,APP-1010443,L1_Document_Exception,ANL-102,682.8,APPROVE
REV-3004316,APP-1010444,L1_Document_Exception,ANL-210,802.8,APPROVE
REV-3004317,APP-1010446,L1_Document_Exception,ANL-175,782.4,REJECT
REV-3004318,APP-1010449,L1_Document_Exception,ANL-111,1078.2,APPROVE
REV-3004319,APP-1010452,L1_Document_Exception,ANL-140,574.2,APPROVE
REV-3004320,APP-1010461,L1_Document_Exception,ANL-230,300.0,APPROVE
REV-3004321,APP-1010477,L2_AML_Sanctions,ANL-143,1092.0,APPROVE
REV-3004322,APP-1010478,L2_AML_Sanctions,ANL-146,859.2,APPROVE
REV-3004323,APP-1010481,L1_Document_Exception,ANL-144,333.6,APPROVE
REV-3004324,APP-1010483,L1_Document_Exception,ANL-135,582.6,APPROVE
REV-3004325,APP-1010485,L1_Document_Exception,ANL-235,325.8,APPROVE
REV-3004326,APP-1010489,L1_Document_Exception,ANL-154,1098.6,REQUEST_REWORK
REV-3004327,APP-1010491,L1_Document_Exception,ANL-122,658.8,REQUEST_REWORK
REV-3004328,APP-1010494,L2_AML_Sanctions,ANL-108,773.4,APPROVE
REV-3004329,APP-1010496,L2_AML_Sanctions,ANL-240,1141.8,APPROVE
REV-3004330,APP-1010497,L1_Document_Exception,ANL-146,1108.2,APPROVE
REV-3004331,APP-1010499,L1_Document_Exception,ANL-152,790.8,APPROVE
REV-3004332,APP-1010500,L2_AML_Sanctions,ANL-236,818.4,APPROVE
REV-3004333,APP-1010503,L2_AML_Sanctions,ANL-182,394.8,APPROVE
REV-3004334,APP-1010504,L1_Document_Exception,ANL-155,293.4,APPROVE
REV-3004335,APP-1010505,L2_AML_Sanctions,ANL-139,605.4,APPROVE
REV-3004336,APP-1010506,L1_Document_Exception,ANL-108,942.0,APPROVE
REV-3004337,APP-1010508,L1_Document_Exception,ANL-192,594.6,APPROVE
REV-3004338,APP-1010511,L1_Document_Exception,ANL-243,603.6,REQUEST_REWORK
REV-3004339,APP-1010513,L1_Document_Exception,ANL-192,871.2,APPROVE
REV-3004340,APP-1010514,L2_AML_Sanctions,ANL-168,427.2,APPROVE
REV-3004341,APP-1010517,L1_Document_Exception,ANL-182,870.0,REQUEST_REWORK
REV-3004342,APP-1010518,L1_Document_Exception,ANL-154,421.8,REQUEST_REWORK
REV-3004343,APP-1010521,L2_AML_Sanctions,ANL-205,598.8,APPROVE
REV-3004344,APP-1010529,L2_AML_Sanctions,ANL-118,658.8,APPROVE
REV-3004345,APP-1010531,L1_Document_Exception,ANL-186,534.6,APPROVE
REV-3004346,APP-1010532,L1_Document_Exception,ANL-191,625.8,APPROVE
REV-3004347,APP-1010533,L2_AML_Sanctions,ANL-113,491.4,REJECT
REV-3004348,APP-1010535,L1_Document_Exception,ANL-120,661.8,APPROVE
REV-3004349,APP-1010537,L1_Document_Exception,ANL-220,319.2,APPROVE
REV-3004350,APP-1010538,L1_Document_Exception,ANL-213,723.6,APPROVE
REV-3004351,APP-1010540,L2_AML_Sanctions,ANL-145,843.0,APPROVE
REV-3004352,APP-1010541,L1_Document_Exception,ANL-202,562.8,APPROVE
REV-3004353,APP-1010542,L1_Document_Exception,ANL-233,1885.2,APPROVE
REV-3004354,APP-1010544,L1_Document_Exception,ANL-209,728.4,REJECT
REV-3004355,APP-1010549,L1_Document_Exception,ANL-169,1060.8,APPROVE
REV-3004356,APP-1010554,L2_AML_Sanctions,ANL-122,796.8,REJECT
REV-3004357,APP-1010555,L1_Document_Exception,ANL-162,789.6,APPROVE
REV-3004358,APP-1010556,L1_Document_Exception,ANL-168,702.6,APPROVE
REV-3004359,APP-1010568,L1_Document_Exception,ANL-114,954.6,APPROVE
REV-3004360,APP-1010573,L1_Document_Exception,ANL-155,972.0,APPROVE
REV-3004361,APP-1010574,L1_Document_Exception,ANL-247,710.4,REQUEST_REWORK
REV-3004362,APP-1010576,L1_Document_Exception,ANL-245,416.4,REQUEST_REWORK
REV-3004363,APP-1010579,L2_AML_Sanctions,ANL-126,948.0,APPROVE
REV-3004364,APP-1010580,L1_Document_Exception,ANL-134,660.6,APPROVE
REV-3004365,APP-1010583,L1_Document_Exception,ANL-156,636.0,APPROVE
REV-3004366,APP-1010584,L1_Document_Exception,ANL-110,822.0,APPROVE
REV-3004367,APP-1010586,L2_AML_Sanctions,ANL-174,583.2,APPROVE
REV-3004368,APP-1010587,L2_AML_Sanctions,ANL-218,468.0,APPROVE
REV-3004369,APP-1010588,L1_Document_Exception,ANL-159,1205.4,REQUEST_REWORK
REV-3004370,APP-1010593,L2_AML_Sanctions,ANL-247,624.0,APPROVE
REV-3004371,APP-1010596,L1_Document_Exception,ANL-181,372.0,REQUEST_REWORK
REV-3004372,APP-1010597,L1_Document_Exception,ANL-112,567.0,APPROVE
REV-3004373,APP-1010598,L2_AML_Sanctions,ANL-206,777.0,APPROVE
REV-3004374,APP-1010601,L1_Document_Exception,ANL-206,1039.8,APPROVE
REV-3004375,APP-1010603,L1_Document_Exception,ANL-196,703.2,APPROVE
REV-3004376,APP-1010604,L1_Document_Exception,ANL-148,983.4,APPROVE
REV-3004377,APP-1010606,L1_Document_Exception,ANL-213,397.8,REQUEST_REWORK
REV-3004378,APP-1010609,L2_AML_Sanctions,ANL-238,352.8,APPROVE
REV-3004379,APP-1010611,L2_AML_Sanctions,ANL-218,525.6,APPROVE
REV-3004380,APP-1010612,L1_Document_Exception,ANL-215,557.4,APPROVE
REV-3004381,APP-1010614,L2_AML_Sanctions,ANL-241,687.6,APPROVE
REV-3004382,APP-1010615,L1_Document_Exception,ANL-219,1221.0,APPROVE
REV-3004383,APP-1010618,L1_Document_Exception,ANL-143,708.6,APPROVE
REV-3004384,APP-1010621,L1_Document_Exception,ANL-119,736.8,APPROVE
REV-3004385,APP-1010626,L2_AML_Sanctions,ANL-239,989.4,REJECT
REV-3004386,APP-1010629,L1_Document_Exception,ANL-102,709.8,APPROVE
REV-3004387,APP-1010632,L1_Document_Exception,ANL-247,768.6,APPROVE
REV-3004388,APP-1010636,L1_Document_Exception,ANL-170,589.2,REQUEST_REWORK
REV-3004389,APP-1010637,L1_Document_Exception,ANL-140,590.4,APPROVE
REV-3004390,APP-1010638,L2_AML_Sanctions,ANL-157,493.2,REJECT
REV-3004391,APP-1010639,L2_AML_Sanctions,ANL-125,950.4,REQUEST_REWORK
REV-3004392,APP-1010640,L2_AML_Sanctions,ANL-206,622.2,REQUEST_REWORK
REV-3004393,APP-1010642,L1_Document_Exception,ANL-172,545.4,APPROVE
REV-3004394,APP-1010644,L2_AML_Sanctions,ANL-184,451.8,APPROVE
REV-3004395,APP-1010647,L1_Document_Exception,ANL-220,614.4,APPROVE
REV-3004396,APP-1010651,L1_Document_Exception,ANL-117,549.6,REQUEST_REWORK
REV-3004397,APP-1010652,L1_Document_Exception,ANL-185,1258.8,APPROVE
REV-3004398,APP-1010653,L1_Document_Exception,ANL-184,691.8,APPROVE
REV-3004399,APP-1010655,L1_Document_Exception,ANL-235,498.6,APPROVE
REV-3004400,APP-1010657,L1_Document_Exception,ANL-189,988.8,APPROVE
REV-3004401,APP-1010663,L1_Document_Exception,ANL-164,853.8,REJECT
REV-3004402,APP-1010665,L1_Document_Exception,ANL-113,991.2,REQUEST_REWORK
REV-3004403,APP-1010666,L2_AML_Sanctions,ANL-229,867.6,APPROVE
REV-3004404,APP-1010670,L1_Document_Exception,ANL-158,570.0,APPROVE
REV-3004405,APP-1010677,L1_Document_Exception,ANL-154,907.2,APPROVE
REV-3004406,APP-1010678,L1_Document_Exception,ANL-105,419.4,REQUEST_REWORK
REV-3004407,APP-1010684,L1_Document_Exception,ANL-165,414.6,REQUEST_REWORK
REV-3004408,APP-1010694,L2_AML_Sanctions,ANL-150,1068.0,APPROVE
REV-3004409,APP-1010696,L1_Document_Exception,ANL-161,489.6,APPROVE
REV-3004410,APP-1010703,L2_AML_Sanctions,ANL-105,561.0,APPROVE
REV-3004411,APP-1010705,L1_Document_Exception,ANL-145,1231.2,APPROVE
REV-3004412,APP-1010706,L2_AML_Sanctions,ANL-212,1054.8,APPROVE
REV-3004413,APP-1010708,L2_AML_Sanctions,ANL-232,911.4,APPROVE
REV-3004414,APP-1010713,L2_AML_Sanctions,ANL-163,409.2,APPROVE
REV-3004415,APP-1010714,L1_Document_Exception,ANL-222,655.2,APPROVE
REV-3004416,APP-1010716,L1_Document_Exception,ANL-235,999.6,APPROVE
REV-3004417,APP-1010722,L1_Document_Exception,ANL-171,526.8,APPROVE
REV-3004418,APP-1010724,L1_Document_Exception,ANL-169,969.6,APPROVE
REV-3004419,APP-1010725,L1_Document_Exception,ANL-123,976.2,APPROVE
REV-3004420,APP-1010733,L2_AML_Sanctions,ANL-145,483.0,APPROVE
REV-3004421,APP-1010736,L1_Document_Exception,ANL-107,339.0,APPROVE
REV-3004422,APP-1010738,L1_Document_Exception,ANL-150,787.2,APPROVE
REV-3004423,APP-1010740,L1_Document_Exception,ANL-204,382.2,APPROVE
REV-3004424,APP-1010741,L1_Document_Exception,ANL-235,331.2,APPROVE
REV-3004425,APP-1010746,L2_AML_Sanctions,ANL-148,1074.0,APPROVE
REV-3004426,APP-1010747,L1_Document_Exception,ANL-130,643.2,APPROVE
REV-3004427,APP-1010749,L1_Document_Exception,ANL-184,675.6,APPROVE
REV-3004428,APP-1010750,L1_Document_Exception,ANL-173,723.6,APPROVE
REV-3004429,APP-1010752,L1_Document_Exception,ANL-244,1352.4,APPROVE
REV-3004430,APP-1010753,L1_Document_Exception,ANL-163,673.2,APPROVE
REV-3004431,APP-1010755,L2_AML_Sanctions,ANL-219,381.0,REJECT
REV-3004432,APP-1010758,L2_AML_Sanctions,ANL-228,770.4,APPROVE
REV-3004433,APP-1010762,L1_Document_Exception,ANL-169,321.0,APPROVE
REV-3004434,APP-1010765,L2_AML_Sanctions,ANL-109,774.6,APPROVE
REV-3004435,APP-1010766,L2_AML_Sanctions,ANL-194,459.6,APPROVE
REV-3004436,APP-1010767,L2_AML_Sanctions,ANL-164,1021.8,APPROVE
REV-3004437,APP-1010771,L1_Document_Exception,ANL-170,613.8,APPROVE
REV-3004438,APP-1010772,L2_AML_Sanctions,ANL-124,352.2,APPROVE
REV-3004439,APP-1010774,L1_Document_Exception,ANL-208,664.2,APPROVE
REV-3004440,APP-1010776,L1_Document_Exception,ANL-144,373.8,REJECT
REV-3004441,APP-1010777,L1_Document_Exception,ANL-140,1126.2,APPROVE
REV-3004442,APP-1010778,L2_AML_Sanctions,ANL-221,836.4,APPROVE
REV-3004443,APP-1010781,L2_AML_Sanctions,ANL-163,984.0,APPROVE
REV-3004444,APP-1010787,L1_Document_Exception,ANL-232,909.0,APPROVE
REV-3004445,APP-1010789,L1_Document_Exception,ANL-215,1780.8,APPROVE
REV-3004446,APP-1010790,L1_Document_Exception,ANL-131,565.8,APPROVE
REV-3004447,APP-1010791,L1_Document_Exception,ANL-106,850.2,REQUEST_REWORK
REV-3004448,APP-1010792,L2_AML_Sanctions,ANL-212,441.0,APPROVE
REV-3004449,APP-1010795,L1_Document_Exception,ANL-115,551.4,APPROVE
REV-3004450,APP-1010797,L1_Document_Exception,ANL-151,750.0,APPROVE
REV-3004451,APP-1010798,L1_Document_Exception,ANL-171,479.4,APPROVE
REV-3004452,APP-1010799,L1_Document_Exception,ANL-205,535.8,APPROVE
REV-3004453,APP-1010800,L1_Document_Exception,ANL-220,1302.0,REQUEST_REWORK
REV-3004454,APP-1010801,L1_Document_Exception,ANL-136,992.4,APPROVE
REV-3004455,APP-1010803,L1_Document_Exception,ANL-124,304.2,APPROVE
REV-3004456,APP-1010804,L1_Document_Exception,ANL-202,794.4,APPROVE
REV-3004457,APP-1010805,L1_Document_Exception,ANL-219,1081.8,APPROVE
REV-3004458,APP-1010807,L1_Document_Exception,ANL-195,541.2,APPROVE
REV-3004459,APP-1010811,L1_Document_Exception,ANL-233,1133.4,APPROVE
REV-3004460,APP-1010817,L1_Document_Exception,ANL-233,525.0,APPROVE
REV-3004461,APP-1010820,L1_Document_Exception,ANL-110,1329.6,REQUEST_REWORK
REV-3004462,APP-1010825,L2_AML_Sanctions,ANL-188,1163.4,REQUEST_REWORK
REV-3004463,APP-1010826,L1_Document_Exception,ANL-172,1380.0,APPROVE
REV-3004464,APP-1010828,L1_Document_Exception,ANL-190,1015.8,APPROVE
REV-3004465,APP-1010831,L1_Document_Exception,ANL-166,508.2,REQUEST_REWORK
REV-3004466,APP-1010832,L2_AML_Sanctions,ANL-163,567.0,APPROVE
REV-3004467,APP-1010833,L1_Document_Exception,ANL-203,1362.6,APPROVE
REV-3004468,APP-1010836,L2_AML_Sanctions,ANL-229,606.0,APPROVE
REV-3004469,APP-1010838,L2_AML_Sanctions,ANL-230,775.2,APPROVE
REV-3004470,APP-1010840,L2_AML_Sanctions,ANL-196,734.4,APPROVE
REV-3004471,APP-1010841,L1_Document_Exception,ANL-151,456.6,APPROVE
REV-3004472,APP-1010844,L1_Document_Exception,ANL-160,297.0,APPROVE
REV-3004473,APP-1010846,L2_AML_Sanctions,ANL-210,556.2,REQUEST_REWORK
REV-3004474,APP-1010848,L2_AML_Sanctions,ANL-208,1083.6,APPROVE
REV-3004475,APP-1010849,L2_AML_Sanctions,ANL-229,756.6,APPROVE
REV-3004476,APP-1010850,L2_AML_Sanctions,ANL-214,752.4,REQUEST_REWORK
REV-3004477,APP-1010851,L2_AML_Sanctions,ANL-124,412.8,APPROVE
REV-3004478,APP-1010853,L2_AML_Sanctions,ANL-136,557.4,REJECT
REV-3004479,APP-1010854,L1_Document_Exception,ANL-101,1155.0,APPROVE
REV-3004480,APP-1010856,L2_AML_Sanctions,ANL-210,520.8,APPROVE
REV-3004481,APP-1010857,L1_Document_Exception,ANL-107,843.6,REQUEST_REWORK
REV-3004482,APP-1010858,L2_AML_Sanctions,ANL-102,474.0,REJECT
REV-3004483,APP-1010859,L2_AML_Sanctions,ANL-101,975.6,APPROVE
REV-3004484,APP-1010867,L2_AML_Sanctions,ANL-233,583.2,REJECT
REV-3004485,APP-1010870,L1_Document_Exception,ANL-128,1215.0,APPROVE
REV-3004486,APP-1010872,L2_AML_Sanctions,ANL-224,221.4,APPROVE
REV-3004487,APP-1010876,L1_Document_Exception,ANL-137,931.8,APPROVE
REV-3004488,APP-1010880,L2_AML_Sanctions,ANL-131,362.4,REJECT
REV-3004489,APP-1010881,L1_Document_Exception,ANL-223,655.8,APPROVE
REV-3004490,APP-1010883,L1_Document_Exception,ANL-147,1208.4,REQUEST_REWORK
REV-3004491,APP-1010885,L1_Document_Exception,ANL-136,602.4,APPROVE
REV-3004492,APP-1010886,L1_Document_Exception,ANL-188,240.6,APPROVE
REV-3004493,APP-1010887,L1_Document_Exception,ANL-189,1619.4,APPROVE
REV-3004494,APP-1010888,L1_Document_Exception,ANL-166,681.0,APPROVE
REV-3004495,APP-1010890,L1_Document_Exception,ANL-116,496.8,APPROVE
REV-3004496,APP-1010893,L2_AML_Sanctions,ANL-221,811.2,APPROVE
REV-3004497,APP-1010895,L1_Document_Exception,ANL-238,806.4,REQUEST_REWORK
REV-3004498,APP-1010896,L1_Document_Exception,ANL-120,496.2,APPROVE
REV-3004499,APP-1010897,L1_Document_Exception,ANL-175,801.6,APPROVE
REV-3004500,APP-1010904,L2_AML_Sanctions,ANL-186,535.8,REJECT
REV-3004501,APP-1010905,L1_Document_Exception,ANL-140,946.8,APPROVE
REV-3004502,APP-1010907,L1_Document_Exception,ANL-114,633.6,REQUEST_REWORK
REV-3004503,APP-1010908,L2_AML_Sanctions,ANL-248,725.4,APPROVE
REV-3004504,APP-1010909,L1_Document_Exception,ANL-183,536.4,APPROVE
REV-3004505,APP-1010917,L1_Document_Exception,ANL-193,976.8,APPROVE
REV-3004506,APP-1010920,L1_Document_Exception,ANL-117,610.8,APPROVE
REV-3004507,APP-1010923,L1_Document_Exception,ANL-122,1350.6,APPROVE
REV-3004508,APP-1010924,L1_Document_Exception,ANL-137,322.2,APPROVE
REV-3004509,APP-1010928,L1_Document_Exception,ANL-139,500.4,APPROVE
REV-3004510,APP-1010930,L1_Document_Exception,ANL-234,873.0,APPROVE
REV-3004511,APP-1010932,L1_Document_Exception,ANL-235,586.8,REQUEST_REWORK
REV-3004512,APP-1010933,L2_AML_Sanctions,ANL-209,1013.4,APPROVE
REV-3004513,APP-1010938,L1_Document_Exception,ANL-239,886.2,REQUEST_REWORK
REV-3004514,APP-1010940,L1_Document_Exception,ANL-199,709.2,REQUEST_REWORK
REV-3004515,APP-1010942,L1_Document_Exception,ANL-103,685.2,REQUEST_REWORK
REV-3004516,APP-1010948,L2_AML_Sanctions,ANL-242,433.8,REQUEST_REWORK
REV-3004517,APP-1010957,L2_AML_Sanctions,ANL-231,825.6,REJECT
REV-3004518,APP-1010958,L1_Document_Exception,ANL-112,1191.6,REJECT
REV-3004519,APP-1010960,L1_Document_Exception,ANL-134,544.8,REQUEST_REWORK
REV-3004520,APP-1010962,L2_AML_Sanctions,ANL-178,791.4,APPROVE
REV-3004521,APP-1010964,L1_Document_Exception,ANL-247,865.2,REQUEST_REWORK
REV-3004522,APP-1010967,L2_AML_Sanctions,ANL-163,822.0,APPROVE
REV-3004523,APP-1010968,L1_Document_Exception,ANL-212,598.2,APPROVE
REV-3004524,APP-1010969,L1_Document_Exception,ANL-164,1157.4,APPROVE
REV-3004525,APP-1010970,L2_AML_Sanctions,ANL-147,435.0,APPROVE
REV-3004526,APP-1010972,L1_Document_Exception,ANL-158,334.8,REQUEST_REWORK
REV-3004527,APP-1010973,L2_AML_Sanctions,ANL-172,334.8,REQUEST_REWORK
REV-3004528,APP-1010977,L2_AML_Sanctions,ANL-171,394.8,APPROVE
REV-3004529,APP-1010980,L1_Document_Exception,ANL-159,378.6,APPROVE
REV-3004530,APP-1010982,L1_Document_Exception,ANL-249,556.8,APPROVE
REV-3004531,APP-1010983,L1_Document_Exception,ANL-204,709.8,APPROVE
REV-3004532,APP-1010984,L1_Document_Exception,ANL-204,715.2,REJECT
REV-3004533,APP-1010986,L2_AML_Sanctions,ANL-234,1081.2,REJECT
REV-3004534,APP-1010987,L2_AML_Sanctions,ANL-136,453.0,APPROVE
REV-3004535,APP-1010990,L1_Document_Exception,ANL-129,929.4,REQUEST_REWORK
REV-3004536,APP-1010993,L1_Document_Exception,ANL-239,1363.2,APPROVE
REV-3004537,APP-1010994,L2_AML_Sanctions,ANL-114,724.2,APPROVE
REV-3004538,APP-1010995,L1_Document_Exception,ANL-223,700.2,APPROVE
REV-3004539,APP-1011000,L1_Document_Exception,ANL-212,277.2,APPROVE
REV-3004540,APP-1011006,L1_Document_Exception,ANL-170,738.6,REJECT
REV-3004541,APP-1011007,L1_Document_Exception,ANL-190,708.6,APPROVE
REV-3004542,APP-1011008,L1_Document_Exception,ANL-128,609.6,REQUEST_REWORK
REV-3004543,APP-1011014,L1_Document_Exception,ANL-218,370.2,APPROVE
REV-3004544,APP-1011017,L2_AML_Sanctions,ANL-127,504.0,APPROVE
REV-3004545,APP-1011020,L2_AML_Sanctions,ANL-143,847.8,APPROVE
REV-3004546,APP-1011022,L1_Document_Exception,ANL-179,281.4,APPROVE
REV-3004547,APP-1011023,L2_AML_Sanctions,ANL-204,616.2,APPROVE
REV-3004548,APP-1011028,L2_AML_Sanctions,ANL-187,472.8,APPROVE
REV-3004549,APP-1011029,L1_Document_Exception,ANL-111,699.0,REQUEST_REWORK
REV-3004550,APP-1011031,L1_Document_Exception,ANL-171,681.0,APPROVE
REV-3004551,APP-1011033,L1_Document_Exception,ANL-197,999.6,REQUEST_REWORK
REV-3004552,APP-1011036,L1_Document_Exception,ANL-150,508.2,REQUEST_REWORK
REV-3004553,APP-1011042,L1_Document_Exception,ANL-177,763.8,REQUEST_REWORK
REV-3004554,APP-1011043,L1_Document_Exception,ANL-169,413.4,APPROVE
REV-3004555,APP-1011045,L2_AML_Sanctions,ANL-185,386.4,REQUEST_REWORK
REV-3004556,APP-1011049,L1_Document_Exception,ANL-123,915.0,REQUEST_REWORK
REV-3004557,APP-1011056,L1_Document_Exception,ANL-120,594.0,APPROVE
REV-3004558,APP-1011057,L1_Document_Exception,ANL-110,628.8,APPROVE
REV-3004559,APP-1011059,L1_Document_Exception,ANL-131,294.6,APPROVE
REV-3004560,APP-1011060,L1_Document_Exception,ANL-133,441.0,APPROVE
REV-3004561,APP-1011062,L2_AML_Sanctions,ANL-225,791.4,APPROVE
REV-3004562,APP-1011071,L1_Document_Exception,ANL-170,811.8,APPROVE
REV-3004563,APP-1011076,L2_AML_Sanctions,ANL-204,381.6,APPROVE
REV-3004564,APP-1011080,L2_AML_Sanctions,ANL-187,420.6,APPROVE
REV-3004565,APP-1011081,L1_Document_Exception,ANL-155,876.6,APPROVE
REV-3004566,APP-1011083,L1_Document_Exception,ANL-172,1017.6,APPROVE
REV-3004567,APP-1011084,L2_AML_Sanctions,ANL-179,608.4,APPROVE
REV-3004568,APP-1011087,L2_AML_Sanctions,ANL-109,635.4,APPROVE
REV-3004569,APP-1011088,L2_AML_Sanctions,ANL-160,775.8,REQUEST_REWORK
REV-3004570,APP-1011091,L1_Document_Exception,ANL-139,520.2,APPROVE
REV-3004571,APP-1011092,L1_Document_Exception,ANL-177,572.4,APPROVE
REV-3004572,APP-1011093,L1_Document_Exception,ANL-211,1194.0,APPROVE
REV-3004573,APP-1011094,L1_Document_Exception,ANL-132,786.6,APPROVE
REV-3004574,APP-1011097,L2_AML_Sanctions,ANL-146,481.2,APPROVE
REV-3004575,APP-1011098,L2_AML_Sanctions,ANL-110,883.2,APPROVE
REV-3004576,APP-1011100,L1_Document_Exception,ANL-204,674.4,APPROVE
REV-3004577,APP-1011101,L1_Document_Exception,ANL-169,552.0,APPROVE
REV-3004578,APP-1011103,L2_AML_Sanctions,ANL-169,655.2,APPROVE
REV-3004579,APP-1011105,L1_Document_Exception,ANL-106,448.8,APPROVE
REV-3004580,APP-1011106,L1_Document_Exception,ANL-197,1153.2,REQUEST_REWORK
REV-3004581,APP-1011112,L1_Document_Exception,ANL-105,767.4,APPROVE
REV-3004582,APP-1011114,L1_Document_Exception,ANL-249,762.6,APPROVE
REV-3004583,APP-1011115,L1_Document_Exception,ANL-178,1109.4,APPROVE
REV-3004584,APP-1011118,L1_Document_Exception,ANL-166,514.8,APPROVE
REV-3004585,APP-1011119,L1_Document_Exception,ANL-111,678.6,APPROVE
REV-3004586,APP-1011121,L1_Document_Exception,ANL-181,546.0,APPROVE
REV-3004587,APP-1011122,L1_Document_Exception,ANL-106,257.4,APPROVE
REV-3004588,APP-1011123,L1_Document_Exception,ANL-231,746.4,APPROVE
REV-3004589,APP-1011126,L2_AML_Sanctions,ANL-148,804.0,APPROVE
REV-3004590,APP-1011134,L2_AML_Sanctions,ANL-210,699.0,APPROVE
REV-3004591,APP-1011144,L1_Document_Exception,ANL-221,543.0,APPROVE
REV-3004592,APP-1011145,L1_Document_Exception,ANL-215,934.8,APPROVE
REV-3004593,APP-1011146,L1_Document_Exception,ANL-137,515.4,APPROVE
REV-3004594,APP-1011147,L1_Document_Exception,ANL-162,411.0,APPROVE
REV-3004595,APP-1011148,L2_AML_Sanctions,ANL-149,879.6,APPROVE
REV-3004596,APP-1011151,L1_Document_Exception,ANL-246,322.2,APPROVE
REV-3004597,APP-1011158,L2_AML_Sanctions,ANL-170,971.4,APPROVE
REV-3004598,APP-1011159,L1_Document_Exception,ANL-194,843.0,APPROVE
REV-3004599,APP-1011161,L1_Document_Exception,ANL-232,243.0,APPROVE
REV-3004600,APP-1011166,L2_AML_Sanctions,ANL-131,740.4,REJECT
REV-3004601,APP-1011167,L1_Document_Exception,ANL-156,812.4,REQUEST_REWORK
REV-3004602,APP-1011170,L2_AML_Sanctions,ANL-234,373.8,REJECT
REV-3004603,APP-1011172,L1_Document_Exception,ANL-125,919.8,APPROVE
REV-3004604,APP-1011177,L2_AML_Sanctions,ANL-115,942.0,REJECT
REV-3004605,APP-1011182,L1_Document_Exception,ANL-240,604.2,APPROVE
REV-3004606,APP-1011192,L2_AML_Sanctions,ANL-228,567.6,APPROVE
REV-3004607,APP-1011193,L2_AML_Sanctions,ANL-249,603.6,APPROVE
REV-3004608,APP-1011195,L1_Document_Exception,ANL-234,601.8,APPROVE
REV-3004609,APP-1011198,L1_Document_Exception,ANL-189,1129.2,APPROVE
REV-3004610,APP-1011201,L1_Document_Exception,ANL-106,525.6,APPROVE
REV-3004611,APP-1011203,L2_AML_Sanctions,ANL-238,557.4,APPROVE
REV-3004612,APP-1011205,L1_Document_Exception,ANL-175,292.8,APPROVE
REV-3004613,APP-1011212,L1_Document_Exception,ANL-106,726.0,APPROVE
REV-3004614,APP-1011214,L1_Document_Exception,ANL-185,665.4,APPROVE
REV-3004615,APP-1011221,L1_Document_Exception,ANL-226,1624.8,REJECT
REV-3004616,APP-1011222,L2_AML_Sanctions,ANL-194,478.8,APPROVE
REV-3004617,APP-1011223,L2_AML_Sanctions,ANL-136,907.8,REJECT
REV-3004618,APP-1011224,L1_Document_Exception,ANL-199,589.8,REQUEST_REWORK
REV-3004619,APP-1011230,L1_Document_Exception,ANL-221,457.2,REQUEST_REWORK
REV-3004620,APP-1011232,L1_Document_Exception,ANL-118,1191.0,REQUEST_REWORK
REV-3004621,APP-1011234,L1_Document_Exception,ANL-191,302.4,APPROVE
REV-3004622,APP-1011237,L1_Document_Exception,ANL-102,706.8,REQUEST_REWORK
REV-3004623,APP-1011238,L1_Document_Exception,ANL-194,496.2,REQUEST_REWORK
REV-3004624,APP-1011239,L1_Document_Exception,ANL-109,733.8,APPROVE
REV-3004625,APP-1011244,L2_AML_Sanctions,ANL-194,629.4,APPROVE
REV-3004626,APP-1011245,L1_Document_Exception,ANL-133,524.4,APPROVE
REV-3004627,APP-1011246,L1_Document_Exception,ANL-162,669.6,APPROVE
REV-3004628,APP-1011249,L2_AML_Sanctions,ANL-131,365.4,REJECT
REV-3004629,APP-1011251,L1_Document_Exception,ANL-144,1235.4,APPROVE
REV-3004630,APP-1011253,L1_Document_Exception,ANL-153,1168.8,APPROVE
REV-3004631,APP-1011255,L2_AML_Sanctions,ANL-220,835.8,APPROVE
REV-3004632,APP-1011258,L1_Document_Exception,ANL-194,600.0,APPROVE
REV-3004633,APP-1011260,L1_Document_Exception,ANL-106,786.0,APPROVE
REV-3004634,APP-1011261,L2_AML_Sanctions,ANL-192,501.0,REQUEST_REWORK
REV-3004635,APP-1011262,L2_AML_Sanctions,ANL-239,617.4,REQUEST_REWORK
REV-3004636,APP-1011263,L1_Document_Exception,ANL-103,456.0,APPROVE
REV-3004637,APP-1011265,L1_Document_Exception,ANL-215,403.2,APPROVE
REV-3004638,APP-1011266,L1_Document_Exception,ANL-187,902.4,REJECT
REV-3004639,APP-1011268,L1_Document_Exception,ANL-113,991.8,APPROVE
REV-3004640,APP-1011270,L1_Document_Exception,ANL-219,450.0,APPROVE
REV-3004641,APP-1011271,L1_Document_Exception,ANL-211,366.0,APPROVE
REV-3004642,APP-1011276,L2_AML_Sanctions,ANL-164,958.2,APPROVE
REV-3004643,APP-1011277,L1_Document_Exception,ANL-102,396.0,APPROVE
REV-3004644,APP-1011280,L1_Document_Exception,ANL-142,585.0,REQUEST_REWORK
REV-3004645,APP-1011282,L1_Document_Exception,ANL-222,331.2,APPROVE
REV-3004646,APP-1011283,L1_Document_Exception,ANL-190,459.6,APPROVE
REV-3004647,APP-1011284,L1_Document_Exception,ANL-132,407.4,REQUEST_REWORK
REV-3004648,APP-1011289,L1_Document_Exception,ANL-195,734.4,APPROVE
REV-3004649,APP-1011290,L2_AML_Sanctions,ANL-121,585.6,REJECT
REV-3004650,APP-1011291,L1_Document_Exception,ANL-247,555.0,APPROVE
REV-3004651,APP-1011293,L1_Document_Exception,ANL-238,1503.0,APPROVE
REV-3004652,APP-1011295,L1_Document_Exception,ANL-205,1145.4,APPROVE
REV-3004653,APP-1011296,L1_Document_Exception,ANL-183,329.4,APPROVE
REV-3004654,APP-1011300,L2_AML_Sanctions,ANL-129,385.8,REQUEST_REWORK
REV-3004655,APP-1011302,L1_Document_Exception,ANL-229,601.8,REQUEST_REWORK
REV-3004656,APP-1011304,L1_Document_Exception,ANL-135,898.2,APPROVE
REV-3004657,APP-1011311,L1_Document_Exception,ANL-167,756.0,REQUEST_REWORK
REV-3004658,APP-1011315,L1_Document_Exception,ANL-101,500.4,APPROVE
REV-3004659,APP-1011316,L1_Document_Exception,ANL-202,457.8,APPROVE
REV-3004660,APP-1011317,L2_AML_Sanctions,ANL-101,484.2,APPROVE
REV-3004661,APP-1011319,L1_Document_Exception,ANL-154,586.2,APPROVE
REV-3004662,APP-1011321,L1_Document_Exception,ANL-158,473.4,REQUEST_REWORK
REV-3004663,APP-1011326,L1_Document_Exception,ANL-121,290.4,APPROVE
REV-3004664,APP-1011328,L2_AML_Sanctions,ANL-110,1090.8,APPROVE
REV-3004665,APP-1011330,L2_AML_Sanctions,ANL-108,376.2,REQUEST_REWORK
REV-3004666,APP-1011332,L2_AML_Sanctions,ANL-214,427.8,APPROVE
REV-3004667,APP-1011334,L1_Document_Exception,ANL-102,880.2,REQUEST_REWORK
REV-3004668,APP-1011335,L1_Document_Exception,ANL-190,712.8,APPROVE
REV-3004669,APP-1011337,L1_Document_Exception,ANL-230,392.4,REQUEST_REWORK
REV-3004670,APP-1011339,L2_AML_Sanctions,ANL-224,423.6,APPROVE
REV-3004671,APP-1011343,L2_AML_Sanctions,ANL-185,652.8,APPROVE
REV-3004672,APP-1011344,L1_Document_Exception,ANL-136,778.8,REQUEST_REWORK
REV-3004673,APP-1011345,L2_AML_Sanctions,ANL-232,763.8,APPROVE
REV-3004674,APP-1011346,L1_Document_Exception,ANL-134,581.4,APPROVE
REV-3004675,APP-1011347,L1_Document_Exception,ANL-248,554.4,APPROVE
REV-3004676,APP-1011351,L1_Document_Exception,ANL-118,1028.4,APPROVE
REV-3004677,APP-1011352,L2_AML_Sanctions,ANL-131,578.4,APPROVE
REV-3004678,APP-1011354,L2_AML_Sanctions,ANL-148,516.0,APPROVE
REV-3004679,APP-1011356,L2_AML_Sanctions,ANL-198,668.4,APPROVE
REV-3004680,APP-1011357,L1_Document_Exception,ANL-222,611.4,APPROVE
REV-3004681,APP-1011358,L2_AML_Sanctions,ANL-223,555.0,REQUEST_REWORK
REV-3004682,APP-1011361,L1_Document_Exception,ANL-167,1081.8,REQUEST_REWORK
REV-3004683,APP-1011365,L1_Document_Exception,ANL-114,695.4,APPROVE
REV-3004684,APP-1011367,L1_Document_Exception,ANL-207,913.2,APPROVE
REV-3004685,APP-1011373,L1_Document_Exception,ANL-241,1329.6,REQUEST_REWORK
REV-3004686,APP-1011374,L1_Document_Exception,ANL-142,974.4,APPROVE
REV-3004687,APP-1011376,L1_Document_Exception,ANL-177,480.0,APPROVE
REV-3004688,APP-1011377,L1_Document_Exception,ANL-180,732.6,APPROVE
REV-3004689,APP-1011381,L1_Document_Exception,ANL-117,498.0,APPROVE
REV-3004690,APP-1011384,L1_Document_Exception,ANL-185,391.8,REQUEST_REWORK
REV-3004691,APP-1011385,L1_Document_Exception,ANL-139,864.6,APPROVE
REV-3004692,APP-1011388,L1_Document_Exception,ANL-214,1012.8,APPROVE
REV-3004693,APP-1011389,L1_Document_Exception,ANL-127,1297.8,APPROVE
REV-3004694,APP-1011391,L1_Document_Exception,ANL-105,909.0,APPROVE
REV-3004695,APP-1011392,L1_Document_Exception,ANL-242,499.8,APPROVE
REV-3004696,APP-1011393,L2_AML_Sanctions,ANL-119,358.2,APPROVE
REV-3004697,APP-1011400,L1_Document_Exception,ANL-228,764.4,REQUEST_REWORK
REV-3004698,APP-1011402,L1_Document_Exception,ANL-171,732.0,APPROVE
REV-3004699,APP-1011403,L1_Document_Exception,ANL-138,1332.6,APPROVE
REV-3004700,APP-1011418,L2_AML_Sanctions,ANL-164,1278.0,APPROVE
REV-3004701,APP-1011424,L1_Document_Exception,ANL-190,667.8,APPROVE
REV-3004702,APP-1011426,L2_AML_Sanctions,ANL-190,1387.8,APPROVE
REV-3004703,APP-1011427,L2_AML_Sanctions,ANL-178,501.6,APPROVE
REV-3004704,APP-1011428,L1_Document_Exception,ANL-102,305.4,APPROVE
REV-3004705,APP-1011429,L1_Document_Exception,ANL-249,534.0,APPROVE
REV-3004706,APP-1011430,L2_AML_Sanctions,ANL-226,794.4,APPROVE
REV-3004707,APP-1011432,L1_Document_Exception,ANL-241,1054.2,APPROVE
REV-3004708,APP-1011433,L1_Document_Exception,ANL-235,356.4,APPROVE
REV-3004709,APP-1011434,L1_Document_Exception,ANL-249,720.6,APPROVE
REV-3004710,APP-1011437,L1_Document_Exception,ANL-231,916.2,REQUEST_REWORK
REV-3004711,APP-1011440,L1_Document_Exception,ANL-221,317.4,APPROVE
REV-3004712,APP-1011447,L1_Document_Exception,ANL-104,561.0,REQUEST_REWORK
REV-3004713,APP-1011449,L1_Document_Exception,ANL-116,549.0,APPROVE
REV-3004714,APP-1011451,L1_Document_Exception,ANL-125,413.4,APPROVE
REV-3004715,APP-1011452,L1_Document_Exception,ANL-234,766.2,APPROVE
REV-3004716,APP-1011454,L1_Document_Exception,ANL-186,477.0,APPROVE
REV-3004717,APP-1011455,L1_Document_Exception,ANL-219,750.6,APPROVE
REV-3004718,APP-1011457,L2_AML_Sanctions,ANL-142,367.8,APPROVE
REV-3004719,APP-1011458,L1_Document_Exception,ANL-180,477.0,APPROVE
REV-3004720,APP-1011461,L2_AML_Sanctions,ANL-194,874.2,REJECT
REV-3004721,APP-1011464,L2_AML_Sanctions,ANL-231,585.0,APPROVE
REV-3004722,APP-1011465,L1_Document_Exception,ANL-219,2080.8,APPROVE
REV-3004723,APP-1011467,L2_AML_Sanctions,ANL-106,615.0,APPROVE
REV-3004724,APP-1011468,L2_AML_Sanctions,ANL-156,859.8,APPROVE
REV-3004725,APP-1011469,L1_Document_Exception,ANL-118,994.8,APPROVE
REV-3004726,APP-1011475,L1_Document_Exception,ANL-123,580.2,APPROVE
REV-3004727,APP-1011477,L1_Document_Exception,ANL-199,901.8,APPROVE
REV-3004728,APP-1011478,L2_AML_Sanctions,ANL-125,678.0,APPROVE
REV-3004729,APP-1011480,L1_Document_Exception,ANL-172,435.6,APPROVE
REV-3004730,APP-1011483,L1_Document_Exception,ANL-105,372.0,APPROVE
REV-3004731,APP-1011484,L1_Document_Exception,ANL-180,568.8,APPROVE
REV-3004732,APP-1011487,L1_Document_Exception,ANL-164,1007.4,REQUEST_REWORK
REV-3004733,APP-1011488,L1_Document_Exception,ANL-220,825.0,REQUEST_REWORK
REV-3004734,APP-1011491,L1_Document_Exception,ANL-193,929.4,APPROVE
REV-3004735,APP-1011493,L1_Document_Exception,ANL-179,472.2,APPROVE
REV-3004736,APP-1011494,L2_AML_Sanctions,ANL-155,664.8,REJECT
REV-3004737,APP-1011500,L1_Document_Exception,ANL-147,645.6,REQUEST_REWORK
REV-3004738,APP-1011501,L2_AML_Sanctions,ANL-164,1094.4,APPROVE
REV-3004739,APP-1011503,L1_Document_Exception,ANL-211,598.2,APPROVE
REV-3004740,APP-1011506,L1_Document_Exception,ANL-105,712.2,APPROVE
REV-3004741,APP-1011509,L1_Document_Exception,ANL-180,747.6,APPROVE
REV-3004742,APP-1011514,L1_Document_Exception,ANL-244,650.4,APPROVE
REV-3004743,APP-1011518,L1_Document_Exception,ANL-180,494.4,APPROVE
REV-3004744,APP-1011519,L1_Document_Exception,ANL-219,553.8,APPROVE
REV-3004745,APP-1011521,L1_Document_Exception,ANL-158,595.2,APPROVE
REV-3004746,APP-1011524,L1_Document_Exception,ANL-222,846.0,APPROVE
REV-3004747,APP-1011526,L1_Document_Exception,ANL-186,909.0,APPROVE
REV-3004748,APP-1011528,L1_Document_Exception,ANL-118,403.8,APPROVE
REV-3004749,APP-1011529,L1_Document_Exception,ANL-106,502.2,APPROVE
REV-3004750,APP-1011531,L1_Document_Exception,ANL-241,1011.0,APPROVE
REV-3004751,APP-1011535,L1_Document_Exception,ANL-218,446.4,APPROVE
REV-3004752,APP-1011540,L1_Document_Exception,ANL-228,787.2,APPROVE
REV-3004753,APP-1011541,L2_AML_Sanctions,ANL-107,1037.4,REJECT
REV-3004754,APP-1011542,L1_Document_Exception,ANL-212,813.6,APPROVE
REV-3004755,APP-1011543,L2_AML_Sanctions,ANL-142,529.2,APPROVE
REV-3004756,APP-1011544,L2_AML_Sanctions,ANL-242,416.4,APPROVE
REV-3004757,APP-1011545,L1_Document_Exception,ANL-210,482.4,APPROVE
REV-3004758,APP-1011546,L1_Document_Exception,ANL-158,1006.2,APPROVE
REV-3004759,APP-1011547,L1_Document_Exception,ANL-243,511.2,REQUEST_REWORK
REV-3004760,APP-1011548,L1_Document_Exception,ANL-220,1171.8,APPROVE
REV-3004761,APP-1011549,L1_Document_Exception,ANL-236,936.0,APPROVE
REV-3004762,APP-1011550,L1_Document_Exception,ANL-201,483.6,APPROVE
REV-3004763,APP-1011551,L1_Document_Exception,ANL-184,973.2,APPROVE
REV-3004764,APP-1011552,L1_Document_Exception,ANL-204,280.2,APPROVE
REV-3004765,APP-1011555,L1_Document_Exception,ANL-243,921.0,APPROVE
REV-3004766,APP-1011558,L1_Document_Exception,ANL-228,781.8,APPROVE
REV-3004767,APP-1011559,L1_Document_Exception,ANL-159,659.4,REQUEST_REWORK
REV-3004768,APP-1011560,L1_Document_Exception,ANL-200,889.2,APPROVE
REV-3004769,APP-1011561,L1_Document_Exception,ANL-222,581.4,APPROVE
REV-3004770,APP-1011563,L1_Document_Exception,ANL-235,2160.0,APPROVE
REV-3004771,APP-1011564,L2_AML_Sanctions,ANL-170,1057.2,REQUEST_REWORK
REV-3004772,APP-1011567,L1_Document_Exception,ANL-143,495.0,APPROVE
REV-3004773,APP-1011568,L1_Document_Exception,ANL-122,295.8,APPROVE
REV-3004774,APP-1011569,L2_AML_Sanctions,ANL-186,586.8,APPROVE
REV-3004775,APP-1011570,L1_Document_Exception,ANL-194,474.6,REQUEST_REWORK
REV-3004776,APP-1011571,L1_Document_Exception,ANL-183,661.2,APPROVE
REV-3004777,APP-1011572,L1_Document_Exception,ANL-216,1171.8,APPROVE
REV-3004778,APP-1011580,L1_Document_Exception,ANL-190,783.0,REQUEST_REWORK
REV-3004779,APP-1011582,L1_Document_Exception,ANL-193,384.6,APPROVE
REV-3004780,APP-1011590,L1_Document_Exception,ANL-120,951.0,APPROVE
REV-3004781,APP-1011595,L1_Document_Exception,ANL-127,769.8,REQUEST_REWORK
REV-3004782,APP-1011597,L1_Document_Exception,ANL-163,592.8,APPROVE
REV-3004783,APP-1011599,L1_Document_Exception,ANL-249,865.2,APPROVE
REV-3004784,APP-1011600,L1_Document_Exception,ANL-202,640.8,APPROVE
REV-3004785,APP-1011603,L1_Document_Exception,ANL-110,1105.8,APPROVE
REV-3004786,APP-1011608,L1_Document_Exception,ANL-143,469.8,REQUEST_REWORK
REV-3004787,APP-1011611,L1_Document_Exception,ANL-237,412.8,APPROVE
REV-3004788,APP-1011612,L1_Document_Exception,ANL-231,709.2,APPROVE
REV-3004789,APP-1011614,L1_Document_Exception,ANL-159,721.8,APPROVE
REV-3004790,APP-1011620,L2_AML_Sanctions,ANL-210,363.0,APPROVE
REV-3004791,APP-1011623,L1_Document_Exception,ANL-213,463.2,APPROVE
REV-3004792,APP-1011633,L1_Document_Exception,ANL-240,478.8,APPROVE
REV-3004793,APP-1011638,L1_Document_Exception,ANL-151,792.0,APPROVE
REV-3004794,APP-1011639,L1_Document_Exception,ANL-101,439.8,APPROVE
REV-3004795,APP-1011640,L1_Document_Exception,ANL-220,934.8,APPROVE
REV-3004796,APP-1011649,L2_AML_Sanctions,ANL-157,1041.0,APPROVE
REV-3004797,APP-1011650,L1_Document_Exception,ANL-223,328.2,APPROVE
REV-3004798,APP-1011652,L2_AML_Sanctions,ANL-144,417.0,APPROVE
REV-3004799,APP-1011654,L1_Document_Exception,ANL-221,1236.6,APPROVE
REV-3004800,APP-1011656,L1_Document_Exception,ANL-216,1065.0,REQUEST_REWORK
REV-3004801,APP-1011661,L1_Document_Exception,ANL-213,757.8,REJECT
REV-3004802,APP-1011666,L1_Document_Exception,ANL-114,611.4,APPROVE
REV-3004803,APP-1011667,L2_AML_Sanctions,ANL-143,444.0,APPROVE
REV-3004804,APP-1011669,L2_AML_Sanctions,ANL-185,891.6,REJECT
REV-3004805,APP-1011670,L1_Document_Exception,ANL-189,518.4,APPROVE
REV-3004806,APP-1011672,L1_Document_Exception,ANL-232,340.2,REQUEST_REWORK
REV-3004807,APP-1011674,L1_Document_Exception,ANL-232,403.8,REQUEST_REWORK
REV-3004808,APP-1011675,L1_Document_Exception,ANL-157,491.4,APPROVE
REV-3004809,APP-1011681,L1_Document_Exception,ANL-246,806.4,APPROVE
REV-3004810,APP-1011682,L1_Document_Exception,ANL-115,601.8,APPROVE
REV-3004811,APP-1011685,L1_Document_Exception,ANL-202,867.0,REQUEST_REWORK
REV-3004812,APP-1011686,L1_Document_Exception,ANL-206,1170.6,APPROVE
REV-3004813,APP-1011690,L1_Document_Exception,ANL-218,924.0,APPROVE
REV-3004814,APP-1011691,L1_Document_Exception,ANL-199,522.0,REQUEST_REWORK
REV-3004815,APP-1011693,L1_Document_Exception,ANL-154,568.2,APPROVE
REV-3004816,APP-1011694,L1_Document_Exception,ANL-134,872.4,APPROVE
REV-3004817,APP-1011696,L2_AML_Sanctions,ANL-199,334.2,APPROVE
REV-3004818,APP-1011698,L2_AML_Sanctions,ANL-229,706.2,REQUEST_REWORK
REV-3004819,APP-1011701,L1_Document_Exception,ANL-161,409.2,APPROVE
REV-3004820,APP-1011704,L1_Document_Exception,ANL-156,709.8,REQUEST_REWORK
REV-3004821,APP-1011705,L2_AML_Sanctions,ANL-170,659.4,APPROVE
REV-3004822,APP-1011711,L1_Document_Exception,ANL-129,296.4,REQUEST_REWORK
REV-3004823,APP-1011715,L2_AML_Sanctions,ANL-111,684.6,APPROVE
REV-3004824,APP-1011719,L2_AML_Sanctions,ANL-176,675.0,REJECT
REV-3004825,APP-1011720,L1_Document_Exception,ANL-129,720.0,APPROVE
REV-3004826,APP-1011723,L1_Document_Exception,ANL-152,700.2,APPROVE
REV-3004827,APP-1011727,L2_AML_Sanctions,ANL-243,1168.8,APPROVE
REV-3004828,APP-1011728,L1_Document_Exception,ANL-182,502.2,APPROVE
REV-3004829,APP-1011731,L1_Document_Exception,ANL-222,1147.8,APPROVE
REV-3004830,APP-1011732,L2_AML_Sanctions,ANL-231,561.6,APPROVE
REV-3004831,APP-1011733,L2_AML_Sanctions,ANL-141,661.2,APPROVE
REV-3004832,APP-1011735,L2_AML_Sanctions,ANL-249,890.4,APPROVE
REV-3004833,APP-1011737,L1_Document_Exception,ANL-217,473.4,APPROVE
REV-3004834,APP-1011743,L2_AML_Sanctions,ANL-225,832.2,APPROVE
REV-3004835,APP-1011745,L1_Document_Exception,ANL-210,298.8,APPROVE
REV-3004836,APP-1011750,L1_Document_Exception,ANL-175,504.0,APPROVE
REV-3004837,APP-1011751,L2_AML_Sanctions,ANL-132,871.2,REJECT
REV-3004838,APP-1011753,L2_AML_Sanctions,ANL-200,820.8,APPROVE
REV-3004839,APP-1011760,L1_Document_Exception,ANL-195,614.4,APPROVE
REV-3004840,APP-1011761,L1_Document_Exception,ANL-165,748.2,APPROVE
REV-3004841,APP-1011762,L1_Document_Exception,ANL-141,629.4,APPROVE
REV-3004842,APP-1011766,L1_Document_Exception,ANL-172,426.6,APPROVE
REV-3004843,APP-1011768,L1_Document_Exception,ANL-191,719.4,APPROVE
REV-3004844,APP-1011769,L1_Document_Exception,ANL-227,719.4,REQUEST_REWORK
REV-3004845,APP-1011770,L1_Document_Exception,ANL-220,694.2,APPROVE
REV-3004846,APP-1011771,L1_Document_Exception,ANL-204,962.4,APPROVE
REV-3004847,APP-1011773,L1_Document_Exception,ANL-151,722.4,APPROVE
REV-3004848,APP-1011774,L1_Document_Exception,ANL-189,960.0,REQUEST_REWORK
REV-3004849,APP-1011777,L2_AML_Sanctions,ANL-249,412.8,APPROVE
REV-3004850,APP-1011779,L2_AML_Sanctions,ANL-164,1173.6,APPROVE
REV-3004851,APP-1011780,L2_AML_Sanctions,ANL-241,792.0,APPROVE
REV-3004852,APP-1011781,L1_Document_Exception,ANL-205,607.2,APPROVE
REV-3004853,APP-1011782,L2_AML_Sanctions,ANL-117,1610.4,REQUEST_REWORK
REV-3004854,APP-1011784,L1_Document_Exception,ANL-230,360.6,APPROVE
REV-3004855,APP-1011785,L1_Document_Exception,ANL-207,991.2,REQUEST_REWORK
REV-3004856,APP-1011787,L1_Document_Exception,ANL-213,1107.6,APPROVE
REV-3004857,APP-1011789,L1_Document_Exception,ANL-230,774.0,APPROVE
REV-3004858,APP-1011790,L1_Document_Exception,ANL-194,669.6,APPROVE
REV-3004859,APP-1011792,L1_Document_Exception,ANL-212,466.8,APPROVE
REV-3004860,APP-1011794,L2_AML_Sanctions,ANL-139,413.4,APPROVE
REV-3004861,APP-1011795,L1_Document_Exception,ANL-174,693.6,APPROVE
REV-3004862,APP-1011797,L2_AML_Sanctions,ANL-187,532.2,REJECT
REV-3004863,APP-1011800,L1_Document_Exception,ANL-160,439.8,APPROVE
REV-3004864,APP-1011803,L1_Document_Exception,ANL-162,760.2,APPROVE
REV-3004865,APP-1011808,L1_Document_Exception,ANL-221,795.0,APPROVE
REV-3004866,APP-1011809,L1_Document_Exception,ANL-121,520.2,REQUEST_REWORK
REV-3004867,APP-1011818,L2_AML_Sanctions,ANL-166,614.4,APPROVE
REV-3004868,APP-1011820,L2_AML_Sanctions,ANL-196,544.2,APPROVE
REV-3004869,APP-1011822,L1_Document_Exception,ANL-177,613.8,APPROVE
REV-3004870,APP-1011826,L2_AML_Sanctions,ANL-136,766.8,REJECT
REV-3004871,APP-1011827,L2_AML_Sanctions,ANL-248,770.4,APPROVE
REV-3004872,APP-1011830,L1_Document_Exception,ANL-103,554.4,REQUEST_REWORK
REV-3004873,APP-1011834,L1_Document_Exception,ANL-110,272.4,APPROVE
REV-3004874,APP-1011835,L1_Document_Exception,ANL-199,687.0,APPROVE
REV-3004875,APP-1011836,L2_AML_Sanctions,ANL-238,1489.2,APPROVE
REV-3004876,APP-1011839,L2_AML_Sanctions,ANL-147,839.4,APPROVE
REV-3004877,APP-1011842,L2_AML_Sanctions,ANL-141,748.8,APPROVE
REV-3004878,APP-1011845,L1_Document_Exception,ANL-120,702.6,APPROVE
REV-3004879,APP-1011847,L1_Document_Exception,ANL-249,987.6,APPROVE
REV-3004880,APP-1011849,L1_Document_Exception,ANL-147,1117.8,APPROVE
REV-3004881,APP-1011854,L2_AML_Sanctions,ANL-243,687.0,REJECT
REV-3004882,APP-1011857,L1_Document_Exception,ANL-110,1065.6,APPROVE
REV-3004883,APP-1011858,L2_AML_Sanctions,ANL-168,457.2,APPROVE
REV-3004884,APP-1011860,L2_AML_Sanctions,ANL-202,144.0,REQUEST_REWORK
REV-3004885,APP-1011862,L1_Document_Exception,ANL-191,398.4,REQUEST_REWORK
REV-3004886,APP-1011865,L2_AML_Sanctions,ANL-189,920.4,APPROVE
REV-3004887,APP-1011866,L2_AML_Sanctions,ANL-182,555.0,APPROVE
REV-3004888,APP-1011867,L1_Document_Exception,ANL-179,1138.2,APPROVE
REV-3004889,APP-1011868,L2_AML_Sanctions,ANL-118,627.6,APPROVE
REV-3004890,APP-1011871,L1_Document_Exception,ANL-218,470.4,REQUEST_REWORK
REV-3004891,APP-1011872,L1_Document_Exception,ANL-236,906.0,REQUEST_REWORK
REV-3004892,APP-1011876,L2_AML_Sanctions,ANL-215,663.6,REJECT
REV-3004893,APP-1011877,L1_Document_Exception,ANL-181,775.2,APPROVE
REV-3004894,APP-1011881,L2_AML_Sanctions,ANL-175,813.6,REJECT
REV-3004895,APP-1011882,L1_Document_Exception,ANL-229,400.8,APPROVE
REV-3004896,APP-1011884,L2_AML_Sanctions,ANL-240,956.4,APPROVE
REV-3004897,APP-1011890,L1_Document_Exception,ANL-209,810.6,REQUEST_REWORK
REV-3004898,APP-1011893,L1_Document_Exception,ANL-226,639.6,REQUEST_REWORK
REV-3004899,APP-1011894,L1_Document_Exception,ANL-217,597.0,APPROVE
REV-3004900,APP-1011895,L1_Document_Exception,ANL-124,741.6,REQUEST_REWORK
REV-3004901,APP-1011896,L1_Document_Exception,ANL-111,472.2,REQUEST_REWORK
REV-3004902,APP-1011898,L1_Document_Exception,ANL-191,786.0,APPROVE
REV-3004903,APP-1011906,L2_AML_Sanctions,ANL-238,1219.2,APPROVE
REV-3004904,APP-1011907,L2_AML_Sanctions,ANL-236,389.4,APPROVE
REV-3004905,APP-1011908,L1_Document_Exception,ANL-216,982.2,APPROVE
REV-3004906,APP-1011909,L1_Document_Exception,ANL-164,894.6,APPROVE
REV-3004907,APP-1011911,L1_Document_Exception,ANL-243,613.8,REQUEST_REWORK
REV-3004908,APP-1011915,L2_AML_Sanctions,ANL-134,1022.4,APPROVE
REV-3004909,APP-1011917,L1_Document_Exception,ANL-226,562.8,APPROVE
REV-3004910,APP-1011919,L2_AML_Sanctions,ANL-240,653.4,REQUEST_REWORK
REV-3004911,APP-1011920,L1_Document_Exception,ANL-108,675.6,APPROVE
REV-3004912,APP-1011925,L2_AML_Sanctions,ANL-137,1152.6,APPROVE
REV-3004913,APP-1011928,L1_Document_Exception,ANL-224,1317.6,APPROVE
REV-3004914,APP-1011929,L1_Document_Exception,ANL-169,854.4,APPROVE
REV-3004915,APP-1011930,L2_AML_Sanctions,ANL-103,919.8,APPROVE
REV-3004916,APP-1011931,L1_Document_Exception,ANL-138,440.4,APPROVE
REV-3004917,APP-1011934,L1_Document_Exception,ANL-118,612.0,APPROVE
REV-3004918,APP-1011936,L1_Document_Exception,ANL-120,623.4,APPROVE
REV-3004919,APP-1011942,L1_Document_Exception,ANL-244,497.4,APPROVE
REV-3004920,APP-1011945,L1_Document_Exception,ANL-196,460.8,APPROVE
REV-3004921,APP-1011948,L1_Document_Exception,ANL-151,511.8,APPROVE
REV-3004922,APP-1011949,L1_Document_Exception,ANL-122,432.6,APPROVE
REV-3004923,APP-1011955,L1_Document_Exception,ANL-168,291.0,REJECT
REV-3004924,APP-1011958,L2_AML_Sanctions,ANL-171,657.6,APPROVE
REV-3004925,APP-1011962,L1_Document_Exception,ANL-184,825.0,APPROVE
REV-3004926,APP-1011967,L1_Document_Exception,ANL-229,804.0,APPROVE
REV-3004927,APP-1011969,L1_Document_Exception,ANL-168,1023.6,APPROVE
REV-3004928,APP-1011973,L2_AML_Sanctions,ANL-170,309.0,APPROVE
REV-3004929,APP-1011975,L1_Document_Exception,ANL-194,1231.2,APPROVE
REV-3004930,APP-1011976,L1_Document_Exception,ANL-188,600.0,APPROVE
REV-3004931,APP-1011977,L2_AML_Sanctions,ANL-225,532.8,APPROVE
REV-3004932,APP-1011988,L2_AML_Sanctions,ANL-195,371.4,APPROVE
REV-3004933,APP-1011990,L1_Document_Exception,ANL-183,1192.2,APPROVE
REV-3004934,APP-1011993,L2_AML_Sanctions,ANL-189,729.6,REQUEST_REWORK
REV-3004935,APP-1011999,L1_Document_Exception,ANL-145,785.4,APPROVE
REV-3004936,APP-1012000,L1_Document_Exception,ANL-122,843.6,APPROVE
REV-3004937,APP-1012002,L1_Document_Exception,ANL-110,282.6,APPROVE
REV-3004938,APP-1012003,L1_Document_Exception,ANL-156,556.8,APPROVE
REV-3004939,APP-1012006,L1_Document_Exception,ANL-118,825.0,APPROVE
REV-3004940,APP-1012007,L1_Document_Exception,ANL-248,1124.4,APPROVE
REV-3004941,APP-1012010,L2_AML_Sanctions,ANL-191,546.6,REQUEST_REWORK
REV-3004942,APP-1012011,L2_AML_Sanctions,ANL-114,736.2,REJECT
REV-3004943,APP-1012013,L1_Document_Exception,ANL-125,807.0,APPROVE
REV-3004944,APP-1012014,L1_Document_Exception,ANL-110,933.0,REQUEST_REWORK
REV-3004945,APP-1012017,L1_Document_Exception,ANL-104,327.0,APPROVE
REV-3004946,APP-1012018,L1_Document_Exception,ANL-232,641.4,APPROVE
REV-3004947,APP-1012020,L1_Document_Exception,ANL-190,728.4,APPROVE
REV-3004948,APP-1012021,L2_AML_Sanctions,ANL-220,703.2,APPROVE
REV-3004949,APP-1012026,L1_Document_Exception,ANL-202,849.0,APPROVE
REV-3004950,APP-1012029,L2_AML_Sanctions,ANL-225,1124.4,APPROVE
REV-3004951,APP-1012030,L1_Document_Exception,ANL-212,1029.0,APPROVE
REV-3004952,APP-1012031,L2_AML_Sanctions,ANL-199,998.4,APPROVE
REV-3004953,APP-1012034,L1_Document_Exception,ANL-224,836.4,APPROVE
REV-3004954,APP-1012035,L1_Document_Exception,ANL-233,810.0,REQUEST_REWORK
REV-3004955,APP-1012036,L1_Document_Exception,ANL-108,438.0,APPROVE
REV-3004956,APP-1012037,L1_Document_Exception,ANL-218,526.8,APPROVE
REV-3004957,APP-1012040,L1_Document_Exception,ANL-143,874.8,APPROVE
REV-3004958,APP-1012041,L1_Document_Exception,ANL-105,703.8,APPROVE
REV-3004959,APP-1012042,L1_Document_Exception,ANL-115,522.0,REQUEST_REWORK
REV-3004960,APP-1012043,L1_Document_Exception,ANL-122,633.6,APPROVE
REV-3004961,APP-1012046,L1_Document_Exception,ANL-150,658.2,APPROVE
REV-3004962,APP-1012047,L1_Document_Exception,ANL-234,886.8,APPROVE
REV-3004963,APP-1012048,L1_Document_Exception,ANL-238,789.6,APPROVE
REV-3004964,APP-1012050,L1_Document_Exception,ANL-134,606.0,APPROVE
REV-3004965,APP-1012056,L1_Document_Exception,ANL-137,815.4,APPROVE
REV-3004966,APP-1012057,L2_AML_Sanctions,ANL-151,1190.4,REJECT
REV-3004967,APP-1012058,L1_Document_Exception,ANL-148,913.2,APPROVE
REV-3004968,APP-1012059,L2_AML_Sanctions,ANL-103,816.0,APPROVE
REV-3004969,APP-1012061,L1_Document_Exception,ANL-157,292.2,APPROVE
REV-3004970,APP-1012063,L1_Document_Exception,ANL-149,1673.4,APPROVE
REV-3004971,APP-1012066,L1_Document_Exception,ANL-158,898.8,APPROVE
REV-3004972,APP-1012067,L1_Document_Exception,ANL-206,543.0,APPROVE
REV-3004973,APP-1012069,L1_Document_Exception,ANL-103,1359.6,APPROVE
REV-3004974,APP-1012076,L2_AML_Sanctions,ANL-149,1368.6,APPROVE
REV-3004975,APP-1012078,L1_Document_Exception,ANL-247,1101.6,APPROVE
REV-3004976,APP-1012079,L1_Document_Exception,ANL-172,388.2,REQUEST_REWORK
REV-3004977,APP-1012083,L1_Document_Exception,ANL-228,642.0,APPROVE
REV-3004978,APP-1012084,L2_AML_Sanctions,ANL-122,871.8,REJECT
REV-3004979,APP-1012085,L1_Document_Exception,ANL-169,675.6,REQUEST_REWORK
REV-3004980,APP-1012087,L1_Document_Exception,ANL-234,460.2,APPROVE
REV-3004981,APP-1012088,L2_AML_Sanctions,ANL-141,564.0,APPROVE
REV-3004982,APP-1012089,L1_Document_Exception,ANL-141,970.2,APPROVE
REV-3004983,APP-1012096,L2_AML_Sanctions,ANL-117,549.6,REJECT
REV-3004984,APP-1012098,L2_AML_Sanctions,ANL-197,1151.4,APPROVE
REV-3004985,APP-1012099,L1_Document_Exception,ANL-218,1003.8,APPROVE
REV-3004986,APP-1012102,L1_Document_Exception,ANL-156,1455.0,APPROVE
REV-3004987,APP-1012103,L1_Document_Exception,ANL-137,278.4,APPROVE
REV-3004988,APP-1012105,L2_AML_Sanctions,ANL-143,604.8,APPROVE
REV-3004989,APP-1012107,L2_AML_Sanctions,ANL-221,1296.0,APPROVE
REV-3004990,APP-1012110,L1_Document_Exception,ANL-124,913.2,APPROVE
REV-3004991,APP-1012112,L1_Document_Exception,ANL-162,623.4,REQUEST_REWORK
REV-3004992,APP-1012115,L1_Document_Exception,ANL-218,1017.0,APPROVE
REV-3004993,APP-1012117,L1_Document_Exception,ANL-168,487.8,APPROVE
REV-3004994,APP-1012118,L1_Document_Exception,ANL-143,387.6,APPROVE
REV-3004995,APP-1012126,L1_Document_Exception,ANL-232,597.6,APPROVE
REV-3004996,APP-1012127,L1_Document_Exception,ANL-143,819.0,APPROVE
REV-3004997,APP-1012128,L2_AML_Sanctions,ANL-190,575.4,APPROVE
REV-3004998,APP-1012132,L1_Document_Exception,ANL-207,969.6,APPROVE
REV-3004999,APP-1012134,L1_Document_Exception,ANL-153,798.6,REQUEST_REWORK
