ticket_id,application_id,channel,issue_category,resolution_time_mins,cost_to_serve_usd
TCK-4000000,APP-1000002,Phone_IVR,Status_Inquiry_WhereIsMyAccount,40,18.0
TCK-4000001,APP-1000007,In_App_Chat,Document_Upload_Failure,13,8.5
TCK-4000002,APP-1000009,In_App_Chat,General_Clarification,30,8.5
TCK-4000003,APP-1000010,In_App_Chat,Status_Inquiry_WhereIsMyAccount,22,8.5
TCK-4000004,APP-1000012,In_App_Chat,Status_Inquiry_WhereIsMyAccount,30,8.5
TCK-4000005,APP-1000014,Email_Helpdesk,General_Clarification,39,12.0
TCK-4000006,APP-1000018,In_App_Chat,Status_Inquiry_WhereIsMyAccount,24,8.5
TCK-4000007,APP-1000020,Phone_IVR,Status_Inquiry_WhereIsMyAccount,25,18.0
TCK-4000008,APP-1000026,Phone_IVR,Status_Inquiry_WhereIsMyAccount,44,18.0
TCK-4000009,APP-1000031,Phone_IVR,Status_Inquiry_WhereIsMyAccount,40,18.0
TCK-4000010,APP-1000034,Phone_IVR,General_Clarification,15,18.0
TCK-4000011,APP-1000036,In_App_Chat,Status_Inquiry_WhereIsMyAccount,15,8.5
TCK-4000012,APP-1000045,Phone_IVR,Status_Inquiry_WhereIsMyAccount,21,18.0
TCK-4000013,APP-1000049,In_App_Chat,Document_Upload_Failure,7,8.5
TCK-4000014,APP-1000054,In_App_Chat,Status_Inquiry_WhereIsMyAccount,43,8.5
TCK-4000015,APP-1000057,In_App_Chat,Status_Inquiry_WhereIsMyAccount,24,8.5
TCK-4000016,APP-1000058,In_App_Chat,Status_Inquiry_WhereIsMyAccount,14,8.5
TCK-4000017,APP-1000064,In_App_Chat,Status_Inquiry_WhereIsMyAccount,13,8.5
TCK-4000018,APP-1000067,Phone_IVR,Status_Inquiry_WhereIsMyAccount,13,18.0
TCK-4000019,APP-1000087,Phone_IVR,Status_Inquiry_WhereIsMyAccount,13,18.0
TCK-4000020,APP-1000088,In_App_Chat,Status_Inquiry_WhereIsMyAccount,31,8.5
TCK-4000021,APP-1000092,In_App_Chat,Status_Inquiry_WhereIsMyAccount,31,8.5
TCK-4000022,APP-1000096,Phone_IVR,Status_Inquiry_WhereIsMyAccount,39,18.0
TCK-4000023,APP-1000105,In_App_Chat,Status_Inquiry_WhereIsMyAccount,35,8.5
TCK-4000024,APP-1000118,Email_Helpdesk,Status_Inquiry_WhereIsMyAccount,6,12.0
TCK-4000025,APP-1000123,Email_Helpdesk,Document_Upload_Failure,17,12.0
TCK-4000026,APP-1000127,In_App_Chat,Status_Inquiry_WhereIsMyAccount,20,8.5
TCK-4000027,APP-1000133,In_App_Chat,Document_Upload_Failure,9,8.5
TCK-4000028,APP-1000138,In_App_Chat,Status_Inquiry_WhereIsMyAccount,28,8.5
TCK-4000029,APP-1000139,Email_Helpdesk,Status_Inquiry_WhereIsMyAccount,36,12.0
TCK-4000030,APP-1000140,Phone_IVR,Status_Inquiry_WhereIsMyAccount,12,18.0
TCK-4000031,APP-1000142,Email_Helpdesk,Status_Inquiry_WhereIsMyAccount,41,12.0
TCK-4000032,APP-1000145,Phone_IVR,Status_Inquiry_WhereIsMyAccount,31,18.0
TCK-4000033,APP-1000153,Phone_IVR,Status_Inquiry_WhereIsMyAccount,12,18.0
TCK-4000034,APP-1000160,Phone_IVR,Status_Inquiry_WhereIsMyAccount,22,18.0
TCK-4000035,APP-1000161,Email_Helpdesk,Status_Inquiry_WhereIsMyAccount,6,12.0
TCK-4000036,APP-1000162,In_App_Chat,Status_Inquiry_WhereIsMyAccount,21,8.5
TCK-4000037,APP-1000173,Phone_IVR,General_Clarification,37,18.0
TCK-4000038,APP-1000174,In_App_Chat,Status_Inquiry_WhereIsMyAccount,21,8.5
TCK-4000039,APP-1000177,In_App_Chat,Status_Inquiry_WhereIsMyAccount,44,8.5
TCK-4000040,APP-1000181,In_App_Chat,Document_Upload_Failure,15,8.5
TCK-4000041,APP-1000188,In_App_Chat,Status_Inquiry_WhereIsMyAccount,9,8.5
TCK-4000042,APP-1000189,In_App_Chat,Status_Inquiry_WhereIsMyAccount,11,8.5
TCK-4000043,APP-1000199,Phone_IVR,Status_Inquiry_WhereIsMyAccount,20,18.0
TCK-4000044,APP-1000200,In_App_Chat,Document_Upload_Failure,13,8.5
TCK-4000045,APP-1000201,Phone_IVR,Status_Inquiry_WhereIsMyAccount,7,18.0
TCK-4000046,APP-1000216,Phone_IVR,General_Clarification,17,18.0
TCK-4000047,APP-1000219,Email_Helpdesk,Status_Inquiry_WhereIsMyAccount,27,12.0
TCK-4000048,APP-1000222,Phone_IVR,Status_Inquiry_WhereIsMyAccount,21,18.0
TCK-4000049,APP-1000225,Phone_IVR,Status_Inquiry_WhereIsMyAccount,34,18.0
TCK-4000050,APP-1000230,Email_Helpdesk,Status_Inquiry_WhereIsMyAccount,32,12.0
TCK-4000051,APP-1000231,Phone_IVR,Status_Inquiry_WhereIsMyAccount,38,18.0
TCK-4000052,APP-1000238,Phone_IVR,Status_Inquiry_WhereIsMyAccount,31,18.0
TCK-4000053,APP-1000242,Phone_IVR,Document_Upload_Failure,9,18.0
TCK-4000054,APP-1000247,In_App_Chat,Status_Inquiry_WhereIsMyAccount,13,8.5
TCK-4000055,APP-1000248,Email_Helpdesk,Status_Inquiry_WhereIsMyAccount,12,12.0
TCK-4000056,APP-1000255,In_App_Chat,Status_Inquiry_WhereIsMyAccount,13,8.5
TCK-4000057,APP-1000266,Phone_IVR,Status_Inquiry_WhereIsMyAccount,41,18.0
TCK-4000058,APP-1000270,In_App_Chat,Status_Inquiry_WhereIsMyAccount,14,8.5
TCK-4000059,APP-1000271,Phone_IVR,Status_Inquiry_WhereIsMyAccount,27,18.0
TCK-4000060,APP-1000278,In_App_Chat,Status_Inquiry_WhereIsMyAccount,28,8.5
TCK-4000061,APP-1000280,Phone_IVR,Status_Inquiry_WhereIsMyAccount,15,18.0
TCK-4000062,APP-1000287,Phone_IVR,Status_Inquiry_WhereIsMyAccount,18,18.0
TCK-4000063,APP-1000289,In_App_Chat,Status_Inquiry_WhereIsMyAccount,40,8.5
TCK-4000064,APP-1000290,In_App_Chat,Status_Inquiry_WhereIsMyAccount,26,8.5
TCK-4000065,APP-1000299,In_App_Chat,General_Clarification,34,8.5
TCK-4000066,APP-1000309,Phone_IVR,General_Clarification,37,18.0
TCK-4000067,APP-1000317,Phone_IVR,Status_Inquiry_WhereIsMyAccount,33,18.0
TCK-4000068,APP-1000322,In_App_Chat,Status_Inquiry_WhereIsMyAccount,18,8.5
TCK-4000069,APP-1000328,In_App_Chat,General_Clarification,19,8.5
TCK-4000070,APP-1000333,In_App_Chat,Status_Inquiry_WhereIsMyAccount,21,8.5
TCK-4000071,APP-1000336,In_App_Chat,Status_Inquiry_WhereIsMyAccount,44,8.5
TCK-4000072,APP-1000340,Phone_IVR,General_Clarification,17,18.0
TCK-4000073,APP-1000341,In_App_Chat,Status_Inquiry_WhereIsMyAccount,33,8.5
TCK-4000074,APP-1000342,Phone_IVR,Status_Inquiry_WhereIsMyAccount,27,18.0
TCK-4000075,APP-1000344,Email_Helpdesk,Status_Inquiry_WhereIsMyAccount,27,12.0
TCK-4000076,APP-1000350,Phone_IVR,Status_Inquiry_WhereIsMyAccount,21,18.0
TCK-4000077,APP-1000352,In_App_Chat,Status_Inquiry_WhereIsMyAccount,5,8.5
TCK-4000078,APP-1000353,In_App_Chat,Status_Inquiry_WhereIsMyAccount,12,8.5
TCK-4000079,APP-1000359,In_App_Chat,Status_Inquiry_WhereIsMyAccount,13,8.5
TCK-4000080,APP-1000360,Phone_IVR,Status_Inquiry_WhereIsMyAccount,28,18.0
TCK-4000081,APP-1000367,In_App_Chat,Status_Inquiry_WhereIsMyAccount,26,8.5
TCK-4000082,APP-1000372,In_App_Chat,Status_Inquiry_WhereIsMyAccount,36,8.5
TCK-4000083,APP-1000374,Phone_IVR,General_Clarification,44,18.0
TCK-4000084,APP-1000375,Phone_IVR,Status_Inquiry_WhereIsMyAccount,26,18.0
TCK-4000085,APP-1000381,In_App_Chat,Status_Inquiry_WhereIsMyAccount,37,8.5
TCK-4000086,APP-1000394,In_App_Chat,Status_Inquiry_WhereIsMyAccount,32,8.5
TCK-4000087,APP-1000396,In_App_Chat,Document_Upload_Failure,38,8.5
TCK-4000088,APP-1000397,Email_Helpdesk,Status_Inquiry_WhereIsMyAccount,23,12.0
TCK-4000089,APP-1000405,Phone_IVR,Status_Inquiry_WhereIsMyAccount,20,18.0
TCK-4000090,APP-1000414,In_App_Chat,General_Clarification,25,8.5
TCK-4000091,APP-1000415,Phone_IVR,General_Clarification,6,18.0
TCK-4000092,APP-1000416,In_App_Chat,Status_Inquiry_WhereIsMyAccount,13,8.5
TCK-4000093,APP-1000418,In_App_Chat,Status_Inquiry_WhereIsMyAccount,39,8.5
TCK-4000094,APP-1000419,In_App_Chat,Status_Inquiry_WhereIsMyAccount,18,8.5
TCK-4000095,APP-1000425,In_App_Chat,Status_Inquiry_WhereIsMyAccount,28,8.5
TCK-4000096,APP-1000427,Phone_IVR,Status_Inquiry_WhereIsMyAccount,27,18.0
TCK-4000097,APP-1000431,Email_Helpdesk,Status_Inquiry_WhereIsMyAccount,43,12.0
TCK-4000098,APP-1000432,Email_Helpdesk,Status_Inquiry_WhereIsMyAccount,13,12.0
TCK-4000099,APP-1000438,In_App_Chat,Status_Inquiry_WhereIsMyAccount,22,8.5
TCK-4000100,APP-1000445,Phone_IVR,Status_Inquiry_WhereIsMyAccount,19,18.0
TCK-4000101,APP-1000446,Phone_IVR,Status_Inquiry_WhereIsMyAccount,38,18.0
TCK-4000102,APP-1000451,In_App_Chat,Status_Inquiry_WhereIsMyAccount,31,8.5
TCK-4000103,APP-1000462,Email_Helpdesk,Status_Inquiry_WhereIsMyAccount,13,12.0
TCK-4000104,APP-1000467,In_App_Chat,Document_Upload_Failure,16,8.5
TCK-4000105,APP-1000468,In_App_Chat,Status_Inquiry_WhereIsMyAccount,18,8.5
TCK-4000106,APP-1000469,In_App_Chat,Status_Inquiry_WhereIsMyAccount,11,8.5
TCK-4000107,APP-1000471,In_App_Chat,Status_Inquiry_WhereIsMyAccount,34,8.5
TCK-4000108,APP-1000476,Phone_IVR,Status_Inquiry_WhereIsMyAccount,36,18.0
TCK-4000109,APP-1000482,In_App_Chat,Status_Inquiry_WhereIsMyAccount,33,8.5
TCK-4000110,APP-1000488,Email_Helpdesk,Status_Inquiry_WhereIsMyAccount,6,12.0
TCK-4000111,APP-1000490,Phone_IVR,Status_Inquiry_WhereIsMyAccount,13,18.0
TCK-4000112,APP-1000491,Email_Helpdesk,Status_Inquiry_WhereIsMyAccount,10,12.0
TCK-4000113,APP-1000493,In_App_Chat,Status_Inquiry_WhereIsMyAccount,22,8.5
TCK-4000114,APP-1000495,In_App_Chat,Status_Inquiry_WhereIsMyAccount,41,8.5
TCK-4000115,APP-1000501,In_App_Chat,Document_Upload_Failure,19,8.5
TCK-4000116,APP-1000503,Email_Helpdesk,Status_Inquiry_WhereIsMyAccount,14,12.0
TCK-4000117,APP-1000512,Email_Helpdesk,Status_Inquiry_WhereIsMyAccount,40,12.0
TCK-4000118,APP-1000517,Phone_IVR,Status_Inquiry_WhereIsMyAccount,9,18.0
TCK-4000119,APP-1000520,Phone_IVR,Status_Inquiry_WhereIsMyAccount,31,18.0
TCK-4000120,APP-1000523,In_App_Chat,Status_Inquiry_WhereIsMyAccount,32,8.5
TCK-4000121,APP-1000527,Phone_IVR,Status_Inquiry_WhereIsMyAccount,36,18.0
TCK-4000122,APP-1000528,Phone_IVR,Status_Inquiry_WhereIsMyAccount,20,18.0
TCK-4000123,APP-1000530,Phone_IVR,Status_Inquiry_WhereIsMyAccount,28,18.0
TCK-4000124,APP-1000532,Phone_IVR,General_Clarification,36,18.0
TCK-4000125,APP-1000536,In_App_Chat,Document_Upload_Failure,7,8.5
TCK-4000126,APP-1000548,Email_Helpdesk,Status_Inquiry_WhereIsMyAccount,11,12.0
TCK-4000127,APP-1000550,Phone_IVR,Status_Inquiry_WhereIsMyAccount,43,18.0
TCK-4000128,APP-1000552,In_App_Chat,Status_Inquiry_WhereIsMyAccount,20,8.5
TCK-4000129,APP-1000556,Phone_IVR,Status_Inquiry_WhereIsMyAccount,21,18.0
TCK-4000130,APP-1000560,Email_Helpdesk,Status_Inquiry_WhereIsMyAccount,21,12.0
TCK-4000131,APP-1000562,Phone_IVR,Status_Inquiry_WhereIsMyAccount,35,18.0
TCK-4000132,APP-1000565,In_App_Chat,Document_Upload_Failure,6,8.5
TCK-4000133,APP-1000576,Phone_IVR,Status_Inquiry_WhereIsMyAccount,20,18.0
TCK-4000134,APP-1000581,In_App_Chat,Status_Inquiry_WhereIsMyAccount,41,8.5
TCK-4000135,APP-1000582,Phone_IVR,Status_Inquiry_WhereIsMyAccount,25,18.0
TCK-4000136,APP-1000583,Phone_IVR,Status_Inquiry_WhereIsMyAccount,16,18.0
TCK-4000137,APP-1000589,Phone_IVR,Status_Inquiry_WhereIsMyAccount,10,18.0
TCK-4000138,APP-1000594,Phone_IVR,Status_Inquiry_WhereIsMyAccount,42,18.0
TCK-4000139,APP-1000607,Email_Helpdesk,Status_Inquiry_WhereIsMyAccount,22,12.0
TCK-4000140,APP-1000610,In_App_Chat,Status_Inquiry_WhereIsMyAccount,21,8.5
TCK-4000141,APP-1000612,In_App_Chat,General_Clarification,27,8.5
TCK-4000142,APP-1000622,Phone_IVR,Status_Inquiry_WhereIsMyAccount,36,18.0
TCK-4000143,APP-1000625,Email_Helpdesk,Document_Upload_Failure,20,12.0
TCK-4000144,APP-1000627,In_App_Chat,Document_Upload_Failure,37,8.5
TCK-4000145,APP-1000630,Phone_IVR,Status_Inquiry_WhereIsMyAccount,28,18.0
TCK-4000146,APP-1000632,In_App_Chat,Status_Inquiry_WhereIsMyAccount,8,8.5
TCK-4000147,APP-1000636,Email_Helpdesk,Status_Inquiry_WhereIsMyAccount,9,12.0
TCK-4000148,APP-1000640,Phone_IVR,Document_Upload_Failure,17,18.0
TCK-4000149,APP-1000642,In_App_Chat,Status_Inquiry_WhereIsMyAccount,9,8.5
TCK-4000150,APP-1000645,Phone_IVR,Status_Inquiry_WhereIsMyAccount,20,18.0
TCK-4000151,APP-1000646,Phone_IVR,Status_Inquiry_WhereIsMyAccount,39,18.0
TCK-4000152,APP-1000647,In_App_Chat,Status_Inquiry_WhereIsMyAccount,17,8.5
TCK-4000153,APP-1000648,In_App_Chat,Status_Inquiry_WhereIsMyAccount,37,8.5
TCK-4000154,APP-1000655,Phone_IVR,Status_Inquiry_WhereIsMyAccount,34,18.0
TCK-4000155,APP-1000661,In_App_Chat,Status_Inquiry_WhereIsMyAccount,19,8.5
TCK-4000156,APP-1000670,Phone_IVR,General_Clarification,40,18.0
TCK-4000157,APP-1000671,Email_Helpdesk,Status_Inquiry_WhereIsMyAccount,42,12.0
TCK-4000158,APP-1000673,Email_Helpdesk,Status_Inquiry_WhereIsMyAccount,24,12.0
TCK-4000159,APP-1000678,In_App_Chat,Status_Inquiry_WhereIsMyAccount,32,8.5
TCK-4000160,APP-1000681,Phone_IVR,General_Clarification,14,18.0
TCK-4000161,APP-1000695,In_App_Chat,Status_Inquiry_WhereIsMyAccount,32,8.5
TCK-4000162,APP-1000700,Phone_IVR,Document_Upload_Failure,32,18.0
TCK-4000163,APP-1000705,Phone_IVR,Status_Inquiry_WhereIsMyAccount,20,18.0
TCK-4000164,APP-1000707,In_App_Chat,Status_Inquiry_WhereIsMyAccount,35,8.5
TCK-4000165,APP-1000718,Phone_IVR,Status_Inquiry_WhereIsMyAccount,30,18.0
TCK-4000166,APP-1000720,In_App_Chat,Status_Inquiry_WhereIsMyAccount,44,8.5
TCK-4000167,APP-1000724,In_App_Chat,Status_Inquiry_WhereIsMyAccount,21,8.5
TCK-4000168,APP-1000736,Phone_IVR,Status_Inquiry_WhereIsMyAccount,5,18.0
TCK-4000169,APP-1000739,In_App_Chat,Status_Inquiry_WhereIsMyAccount,18,8.5
TCK-4000170,APP-1000746,In_App_Chat,Status_Inquiry_WhereIsMyAccount,12,8.5
TCK-4000171,APP-1000748,Phone_IVR,Status_Inquiry_WhereIsMyAccount,12,18.0
TCK-4000172,APP-1000754,In_App_Chat,Status_Inquiry_WhereIsMyAccount,37,8.5
TCK-4000173,APP-1000755,Email_Helpdesk,Status_Inquiry_WhereIsMyAccount,35,12.0
TCK-4000174,APP-1000756,Email_Helpdesk,Status_Inquiry_WhereIsMyAccount,41,12.0
TCK-4000175,APP-1000769,Phone_IVR,Status_Inquiry_WhereIsMyAccount,13,18.0
TCK-4000176,APP-1000775,In_App_Chat,General_Clarification,21,8.5
TCK-4000177,APP-1000776,In_App_Chat,Status_Inquiry_WhereIsMyAccount,44,8.5
TCK-4000178,APP-1000778,Email_Helpdesk,Status_Inquiry_WhereIsMyAccount,37,12.0
TCK-4000179,APP-1000781,In_App_Chat,General_Clarification,12,8.5
TCK-4000180,APP-1000798,Phone_IVR,Status_Inquiry_WhereIsMyAccount,36,18.0
TCK-4000181,APP-1000799,Phone_IVR,Status_Inquiry_WhereIsMyAccount,29,18.0
TCK-4000182,APP-1000800,In_App_Chat,General_Clarification,12,8.5
TCK-4000183,APP-1000801,In_App_Chat,Document_Upload_Failure,40,8.5
TCK-4000184,APP-1000805,Email_Helpdesk,General_Clarification,15,12.0
TCK-4000185,APP-1000812,Email_Helpdesk,Document_Upload_Failure,12,12.0
TCK-4000186,APP-1000813,In_App_Chat,Status_Inquiry_WhereIsMyAccount,33,8.5
TCK-4000187,APP-1000817,Phone_IVR,Status_Inquiry_WhereIsMyAccount,42,18.0
TCK-4000188,APP-1000822,Phone_IVR,Status_Inquiry_WhereIsMyAccount,39,18.0
TCK-4000189,APP-1000823,Phone_IVR,Status_Inquiry_WhereIsMyAccount,42,18.0
TCK-4000190,APP-1000824,In_App_Chat,Status_Inquiry_WhereIsMyAccount,27,8.5
TCK-4000191,APP-1000825,Email_Helpdesk,Status_Inquiry_WhereIsMyAccount,29,12.0
TCK-4000192,APP-1000838,In_App_Chat,Status_Inquiry_WhereIsMyAccount,36,8.5
TCK-4000193,APP-1000839,In_App_Chat,Status_Inquiry_WhereIsMyAccount,13,8.5
TCK-4000194,APP-1000847,In_App_Chat,Status_Inquiry_WhereIsMyAccount,15,8.5
TCK-4000195,APP-1000853,In_App_Chat,Status_Inquiry_WhereIsMyAccount,34,8.5
TCK-4000196,APP-1000854,Email_Helpdesk,Document_Upload_Failure,6,12.0
TCK-4000197,APP-1000855,Phone_IVR,Status_Inquiry_WhereIsMyAccount,43,18.0
TCK-4000198,APP-1000861,Phone_IVR,Status_Inquiry_WhereIsMyAccount,16,18.0
TCK-4000199,APP-1000867,In_App_Chat,Status_Inquiry_WhereIsMyAccount,18,8.5
TCK-4000200,APP-1000869,Email_Helpdesk,Status_Inquiry_WhereIsMyAccount,9,12.0
TCK-4000201,APP-1000871,In_App_Chat,Status_Inquiry_WhereIsMyAccount,16,8.5
TCK-4000202,APP-1000876,In_App_Chat,Status_Inquiry_WhereIsMyAccount,31,8.5
TCK-4000203,APP-1000883,In_App_Chat,Status_Inquiry_WhereIsMyAccount,5,8.5
TCK-4000204,APP-1000886,In_App_Chat,Status_Inquiry_WhereIsMyAccount,38,8.5
TCK-4000205,APP-1000892,In_App_Chat,Status_Inquiry_WhereIsMyAccount,19,8.5
TCK-4000206,APP-1000895,In_App_Chat,Status_Inquiry_WhereIsMyAccount,26,8.5
TCK-4000207,APP-1000899,In_App_Chat,Status_Inquiry_WhereIsMyAccount,36,8.5
TCK-4000208,APP-1000903,In_App_Chat,Status_Inquiry_WhereIsMyAccount,28,8.5
TCK-4000209,APP-1000904,In_App_Chat,Status_Inquiry_WhereIsMyAccount,42,8.5
TCK-4000210,APP-1000906,Phone_IVR,Status_Inquiry_WhereIsMyAccount,29,18.0
TCK-4000211,APP-1000907,In_App_Chat,Status_Inquiry_WhereIsMyAccount,22,8.5
TCK-4000212,APP-1000913,Phone_IVR,Status_Inquiry_WhereIsMyAccount,22,18.0
TCK-4000213,APP-1000920,In_App_Chat,General_Clarification,44,8.5
TCK-4000214,APP-1000924,In_App_Chat,Status_Inquiry_WhereIsMyAccount,19,8.5
TCK-4000215,APP-1000928,In_App_Chat,Status_Inquiry_WhereIsMyAccount,22,8.5
TCK-4000216,APP-1000930,Phone_IVR,General_Clarification,41,18.0
TCK-4000217,APP-1000931,In_App_Chat,Status_Inquiry_WhereIsMyAccount,37,8.5
TCK-4000218,APP-1000932,In_App_Chat,Status_Inquiry_WhereIsMyAccount,35,8.5
TCK-4000219,APP-1000938,In_App_Chat,Status_Inquiry_WhereIsMyAccount,21,8.5
TCK-4000220,APP-1000939,In_App_Chat,Status_Inquiry_WhereIsMyAccount,39,8.5
TCK-4000221,APP-1000941,In_App_Chat,Status_Inquiry_WhereIsMyAccount,18,8.5
TCK-4000222,APP-1000946,Email_Helpdesk,Status_Inquiry_WhereIsMyAccount,16,12.0
TCK-4000223,APP-1000952,Email_Helpdesk,Document_Upload_Failure,25,12.0
TCK-4000224,APP-1000956,In_App_Chat,Status_Inquiry_WhereIsMyAccount,22,8.5
TCK-4000225,APP-1000957,In_App_Chat,Status_Inquiry_WhereIsMyAccount,28,8.5
TCK-4000226,APP-1000968,Phone_IVR,Status_Inquiry_WhereIsMyAccount,13,18.0
TCK-4000227,APP-1000980,Phone_IVR,Status_Inquiry_WhereIsMyAccount,11,18.0
TCK-4000228,APP-1001000,Email_Helpdesk,Status_Inquiry_WhereIsMyAccount,18,12.0
TCK-4000229,APP-1001005,In_App_Chat,Status_Inquiry_WhereIsMyAccount,29,8.5
TCK-4000230,APP-1001010,Phone_IVR,Status_Inquiry_WhereIsMyAccount,39,18.0
TCK-4000231,APP-1001012,In_App_Chat,Status_Inquiry_WhereIsMyAccount,23,8.5
TCK-4000232,APP-1001015,Email_Helpdesk,Document_Upload_Failure,36,12.0
TCK-4000233,APP-1001022,In_App_Chat,Status_Inquiry_WhereIsMyAccount,23,8.5
TCK-4000234,APP-1001023,In_App_Chat,Status_Inquiry_WhereIsMyAccount,24,8.5
TCK-4000235,APP-1001025,In_App_Chat,General_Clarification,11,8.5
TCK-4000236,APP-1001027,In_App_Chat,Status_Inquiry_WhereIsMyAccount,35,8.5
TCK-4000237,APP-1001032,Email_Helpdesk,Status_Inquiry_WhereIsMyAccount,31,12.0
TCK-4000238,APP-1001038,In_App_Chat,Status_Inquiry_WhereIsMyAccount,7,8.5
TCK-4000239,APP-1001040,Phone_IVR,Status_Inquiry_WhereIsMyAccount,5,18.0
TCK-4000240,APP-1001045,In_App_Chat,Status_Inquiry_WhereIsMyAccount,42,8.5
TCK-4000241,APP-1001051,In_App_Chat,Status_Inquiry_WhereIsMyAccount,36,8.5
TCK-4000242,APP-1001056,Email_Helpdesk,General_Clarification,36,12.0
TCK-4000243,APP-1001059,Phone_IVR,Status_Inquiry_WhereIsMyAccount,41,18.0
TCK-4000244,APP-1001060,Phone_IVR,Document_Upload_Failure,19,18.0
TCK-4000245,APP-1001062,Email_Helpdesk,Status_Inquiry_WhereIsMyAccount,8,12.0
TCK-4000246,APP-1001063,In_App_Chat,Status_Inquiry_WhereIsMyAccount,12,8.5
TCK-4000247,APP-1001066,Email_Helpdesk,Status_Inquiry_WhereIsMyAccount,28,12.0
TCK-4000248,APP-1001070,In_App_Chat,Status_Inquiry_WhereIsMyAccount,5,8.5
TCK-4000249,APP-1001074,In_App_Chat,Status_Inquiry_WhereIsMyAccount,22,8.5
TCK-4000250,APP-1001089,Phone_IVR,Status_Inquiry_WhereIsMyAccount,19,18.0
TCK-4000251,APP-1001097,In_App_Chat,Status_Inquiry_WhereIsMyAccount,33,8.5
TCK-4000252,APP-1001099,In_App_Chat,Status_Inquiry_WhereIsMyAccount,33,8.5
TCK-4000253,APP-1001100,Phone_IVR,Status_Inquiry_WhereIsMyAccount,27,18.0
TCK-4000254,APP-1001103,Phone_IVR,General_Clarification,9,18.0
TCK-4000255,APP-1001109,Phone_IVR,Status_Inquiry_WhereIsMyAccount,15,18.0
TCK-4000256,APP-1001117,Email_Helpdesk,Status_Inquiry_WhereIsMyAccount,41,12.0
TCK-4000257,APP-1001120,In_App_Chat,Status_Inquiry_WhereIsMyAccount,31,8.5
TCK-4000258,APP-1001123,In_App_Chat,Status_Inquiry_WhereIsMyAccount,11,8.5
TCK-4000259,APP-1001132,In_App_Chat,Status_Inquiry_WhereIsMyAccount,11,8.5
TCK-4000260,APP-1001133,In_App_Chat,Document_Upload_Failure,21,8.5
TCK-4000261,APP-1001139,In_App_Chat,Status_Inquiry_WhereIsMyAccount,32,8.5
TCK-4000262,APP-1001145,Phone_IVR,Status_Inquiry_WhereIsMyAccount,22,18.0
TCK-4000263,APP-1001149,In_App_Chat,Status_Inquiry_WhereIsMyAccount,38,8.5
TCK-4000264,APP-1001152,Phone_IVR,Status_Inquiry_WhereIsMyAccount,6,18.0
TCK-4000265,APP-1001160,In_App_Chat,Status_Inquiry_WhereIsMyAccount,36,8.5
TCK-4000266,APP-1001168,Phone_IVR,Status_Inquiry_WhereIsMyAccount,38,18.0
TCK-4000267,APP-1001170,Email_Helpdesk,Status_Inquiry_WhereIsMyAccount,25,12.0
TCK-4000268,APP-1001171,In_App_Chat,General_Clarification,30,8.5
TCK-4000269,APP-1001175,Phone_IVR,Status_Inquiry_WhereIsMyAccount,38,18.0
TCK-4000270,APP-1001182,Email_Helpdesk,Status_Inquiry_WhereIsMyAccount,36,12.0
TCK-4000271,APP-1001186,In_App_Chat,Status_Inquiry_WhereIsMyAccount,33,8.5
TCK-4000272,APP-1001189,In_App_Chat,Status_Inquiry_WhereIsMyAccount,30,8.5
TCK-4000273,APP-1001195,Email_Helpdesk,Status_Inquiry_WhereIsMyAccount,43,12.0
TCK-4000274,APP-1001201,In_App_Chat,Status_Inquiry_WhereIsMyAccount,31,8.5
TCK-4000275,APP-1001211,In_App_Chat,Status_Inquiry_WhereIsMyAccount,38,8.5
TCK-4000276,APP-1001218,Phone_IVR,Status_Inquiry_WhereIsMyAccount,31,18.0
TCK-4000277,APP-1001223,In_App_Chat,Status_Inquiry_WhereIsMyAccount,18,8.5
TCK-4000278,APP-1001226,In_App_Chat,Status_Inquiry_WhereIsMyAccount,40,8.5
TCK-4000279,APP-1001229,In_App_Chat,Status_Inquiry_WhereIsMyAccount,37,8.5
TCK-4000280,APP-1001233,Phone_IVR,Document_Upload_Failure,35,18.0
TCK-4000281,APP-1001237,Phone_IVR,Status_Inquiry_WhereIsMyAccount,13,18.0
TCK-4000282,APP-1001242,Phone_IVR,General_Clarification,34,18.0
TCK-4000283,APP-1001247,Phone_IVR,Status_Inquiry_WhereIsMyAccount,35,18.0
TCK-4000284,APP-1001251,In_App_Chat,Status_Inquiry_WhereIsMyAccount,42,8.5
TCK-4000285,APP-1001263,In_App_Chat,Status_Inquiry_WhereIsMyAccount,22,8.5
TCK-4000286,APP-1001267,In_App_Chat,Status_Inquiry_WhereIsMyAccount,17,8.5
TCK-4000287,APP-1001269,In_App_Chat,Document_Upload_Failure,28,8.5
TCK-4000288,APP-1001270,Email_Helpdesk,Status_Inquiry_WhereIsMyAccount,15,12.0
TCK-4000289,APP-1001272,In_App_Chat,General_Clarification,36,8.5
TCK-4000290,APP-1001275,In_App_Chat,General_Clarification,27,8.5
TCK-4000291,APP-1001276,Email_Helpdesk,Status_Inquiry_WhereIsMyAccount,28,12.0
TCK-4000292,APP-1001279,Phone_IVR,Status_Inquiry_WhereIsMyAccount,12,18.0
TCK-4000293,APP-1001286,In_App_Chat,Status_Inquiry_WhereIsMyAccount,38,8.5
TCK-4000294,APP-1001287,In_App_Chat,Status_Inquiry_WhereIsMyAccount,8,8.5
TCK-4000295,APP-1001288,In_App_Chat,Document_Upload_Failure,28,8.5
TCK-4000296,APP-1001296,Email_Helpdesk,Status_Inquiry_WhereIsMyAccount,27,12.0
TCK-4000297,APP-1001315,Email_Helpdesk,Status_Inquiry_WhereIsMyAccount,39,12.0
TCK-4000298,APP-1001321,Phone_IVR,Status_Inquiry_WhereIsMyAccount,23,18.0
TCK-4000299,APP-1001323,In_App_Chat,General_Clarification,41,8.5
TCK-4000300,APP-1001326,Phone_IVR,Status_Inquiry_WhereIsMyAccount,5,18.0
TCK-4000301,APP-1001327,In_App_Chat,Status_Inquiry_WhereIsMyAccount,39,8.5
TCK-4000302,APP-1001339,In_App_Chat,Status_Inquiry_WhereIsMyAccount,28,8.5
TCK-4000303,APP-1001341,Email_Helpdesk,Status_Inquiry_WhereIsMyAccount,9,12.0
TCK-4000304,APP-1001344,In_App_Chat,Status_Inquiry_WhereIsMyAccount,31,8.5
TCK-4000305,APP-1001345,Email_Helpdesk,Status_Inquiry_WhereIsMyAccount,26,12.0
TCK-4000306,APP-1001346,Email_Helpdesk,Status_Inquiry_WhereIsMyAccount,44,12.0
TCK-4000307,APP-1001354,In_App_Chat,Status_Inquiry_WhereIsMyAccount,19,8.5
TCK-4000308,APP-1001355,Phone_IVR,Status_Inquiry_WhereIsMyAccount,6,18.0
TCK-4000309,APP-1001362,In_App_Chat,Status_Inquiry_WhereIsMyAccount,10,8.5
TCK-4000310,APP-1001366,In_App_Chat,Status_Inquiry_WhereIsMyAccount,21,8.5
TCK-4000311,APP-1001369,Phone_IVR,Status_Inquiry_WhereIsMyAccount,5,18.0
TCK-4000312,APP-1001378,In_App_Chat,Status_Inquiry_WhereIsMyAccount,35,8.5
TCK-4000313,APP-1001386,Phone_IVR,General_Clarification,37,18.0
TCK-4000314,APP-1001391,In_App_Chat,Status_Inquiry_WhereIsMyAccount,29,8.5
TCK-4000315,APP-1001392,In_App_Chat,Status_Inquiry_WhereIsMyAccount,28,8.5
TCK-4000316,APP-1001400,Phone_IVR,Status_Inquiry_WhereIsMyAccount,6,18.0
TCK-4000317,APP-1001403,In_App_Chat,Document_Upload_Failure,22,8.5
TCK-4000318,APP-1001410,In_App_Chat,Status_Inquiry_WhereIsMyAccount,29,8.5
TCK-4000319,APP-1001414,In_App_Chat,General_Clarification,43,8.5
TCK-4000320,APP-1001415,In_App_Chat,General_Clarification,25,8.5
TCK-4000321,APP-1001417,In_App_Chat,Document_Upload_Failure,43,8.5
TCK-4000322,APP-1001419,Email_Helpdesk,Status_Inquiry_WhereIsMyAccount,25,12.0
TCK-4000323,APP-1001431,In_App_Chat,Status_Inquiry_WhereIsMyAccount,14,8.5
TCK-4000324,APP-1001439,Email_Helpdesk,Document_Upload_Failure,28,12.0
TCK-4000325,APP-1001445,Phone_IVR,Status_Inquiry_WhereIsMyAccount,14,18.0
TCK-4000326,APP-1001451,In_App_Chat,Status_Inquiry_WhereIsMyAccount,9,8.5
TCK-4000327,APP-1001453,In_App_Chat,Status_Inquiry_WhereIsMyAccount,40,8.5
TCK-4000328,APP-1001462,Phone_IVR,Status_Inquiry_WhereIsMyAccount,14,18.0
TCK-4000329,APP-1001463,Email_Helpdesk,Document_Upload_Failure,33,12.0
TCK-4000330,APP-1001468,In_App_Chat,Document_Upload_Failure,15,8.5
TCK-4000331,APP-1001470,In_App_Chat,Status_Inquiry_WhereIsMyAccount,14,8.5
TCK-4000332,APP-1001472,In_App_Chat,Status_Inquiry_WhereIsMyAccount,6,8.5
TCK-4000333,APP-1001473,Phone_IVR,Status_Inquiry_WhereIsMyAccount,20,18.0
TCK-4000334,APP-1001478,In_App_Chat,Status_Inquiry_WhereIsMyAccount,32,8.5
TCK-4000335,APP-1001484,Phone_IVR,Status_Inquiry_WhereIsMyAccount,11,18.0
TCK-4000336,APP-1001487,Phone_IVR,Status_Inquiry_WhereIsMyAccount,13,18.0
TCK-4000337,APP-1001489,In_App_Chat,Status_Inquiry_WhereIsMyAccount,29,8.5
TCK-4000338,APP-1001492,Phone_IVR,Status_Inquiry_WhereIsMyAccount,40,18.0
TCK-4000339,APP-1001497,In_App_Chat,Status_Inquiry_WhereIsMyAccount,35,8.5
TCK-4000340,APP-1001500,In_App_Chat,Document_Upload_Failure,9,8.5
TCK-4000341,APP-1001503,Phone_IVR,General_Clarification,39,18.0
TCK-4000342,APP-1001504,Email_Helpdesk,Status_Inquiry_WhereIsMyAccount,38,12.0
TCK-4000343,APP-1001509,Email_Helpdesk,Document_Upload_Failure,33,12.0
TCK-4000344,APP-1001510,In_App_Chat,Status_Inquiry_WhereIsMyAccount,23,8.5
TCK-4000345,APP-1001514,In_App_Chat,Status_Inquiry_WhereIsMyAccount,13,8.5
TCK-4000346,APP-1001515,Email_Helpdesk,General_Clarification,33,12.0
TCK-4000347,APP-1001517,In_App_Chat,Status_Inquiry_WhereIsMyAccount,22,8.5
TCK-4000348,APP-1001523,In_App_Chat,Status_Inquiry_WhereIsMyAccount,16,8.5
TCK-4000349,APP-1001527,In_App_Chat,Status_Inquiry_WhereIsMyAccount,25,8.5
TCK-4000350,APP-1001529,In_App_Chat,Status_Inquiry_WhereIsMyAccount,7,8.5
TCK-4000351,APP-1001535,Phone_IVR,General_Clarification,31,18.0
TCK-4000352,APP-1001536,In_App_Chat,Status_Inquiry_WhereIsMyAccount,9,8.5
TCK-4000353,APP-1001537,In_App_Chat,Status_Inquiry_WhereIsMyAccount,27,8.5
TCK-4000354,APP-1001543,In_App_Chat,Status_Inquiry_WhereIsMyAccount,37,8.5
TCK-4000355,APP-1001547,In_App_Chat,Status_Inquiry_WhereIsMyAccount,31,8.5
TCK-4000356,APP-1001548,Phone_IVR,General_Clarification,42,18.0
TCK-4000357,APP-1001556,In_App_Chat,Status_Inquiry_WhereIsMyAccount,32,8.5
TCK-4000358,APP-1001562,Email_Helpdesk,Status_Inquiry_WhereIsMyAccount,38,12.0
TCK-4000359,APP-1001567,In_App_Chat,Status_Inquiry_WhereIsMyAccount,28,8.5
TCK-4000360,APP-1001571,In_App_Chat,Status_Inquiry_WhereIsMyAccount,26,8.5
TCK-4000361,APP-1001572,In_App_Chat,Status_Inquiry_WhereIsMyAccount,41,8.5
TCK-4000362,APP-1001574,In_App_Chat,Status_Inquiry_WhereIsMyAccount,18,8.5
TCK-4000363,APP-1001576,In_App_Chat,Status_Inquiry_WhereIsMyAccount,22,8.5
TCK-4000364,APP-1001594,Email_Helpdesk,Status_Inquiry_WhereIsMyAccount,21,12.0
TCK-4000365,APP-1001596,Phone_IVR,Status_Inquiry_WhereIsMyAccount,11,18.0
TCK-4000366,APP-1001599,Phone_IVR,Status_Inquiry_WhereIsMyAccount,39,18.0
TCK-4000367,APP-1001600,Email_Helpdesk,Status_Inquiry_WhereIsMyAccount,39,12.0
TCK-4000368,APP-1001601,Phone_IVR,Status_Inquiry_WhereIsMyAccount,21,18.0
TCK-4000369,APP-1001603,In_App_Chat,Status_Inquiry_WhereIsMyAccount,22,8.5
TCK-4000370,APP-1001606,In_App_Chat,Status_Inquiry_WhereIsMyAccount,11,8.5
TCK-4000371,APP-1001611,In_App_Chat,Status_Inquiry_WhereIsMyAccount,7,8.5
TCK-4000372,APP-1001624,In_App_Chat,Status_Inquiry_WhereIsMyAccount,29,8.5
TCK-4000373,APP-1001634,In_App_Chat,Status_Inquiry_WhereIsMyAccount,7,8.5
TCK-4000374,APP-1001636,In_App_Chat,Status_Inquiry_WhereIsMyAccount,35,8.5
TCK-4000375,APP-1001638,Phone_IVR,Status_Inquiry_WhereIsMyAccount,39,18.0
TCK-4000376,APP-1001639,Email_Helpdesk,Status_Inquiry_WhereIsMyAccount,38,12.0
TCK-4000377,APP-1001644,In_App_Chat,Status_Inquiry_WhereIsMyAccount,9,8.5
TCK-4000378,APP-1001645,Phone_IVR,General_Clarification,7,18.0
TCK-4000379,APP-1001647,In_App_Chat,Status_Inquiry_WhereIsMyAccount,40,8.5
TCK-4000380,APP-1001653,Phone_IVR,Status_Inquiry_WhereIsMyAccount,26,18.0
TCK-4000381,APP-1001673,Phone_IVR,General_Clarification,24,18.0
TCK-4000382,APP-1001678,Phone_IVR,Status_Inquiry_WhereIsMyAccount,40,18.0
TCK-4000383,APP-1001680,In_App_Chat,Status_Inquiry_WhereIsMyAccount,22,8.5
TCK-4000384,APP-1001685,In_App_Chat,Status_Inquiry_WhereIsMyAccount,29,8.5
TCK-4000385,APP-1001687,Phone_IVR,Status_Inquiry_WhereIsMyAccount,8,18.0
TCK-4000386,APP-1001692,In_App_Chat,General_Clarification,22,8.5
TCK-4000387,APP-1001701,In_App_Chat,Status_Inquiry_WhereIsMyAccount,39,8.5
TCK-4000388,APP-1001702,In_App_Chat,Status_Inquiry_WhereIsMyAccount,11,8.5
TCK-4000389,APP-1001703,Phone_IVR,Status_Inquiry_WhereIsMyAccount,36,18.0
TCK-4000390,APP-1001706,Phone_IVR,Status_Inquiry_WhereIsMyAccount,21,18.0
TCK-4000391,APP-1001708,In_App_Chat,General_Clarification,10,8.5
TCK-4000392,APP-1001709,In_App_Chat,Status_Inquiry_WhereIsMyAccount,41,8.5
TCK-4000393,APP-1001713,In_App_Chat,Status_Inquiry_WhereIsMyAccount,28,8.5
TCK-4000394,APP-1001717,In_App_Chat,General_Clarification,35,8.5
TCK-4000395,APP-1001718,Phone_IVR,Status_Inquiry_WhereIsMyAccount,34,18.0
TCK-4000396,APP-1001723,In_App_Chat,Document_Upload_Failure,19,8.5
TCK-4000397,APP-1001728,Email_Helpdesk,Status_Inquiry_WhereIsMyAccount,10,12.0
TCK-4000398,APP-1001730,Phone_IVR,Status_Inquiry_WhereIsMyAccount,5,18.0
TCK-4000399,APP-1001732,Phone_IVR,Status_Inquiry_WhereIsMyAccount,16,18.0
TCK-4000400,APP-1001742,In_App_Chat,Status_Inquiry_WhereIsMyAccount,16,8.5
TCK-4000401,APP-1001747,In_App_Chat,Status_Inquiry_WhereIsMyAccount,42,8.5
TCK-4000402,APP-1001749,In_App_Chat,Status_Inquiry_WhereIsMyAccount,16,8.5
TCK-4000403,APP-1001753,In_App_Chat,Status_Inquiry_WhereIsMyAccount,14,8.5
TCK-4000404,APP-1001755,Email_Helpdesk,Status_Inquiry_WhereIsMyAccount,10,12.0
TCK-4000405,APP-1001756,In_App_Chat,Status_Inquiry_WhereIsMyAccount,12,8.5
TCK-4000406,APP-1001757,Phone_IVR,Status_Inquiry_WhereIsMyAccount,25,18.0
TCK-4000407,APP-1001762,In_App_Chat,Status_Inquiry_WhereIsMyAccount,25,8.5
TCK-4000408,APP-1001763,Email_Helpdesk,Status_Inquiry_WhereIsMyAccount,14,12.0
TCK-4000409,APP-1001774,Phone_IVR,Status_Inquiry_WhereIsMyAccount,30,18.0
TCK-4000410,APP-1001782,Phone_IVR,Status_Inquiry_WhereIsMyAccount,5,18.0
TCK-4000411,APP-1001789,In_App_Chat,Status_Inquiry_WhereIsMyAccount,26,8.5
TCK-4000412,APP-1001793,Email_Helpdesk,Status_Inquiry_WhereIsMyAccount,25,12.0
TCK-4000413,APP-1001798,In_App_Chat,Status_Inquiry_WhereIsMyAccount,35,8.5
TCK-4000414,APP-1001809,In_App_Chat,Status_Inquiry_WhereIsMyAccount,35,8.5
TCK-4000415,APP-1001814,In_App_Chat,General_Clarification,18,8.5
TCK-4000416,APP-1001820,In_App_Chat,Status_Inquiry_WhereIsMyAccount,17,8.5
TCK-4000417,APP-1001822,Email_Helpdesk,Status_Inquiry_WhereIsMyAccount,14,12.0
TCK-4000418,APP-1001823,In_App_Chat,Status_Inquiry_WhereIsMyAccount,34,8.5
TCK-4000419,APP-1001832,Phone_IVR,Status_Inquiry_WhereIsMyAccount,41,18.0
TCK-4000420,APP-1001837,In_App_Chat,Status_Inquiry_WhereIsMyAccount,32,8.5
TCK-4000421,APP-1001840,In_App_Chat,Status_Inquiry_WhereIsMyAccount,26,8.5
TCK-4000422,APP-1001846,In_App_Chat,Status_Inquiry_WhereIsMyAccount,17,8.5
TCK-4000423,APP-1001855,In_App_Chat,Status_Inquiry_WhereIsMyAccount,24,8.5
TCK-4000424,APP-1001862,In_App_Chat,Status_Inquiry_WhereIsMyAccount,29,8.5
TCK-4000425,APP-1001864,In_App_Chat,Document_Upload_Failure,35,8.5
TCK-4000426,APP-1001871,In_App_Chat,Status_Inquiry_WhereIsMyAccount,14,8.5
TCK-4000427,APP-1001872,In_App_Chat,Status_Inquiry_WhereIsMyAccount,18,8.5
TCK-4000428,APP-1001873,In_App_Chat,Status_Inquiry_WhereIsMyAccount,23,8.5
TCK-4000429,APP-1001875,Phone_IVR,Document_Upload_Failure,32,18.0
TCK-4000430,APP-1001877,Email_Helpdesk,Document_Upload_Failure,16,12.0
TCK-4000431,APP-1001880,In_App_Chat,Status_Inquiry_WhereIsMyAccount,8,8.5
TCK-4000432,APP-1001885,Phone_IVR,Status_Inquiry_WhereIsMyAccount,39,18.0
TCK-4000433,APP-1001887,Email_Helpdesk,Status_Inquiry_WhereIsMyAccount,13,12.0
TCK-4000434,APP-1001890,Email_Helpdesk,Document_Upload_Failure,35,12.0
TCK-4000435,APP-1001892,Email_Helpdesk,Status_Inquiry_WhereIsMyAccount,42,12.0
TCK-4000436,APP-1001895,In_App_Chat,Status_Inquiry_WhereIsMyAccount,11,8.5
TCK-4000437,APP-1001903,Phone_IVR,Document_Upload_Failure,13,18.0
TCK-4000438,APP-1001905,Email_Helpdesk,Status_Inquiry_WhereIsMyAccount,14,12.0
TCK-4000439,APP-1001911,Phone_IVR,General_Clarification,6,18.0
TCK-4000440,APP-1001916,Phone_IVR,Status_Inquiry_WhereIsMyAccount,7,18.0
TCK-4000441,APP-1001920,In_App_Chat,Status_Inquiry_WhereIsMyAccount,26,8.5
TCK-4000442,APP-1001922,In_App_Chat,Status_Inquiry_WhereIsMyAccount,29,8.5
TCK-4000443,APP-1001923,Email_Helpdesk,Status_Inquiry_WhereIsMyAccount,26,12.0
TCK-4000444,APP-1001929,In_App_Chat,General_Clarification,42,8.5
TCK-4000445,APP-1001942,In_App_Chat,Status_Inquiry_WhereIsMyAccount,20,8.5
TCK-4000446,APP-1001943,Email_Helpdesk,Document_Upload_Failure,38,12.0
TCK-4000447,APP-1001949,Email_Helpdesk,Status_Inquiry_WhereIsMyAccount,35,12.0
TCK-4000448,APP-1001951,In_App_Chat,General_Clarification,11,8.5
TCK-4000449,APP-1001952,Phone_IVR,Status_Inquiry_WhereIsMyAccount,10,18.0
TCK-4000450,APP-1001955,Phone_IVR,Status_Inquiry_WhereIsMyAccount,39,18.0
TCK-4000451,APP-1001958,In_App_Chat,Status_Inquiry_WhereIsMyAccount,24,8.5
TCK-4000452,APP-1001960,Phone_IVR,General_Clarification,24,18.0
TCK-4000453,APP-1001974,In_App_Chat,Status_Inquiry_WhereIsMyAccount,40,8.5
TCK-4000454,APP-1001980,In_App_Chat,Document_Upload_Failure,34,8.5
TCK-4000455,APP-1001984,In_App_Chat,Status_Inquiry_WhereIsMyAccount,28,8.5
TCK-4000456,APP-1001986,Email_Helpdesk,Status_Inquiry_WhereIsMyAccount,42,12.0
TCK-4000457,APP-1001987,Phone_IVR,Status_Inquiry_WhereIsMyAccount,26,18.0
TCK-4000458,APP-1001991,Phone_IVR,Status_Inquiry_WhereIsMyAccount,21,18.0
TCK-4000459,APP-1002002,Phone_IVR,Status_Inquiry_WhereIsMyAccount,11,18.0
TCK-4000460,APP-1002005,Phone_IVR,Status_Inquiry_WhereIsMyAccount,21,18.0
TCK-4000461,APP-1002008,In_App_Chat,Status_Inquiry_WhereIsMyAccount,23,8.5
TCK-4000462,APP-1002009,In_App_Chat,Status_Inquiry_WhereIsMyAccount,16,8.5
TCK-4000463,APP-1002011,In_App_Chat,Status_Inquiry_WhereIsMyAccount,31,8.5
TCK-4000464,APP-1002024,In_App_Chat,Status_Inquiry_WhereIsMyAccount,8,8.5
TCK-4000465,APP-1002027,Email_Helpdesk,Status_Inquiry_WhereIsMyAccount,36,12.0
TCK-4000466,APP-1002028,In_App_Chat,Status_Inquiry_WhereIsMyAccount,21,8.5
TCK-4000467,APP-1002029,In_App_Chat,Status_Inquiry_WhereIsMyAccount,9,8.5
TCK-4000468,APP-1002038,Phone_IVR,Status_Inquiry_WhereIsMyAccount,11,18.0
TCK-4000469,APP-1002050,In_App_Chat,Status_Inquiry_WhereIsMyAccount,30,8.5
TCK-4000470,APP-1002052,In_App_Chat,Status_Inquiry_WhereIsMyAccount,11,8.5
TCK-4000471,APP-1002058,Phone_IVR,Status_Inquiry_WhereIsMyAccount,16,18.0
TCK-4000472,APP-1002066,In_App_Chat,General_Clarification,29,8.5
TCK-4000473,APP-1002068,Email_Helpdesk,Status_Inquiry_WhereIsMyAccount,41,12.0
TCK-4000474,APP-1002070,In_App_Chat,Status_Inquiry_WhereIsMyAccount,12,8.5
TCK-4000475,APP-1002074,In_App_Chat,Status_Inquiry_WhereIsMyAccount,34,8.5
TCK-4000476,APP-1002077,In_App_Chat,Status_Inquiry_WhereIsMyAccount,23,8.5
TCK-4000477,APP-1002078,In_App_Chat,Status_Inquiry_WhereIsMyAccount,15,8.5
TCK-4000478,APP-1002079,Phone_IVR,Status_Inquiry_WhereIsMyAccount,43,18.0
TCK-4000479,APP-1002085,Email_Helpdesk,Status_Inquiry_WhereIsMyAccount,43,12.0
TCK-4000480,APP-1002089,Phone_IVR,Status_Inquiry_WhereIsMyAccount,12,18.0
TCK-4000481,APP-1002092,Phone_IVR,Document_Upload_Failure,7,18.0
TCK-4000482,APP-1002093,In_App_Chat,Status_Inquiry_WhereIsMyAccount,5,8.5
TCK-4000483,APP-1002098,In_App_Chat,Status_Inquiry_WhereIsMyAccount,42,8.5
TCK-4000484,APP-1002101,In_App_Chat,Status_Inquiry_WhereIsMyAccount,9,8.5
TCK-4000485,APP-1002108,Phone_IVR,Status_Inquiry_WhereIsMyAccount,9,18.0
TCK-4000486,APP-1002109,Email_Helpdesk,Status_Inquiry_WhereIsMyAccount,22,12.0
TCK-4000487,APP-1002114,In_App_Chat,Status_Inquiry_WhereIsMyAccount,11,8.5
TCK-4000488,APP-1002119,In_App_Chat,Status_Inquiry_WhereIsMyAccount,34,8.5
TCK-4000489,APP-1002120,In_App_Chat,Status_Inquiry_WhereIsMyAccount,43,8.5
TCK-4000490,APP-1002121,In_App_Chat,Status_Inquiry_WhereIsMyAccount,25,8.5
TCK-4000491,APP-1002122,Phone_IVR,Status_Inquiry_WhereIsMyAccount,22,18.0
TCK-4000492,APP-1002129,In_App_Chat,Status_Inquiry_WhereIsMyAccount,10,8.5
TCK-4000493,APP-1002130,In_App_Chat,Status_Inquiry_WhereIsMyAccount,24,8.5
TCK-4000494,APP-1002132,Phone_IVR,Status_Inquiry_WhereIsMyAccount,25,18.0
TCK-4000495,APP-1002135,In_App_Chat,Status_Inquiry_WhereIsMyAccount,15,8.5
TCK-4000496,APP-1002136,In_App_Chat,Status_Inquiry_WhereIsMyAccount,24,8.5
TCK-4000497,APP-1002139,In_App_Chat,Status_Inquiry_WhereIsMyAccount,41,8.5
TCK-4000498,APP-1002144,In_App_Chat,Status_Inquiry_WhereIsMyAccount,16,8.5
TCK-4000499,APP-1002149,Phone_IVR,Status_Inquiry_WhereIsMyAccount,17,18.0
TCK-4000500,APP-1002150,In_App_Chat,Status_Inquiry_WhereIsMyAccount,20,8.5
TCK-4000501,APP-1002158,In_App_Chat,General_Clarification,19,8.5
TCK-4000502,APP-1002162,Phone_IVR,Status_Inquiry_WhereIsMyAccount,36,18.0
TCK-4000503,APP-1002163,In_App_Chat,Status_Inquiry_WhereIsMyAccount,13,8.5
TCK-4000504,APP-1002166,Phone_IVR,Status_Inquiry_WhereIsMyAccount,34,18.0
TCK-4000505,APP-1002168,In_App_Chat,Status_Inquiry_WhereIsMyAccount,34,8.5
TCK-4000506,APP-1002171,In_App_Chat,Status_Inquiry_WhereIsMyAccount,6,8.5
TCK-4000507,APP-1002174,In_App_Chat,General_Clarification,40,8.5
TCK-4000508,APP-1002176,In_App_Chat,Document_Upload_Failure,44,8.5
TCK-4000509,APP-1002178,In_App_Chat,Status_Inquiry_WhereIsMyAccount,24,8.5
TCK-4000510,APP-1002179,Phone_IVR,Status_Inquiry_WhereIsMyAccount,20,18.0
TCK-4000511,APP-1002188,In_App_Chat,Status_Inquiry_WhereIsMyAccount,35,8.5
TCK-4000512,APP-1002195,In_App_Chat,Status_Inquiry_WhereIsMyAccount,26,8.5
TCK-4000513,APP-1002196,Phone_IVR,Status_Inquiry_WhereIsMyAccount,43,18.0
TCK-4000514,APP-1002198,Phone_IVR,Status_Inquiry_WhereIsMyAccount,34,18.0
TCK-4000515,APP-1002201,Phone_IVR,General_Clarification,39,18.0
TCK-4000516,APP-1002204,Phone_IVR,Status_Inquiry_WhereIsMyAccount,44,18.0
TCK-4000517,APP-1002205,In_App_Chat,Status_Inquiry_WhereIsMyAccount,42,8.5
TCK-4000518,APP-1002206,In_App_Chat,Status_Inquiry_WhereIsMyAccount,18,8.5
TCK-4000519,APP-1002215,In_App_Chat,Status_Inquiry_WhereIsMyAccount,41,8.5
TCK-4000520,APP-1002228,In_App_Chat,Status_Inquiry_WhereIsMyAccount,14,8.5
TCK-4000521,APP-1002231,In_App_Chat,Status_Inquiry_WhereIsMyAccount,30,8.5
TCK-4000522,APP-1002235,Phone_IVR,Document_Upload_Failure,16,18.0
TCK-4000523,APP-1002237,In_App_Chat,Status_Inquiry_WhereIsMyAccount,10,8.5
TCK-4000524,APP-1002239,Phone_IVR,Status_Inquiry_WhereIsMyAccount,5,18.0
TCK-4000525,APP-1002241,Phone_IVR,Document_Upload_Failure,42,18.0
TCK-4000526,APP-1002246,In_App_Chat,Status_Inquiry_WhereIsMyAccount,5,8.5
TCK-4000527,APP-1002247,In_App_Chat,General_Clarification,22,8.5
TCK-4000528,APP-1002249,Phone_IVR,General_Clarification,41,18.0
TCK-4000529,APP-1002252,In_App_Chat,Status_Inquiry_WhereIsMyAccount,29,8.5
TCK-4000530,APP-1002253,In_App_Chat,Status_Inquiry_WhereIsMyAccount,13,8.5
TCK-4000531,APP-1002256,In_App_Chat,Status_Inquiry_WhereIsMyAccount,25,8.5
TCK-4000532,APP-1002257,Email_Helpdesk,Status_Inquiry_WhereIsMyAccount,38,12.0
TCK-4000533,APP-1002259,In_App_Chat,General_Clarification,7,8.5
TCK-4000534,APP-1002268,Phone_IVR,Status_Inquiry_WhereIsMyAccount,10,18.0
TCK-4000535,APP-1002271,In_App_Chat,Status_Inquiry_WhereIsMyAccount,44,8.5
TCK-4000536,APP-1002272,Email_Helpdesk,Document_Upload_Failure,14,12.0
TCK-4000537,APP-1002273,In_App_Chat,Status_Inquiry_WhereIsMyAccount,24,8.5
TCK-4000538,APP-1002279,Phone_IVR,General_Clarification,27,18.0
TCK-4000539,APP-1002281,In_App_Chat,Status_Inquiry_WhereIsMyAccount,24,8.5
TCK-4000540,APP-1002283,Phone_IVR,Status_Inquiry_WhereIsMyAccount,26,18.0
TCK-4000541,APP-1002286,In_App_Chat,Status_Inquiry_WhereIsMyAccount,27,8.5
TCK-4000542,APP-1002290,In_App_Chat,Status_Inquiry_WhereIsMyAccount,17,8.5
TCK-4000543,APP-1002291,Email_Helpdesk,Document_Upload_Failure,15,12.0
TCK-4000544,APP-1002307,In_App_Chat,Status_Inquiry_WhereIsMyAccount,36,8.5
TCK-4000545,APP-1002314,In_App_Chat,Status_Inquiry_WhereIsMyAccount,36,8.5
TCK-4000546,APP-1002337,In_App_Chat,General_Clarification,10,8.5
TCK-4000547,APP-1002339,Phone_IVR,Status_Inquiry_WhereIsMyAccount,16,18.0
TCK-4000548,APP-1002343,In_App_Chat,Status_Inquiry_WhereIsMyAccount,33,8.5
TCK-4000549,APP-1002344,Phone_IVR,General_Clarification,25,18.0
TCK-4000550,APP-1002348,Email_Helpdesk,Document_Upload_Failure,44,12.0
TCK-4000551,APP-1002354,In_App_Chat,Status_Inquiry_WhereIsMyAccount,16,8.5
TCK-4000552,APP-1002357,In_App_Chat,Document_Upload_Failure,9,8.5
TCK-4000553,APP-1002367,Phone_IVR,Document_Upload_Failure,38,18.0
TCK-4000554,APP-1002372,In_App_Chat,Status_Inquiry_WhereIsMyAccount,15,8.5
TCK-4000555,APP-1002374,Email_Helpdesk,Status_Inquiry_WhereIsMyAccount,8,12.0
TCK-4000556,APP-1002377,Email_Helpdesk,Status_Inquiry_WhereIsMyAccount,12,12.0
TCK-4000557,APP-1002388,In_App_Chat,Status_Inquiry_WhereIsMyAccount,27,8.5
TCK-4000558,APP-1002394,In_App_Chat,Status_Inquiry_WhereIsMyAccount,22,8.5
TCK-4000559,APP-1002401,In_App_Chat,General_Clarification,14,8.5
TCK-4000560,APP-1002405,In_App_Chat,Status_Inquiry_WhereIsMyAccount,43,8.5
TCK-4000561,APP-1002406,Phone_IVR,Status_Inquiry_WhereIsMyAccount,12,18.0
TCK-4000562,APP-1002414,Email_Helpdesk,Status_Inquiry_WhereIsMyAccount,18,12.0
TCK-4000563,APP-1002431,In_App_Chat,Status_Inquiry_WhereIsMyAccount,41,8.5
TCK-4000564,APP-1002433,Phone_IVR,Status_Inquiry_WhereIsMyAccount,44,18.0
TCK-4000565,APP-1002440,In_App_Chat,General_Clarification,16,8.5
TCK-4000566,APP-1002441,In_App_Chat,General_Clarification,42,8.5
TCK-4000567,APP-1002442,Phone_IVR,Status_Inquiry_WhereIsMyAccount,26,18.0
TCK-4000568,APP-1002453,Phone_IVR,Status_Inquiry_WhereIsMyAccount,17,18.0
TCK-4000569,APP-1002455,Phone_IVR,Status_Inquiry_WhereIsMyAccount,12,18.0
TCK-4000570,APP-1002459,Phone_IVR,Status_Inquiry_WhereIsMyAccount,20,18.0
TCK-4000571,APP-1002467,In_App_Chat,Status_Inquiry_WhereIsMyAccount,39,8.5
TCK-4000572,APP-1002475,In_App_Chat,Document_Upload_Failure,41,8.5
TCK-4000573,APP-1002484,Phone_IVR,Status_Inquiry_WhereIsMyAccount,27,18.0
TCK-4000574,APP-1002486,Phone_IVR,Status_Inquiry_WhereIsMyAccount,21,18.0
TCK-4000575,APP-1002487,In_App_Chat,Status_Inquiry_WhereIsMyAccount,11,8.5
TCK-4000576,APP-1002494,Email_Helpdesk,Status_Inquiry_WhereIsMyAccount,44,12.0
TCK-4000577,APP-1002500,In_App_Chat,Status_Inquiry_WhereIsMyAccount,33,8.5
TCK-4000578,APP-1002503,Phone_IVR,Status_Inquiry_WhereIsMyAccount,44,18.0
TCK-4000579,APP-1002506,In_App_Chat,Status_Inquiry_WhereIsMyAccount,8,8.5
TCK-4000580,APP-1002510,Phone_IVR,Status_Inquiry_WhereIsMyAccount,18,18.0
TCK-4000581,APP-1002511,Email_Helpdesk,Status_Inquiry_WhereIsMyAccount,38,12.0
TCK-4000582,APP-1002512,Phone_IVR,General_Clarification,14,18.0
TCK-4000583,APP-1002534,In_App_Chat,Document_Upload_Failure,26,8.5
TCK-4000584,APP-1002546,In_App_Chat,Status_Inquiry_WhereIsMyAccount,31,8.5
TCK-4000585,APP-1002551,Phone_IVR,Status_Inquiry_WhereIsMyAccount,15,18.0
TCK-4000586,APP-1002552,Phone_IVR,Document_Upload_Failure,21,18.0
TCK-4000587,APP-1002554,In_App_Chat,Status_Inquiry_WhereIsMyAccount,5,8.5
TCK-4000588,APP-1002558,Phone_IVR,Status_Inquiry_WhereIsMyAccount,13,18.0
TCK-4000589,APP-1002563,In_App_Chat,General_Clarification,17,8.5
TCK-4000590,APP-1002568,In_App_Chat,Status_Inquiry_WhereIsMyAccount,19,8.5
TCK-4000591,APP-1002573,Phone_IVR,Status_Inquiry_WhereIsMyAccount,34,18.0
TCK-4000592,APP-1002576,In_App_Chat,Status_Inquiry_WhereIsMyAccount,35,8.5
TCK-4000593,APP-1002584,In_App_Chat,Status_Inquiry_WhereIsMyAccount,27,8.5
TCK-4000594,APP-1002593,In_App_Chat,Status_Inquiry_WhereIsMyAccount,11,8.5
TCK-4000595,APP-1002599,In_App_Chat,Status_Inquiry_WhereIsMyAccount,8,8.5
TCK-4000596,APP-1002602,In_App_Chat,Status_Inquiry_WhereIsMyAccount,28,8.5
TCK-4000597,APP-1002610,In_App_Chat,Status_Inquiry_WhereIsMyAccount,38,8.5
TCK-4000598,APP-1002613,In_App_Chat,Status_Inquiry_WhereIsMyAccount,5,8.5
TCK-4000599,APP-1002616,In_App_Chat,Status_Inquiry_WhereIsMyAccount,35,8.5
TCK-4000600,APP-1002622,In_App_Chat,General_Clarification,30,8.5
TCK-4000601,APP-1002629,Phone_IVR,Status_Inquiry_WhereIsMyAccount,25,18.0
TCK-4000602,APP-1002632,In_App_Chat,Status_Inquiry_WhereIsMyAccount,10,8.5
TCK-4000603,APP-1002633,Email_Helpdesk,Status_Inquiry_WhereIsMyAccount,35,12.0
TCK-4000604,APP-1002634,In_App_Chat,Status_Inquiry_WhereIsMyAccount,39,8.5
TCK-4000605,APP-1002638,In_App_Chat,Status_Inquiry_WhereIsMyAccount,39,8.5
TCK-4000606,APP-1002639,In_App_Chat,Status_Inquiry_WhereIsMyAccount,21,8.5
TCK-4000607,APP-1002641,In_App_Chat,Status_Inquiry_WhereIsMyAccount,41,8.5
TCK-4000608,APP-1002652,In_App_Chat,Document_Upload_Failure,36,8.5
TCK-4000609,APP-1002653,In_App_Chat,Status_Inquiry_WhereIsMyAccount,35,8.5
TCK-4000610,APP-1002654,In_App_Chat,Status_Inquiry_WhereIsMyAccount,26,8.5
TCK-4000611,APP-1002656,Phone_IVR,Status_Inquiry_WhereIsMyAccount,11,18.0
TCK-4000612,APP-1002658,In_App_Chat,Status_Inquiry_WhereIsMyAccount,36,8.5
TCK-4000613,APP-1002659,In_App_Chat,Status_Inquiry_WhereIsMyAccount,35,8.5
TCK-4000614,APP-1002665,Phone_IVR,Status_Inquiry_WhereIsMyAccount,14,18.0
TCK-4000615,APP-1002668,Phone_IVR,General_Clarification,39,18.0
TCK-4000616,APP-1002679,Phone_IVR,Status_Inquiry_WhereIsMyAccount,33,18.0
TCK-4000617,APP-1002681,In_App_Chat,Status_Inquiry_WhereIsMyAccount,32,8.5
TCK-4000618,APP-1002683,In_App_Chat,Document_Upload_Failure,34,8.5
TCK-4000619,APP-1002688,In_App_Chat,Status_Inquiry_WhereIsMyAccount,11,8.5
TCK-4000620,APP-1002690,In_App_Chat,Status_Inquiry_WhereIsMyAccount,41,8.5
TCK-4000621,APP-1002692,In_App_Chat,Status_Inquiry_WhereIsMyAccount,35,8.5
TCK-4000622,APP-1002700,Email_Helpdesk,Status_Inquiry_WhereIsMyAccount,37,12.0
TCK-4000623,APP-1002704,Phone_IVR,Status_Inquiry_WhereIsMyAccount,42,18.0
TCK-4000624,APP-1002705,Email_Helpdesk,Status_Inquiry_WhereIsMyAccount,32,12.0
TCK-4000625,APP-1002708,In_App_Chat,General_Clarification,26,8.5
TCK-4000626,APP-1002711,Phone_IVR,General_Clarification,40,18.0
TCK-4000627,APP-1002719,In_App_Chat,Status_Inquiry_WhereIsMyAccount,35,8.5
TCK-4000628,APP-1002724,Phone_IVR,Status_Inquiry_WhereIsMyAccount,40,18.0
TCK-4000629,APP-1002725,Email_Helpdesk,Status_Inquiry_WhereIsMyAccount,38,12.0
TCK-4000630,APP-1002728,Phone_IVR,Status_Inquiry_WhereIsMyAccount,6,18.0
TCK-4000631,APP-1002730,Phone_IVR,Status_Inquiry_WhereIsMyAccount,27,18.0
TCK-4000632,APP-1002732,In_App_Chat,General_Clarification,10,8.5
TCK-4000633,APP-1002735,In_App_Chat,Status_Inquiry_WhereIsMyAccount,18,8.5
TCK-4000634,APP-1002736,In_App_Chat,Status_Inquiry_WhereIsMyAccount,32,8.5
TCK-4000635,APP-1002738,In_App_Chat,Status_Inquiry_WhereIsMyAccount,16,8.5
TCK-4000636,APP-1002741,Phone_IVR,Status_Inquiry_WhereIsMyAccount,41,18.0
TCK-4000637,APP-1002749,In_App_Chat,Status_Inquiry_WhereIsMyAccount,29,8.5
TCK-4000638,APP-1002755,Phone_IVR,Status_Inquiry_WhereIsMyAccount,10,18.0
TCK-4000639,APP-1002768,Phone_IVR,Status_Inquiry_WhereIsMyAccount,43,18.0
TCK-4000640,APP-1002770,Phone_IVR,General_Clarification,13,18.0
TCK-4000641,APP-1002781,Email_Helpdesk,Status_Inquiry_WhereIsMyAccount,24,12.0
TCK-4000642,APP-1002783,Phone_IVR,Status_Inquiry_WhereIsMyAccount,37,18.0
TCK-4000643,APP-1002784,In_App_Chat,Status_Inquiry_WhereIsMyAccount,29,8.5
TCK-4000644,APP-1002785,In_App_Chat,General_Clarification,5,8.5
TCK-4000645,APP-1002789,In_App_Chat,Status_Inquiry_WhereIsMyAccount,40,8.5
TCK-4000646,APP-1002792,In_App_Chat,Status_Inquiry_WhereIsMyAccount,24,8.5
TCK-4000647,APP-1002797,In_App_Chat,General_Clarification,37,8.5
TCK-4000648,APP-1002803,Phone_IVR,Status_Inquiry_WhereIsMyAccount,26,18.0
TCK-4000649,APP-1002811,Phone_IVR,Status_Inquiry_WhereIsMyAccount,24,18.0
TCK-4000650,APP-1002814,Email_Helpdesk,Status_Inquiry_WhereIsMyAccount,7,12.0
TCK-4000651,APP-1002818,Phone_IVR,Status_Inquiry_WhereIsMyAccount,18,18.0
TCK-4000652,APP-1002823,In_App_Chat,Document_Upload_Failure,34,8.5
TCK-4000653,APP-1002830,In_App_Chat,Status_Inquiry_WhereIsMyAccount,24,8.5
TCK-4000654,APP-1002847,Phone_IVR,Status_Inquiry_WhereIsMyAccount,7,18.0
TCK-4000655,APP-1002860,Email_Helpdesk,Document_Upload_Failure,9,12.0
TCK-4000656,APP-1002865,Email_Helpdesk,Status_Inquiry_WhereIsMyAccount,18,12.0
TCK-4000657,APP-1002877,Phone_IVR,Status_Inquiry_WhereIsMyAccount,16,18.0
TCK-4000658,APP-1002878,Email_Helpdesk,Status_Inquiry_WhereIsMyAccount,26,12.0
TCK-4000659,APP-1002885,Phone_IVR,Status_Inquiry_WhereIsMyAccount,18,18.0
TCK-4000660,APP-1002887,Email_Helpdesk,General_Clarification,33,12.0
TCK-4000661,APP-1002892,Phone_IVR,Status_Inquiry_WhereIsMyAccount,5,18.0
TCK-4000662,APP-1002894,Phone_IVR,Status_Inquiry_WhereIsMyAccount,40,18.0
TCK-4000663,APP-1002895,Email_Helpdesk,Document_Upload_Failure,43,12.0
TCK-4000664,APP-1002899,In_App_Chat,Status_Inquiry_WhereIsMyAccount,21,8.5
TCK-4000665,APP-1002910,Email_Helpdesk,Document_Upload_Failure,32,12.0
TCK-4000666,APP-1002913,In_App_Chat,General_Clarification,19,8.5
TCK-4000667,APP-1002921,In_App_Chat,Document_Upload_Failure,23,8.5
TCK-4000668,APP-1002928,Email_Helpdesk,Status_Inquiry_WhereIsMyAccount,6,12.0
TCK-4000669,APP-1002938,Phone_IVR,Status_Inquiry_WhereIsMyAccount,40,18.0
TCK-4000670,APP-1002941,Phone_IVR,Status_Inquiry_WhereIsMyAccount,19,18.0
TCK-4000671,APP-1002946,In_App_Chat,Status_Inquiry_WhereIsMyAccount,35,8.5
TCK-4000672,APP-1002947,In_App_Chat,Status_Inquiry_WhereIsMyAccount,20,8.5
TCK-4000673,APP-1002950,In_App_Chat,Status_Inquiry_WhereIsMyAccount,29,8.5
TCK-4000674,APP-1002963,In_App_Chat,General_Clarification,5,8.5
TCK-4000675,APP-1002969,In_App_Chat,Status_Inquiry_WhereIsMyAccount,25,8.5
TCK-4000676,APP-1002970,In_App_Chat,Status_Inquiry_WhereIsMyAccount,7,8.5
TCK-4000677,APP-1002973,In_App_Chat,Status_Inquiry_WhereIsMyAccount,34,8.5
TCK-4000678,APP-1002978,Email_Helpdesk,General_Clarification,32,12.0
TCK-4000679,APP-1002980,In_App_Chat,Status_Inquiry_WhereIsMyAccount,27,8.5
TCK-4000680,APP-1002987,In_App_Chat,Status_Inquiry_WhereIsMyAccount,21,8.5
TCK-4000681,APP-1002993,In_App_Chat,Status_Inquiry_WhereIsMyAccount,8,8.5
TCK-4000682,APP-1002996,Phone_IVR,Status_Inquiry_WhereIsMyAccount,39,18.0
TCK-4000683,APP-1002998,In_App_Chat,Status_Inquiry_WhereIsMyAccount,38,8.5
TCK-4000684,APP-1003003,In_App_Chat,Status_Inquiry_WhereIsMyAccount,30,8.5
TCK-4000685,APP-1003005,In_App_Chat,Status_Inquiry_WhereIsMyAccount,38,8.5
TCK-4000686,APP-1003008,In_App_Chat,Document_Upload_Failure,28,8.5
TCK-4000687,APP-1003012,Phone_IVR,Status_Inquiry_WhereIsMyAccount,44,18.0
TCK-4000688,APP-1003014,In_App_Chat,Status_Inquiry_WhereIsMyAccount,18,8.5
TCK-4000689,APP-1003021,Email_Helpdesk,Status_Inquiry_WhereIsMyAccount,21,12.0
TCK-4000690,APP-1003025,Email_Helpdesk,Status_Inquiry_WhereIsMyAccount,21,12.0
TCK-4000691,APP-1003033,In_App_Chat,Status_Inquiry_WhereIsMyAccount,32,8.5
TCK-4000692,APP-1003035,In_App_Chat,Status_Inquiry_WhereIsMyAccount,20,8.5
TCK-4000693,APP-1003036,In_App_Chat,Status_Inquiry_WhereIsMyAccount,44,8.5
TCK-4000694,APP-1003044,In_App_Chat,Status_Inquiry_WhereIsMyAccount,8,8.5
TCK-4000695,APP-1003049,Phone_IVR,Status_Inquiry_WhereIsMyAccount,31,18.0
TCK-4000696,APP-1003058,Email_Helpdesk,Status_Inquiry_WhereIsMyAccount,18,12.0
TCK-4000697,APP-1003059,In_App_Chat,Status_Inquiry_WhereIsMyAccount,14,8.5
TCK-4000698,APP-1003063,Phone_IVR,Status_Inquiry_WhereIsMyAccount,29,18.0
TCK-4000699,APP-1003066,Phone_IVR,General_Clarification,19,18.0
TCK-4000700,APP-1003071,In_App_Chat,Status_Inquiry_WhereIsMyAccount,16,8.5
TCK-4000701,APP-1003086,In_App_Chat,Document_Upload_Failure,18,8.5
TCK-4000702,APP-1003087,Email_Helpdesk,General_Clarification,32,12.0
TCK-4000703,APP-1003091,Phone_IVR,Status_Inquiry_WhereIsMyAccount,22,18.0
TCK-4000704,APP-1003094,In_App_Chat,Status_Inquiry_WhereIsMyAccount,22,8.5
TCK-4000705,APP-1003106,In_App_Chat,Status_Inquiry_WhereIsMyAccount,28,8.5
TCK-4000706,APP-1003109,Phone_IVR,Document_Upload_Failure,18,18.0
TCK-4000707,APP-1003122,In_App_Chat,Status_Inquiry_WhereIsMyAccount,9,8.5
TCK-4000708,APP-1003126,Email_Helpdesk,Status_Inquiry_WhereIsMyAccount,21,12.0
TCK-4000709,APP-1003136,In_App_Chat,Document_Upload_Failure,19,8.5
TCK-4000710,APP-1003139,In_App_Chat,Status_Inquiry_WhereIsMyAccount,43,8.5
TCK-4000711,APP-1003143,In_App_Chat,Status_Inquiry_WhereIsMyAccount,23,8.5
TCK-4000712,APP-1003145,In_App_Chat,Status_Inquiry_WhereIsMyAccount,41,8.5
TCK-4000713,APP-1003147,In_App_Chat,Status_Inquiry_WhereIsMyAccount,18,8.5
TCK-4000714,APP-1003159,In_App_Chat,Status_Inquiry_WhereIsMyAccount,27,8.5
TCK-4000715,APP-1003161,In_App_Chat,General_Clarification,5,8.5
TCK-4000716,APP-1003164,Phone_IVR,Status_Inquiry_WhereIsMyAccount,33,18.0
TCK-4000717,APP-1003167,Email_Helpdesk,Document_Upload_Failure,11,12.0
TCK-4000718,APP-1003186,In_App_Chat,Status_Inquiry_WhereIsMyAccount,38,8.5
TCK-4000719,APP-1003195,In_App_Chat,Status_Inquiry_WhereIsMyAccount,15,8.5
TCK-4000720,APP-1003212,In_App_Chat,Status_Inquiry_WhereIsMyAccount,43,8.5
TCK-4000721,APP-1003218,In_App_Chat,Document_Upload_Failure,28,8.5
TCK-4000722,APP-1003220,Phone_IVR,Status_Inquiry_WhereIsMyAccount,30,18.0
TCK-4000723,APP-1003223,Phone_IVR,General_Clarification,34,18.0
TCK-4000724,APP-1003227,In_App_Chat,Status_Inquiry_WhereIsMyAccount,40,8.5
TCK-4000725,APP-1003229,In_App_Chat,Status_Inquiry_WhereIsMyAccount,16,8.5
TCK-4000726,APP-1003244,In_App_Chat,Status_Inquiry_WhereIsMyAccount,20,8.5
TCK-4000727,APP-1003245,Email_Helpdesk,General_Clarification,26,12.0
TCK-4000728,APP-1003246,Phone_IVR,Status_Inquiry_WhereIsMyAccount,43,18.0
TCK-4000729,APP-1003247,In_App_Chat,Status_Inquiry_WhereIsMyAccount,11,8.5
TCK-4000730,APP-1003260,In_App_Chat,Status_Inquiry_WhereIsMyAccount,27,8.5
TCK-4000731,APP-1003266,In_App_Chat,Status_Inquiry_WhereIsMyAccount,7,8.5
TCK-4000732,APP-1003268,Phone_IVR,Status_Inquiry_WhereIsMyAccount,39,18.0
TCK-4000733,APP-1003274,Phone_IVR,Status_Inquiry_WhereIsMyAccount,33,18.0
TCK-4000734,APP-1003279,Email_Helpdesk,Status_Inquiry_WhereIsMyAccount,43,12.0
TCK-4000735,APP-1003281,Phone_IVR,Document_Upload_Failure,23,18.0
TCK-4000736,APP-1003287,In_App_Chat,Status_Inquiry_WhereIsMyAccount,25,8.5
TCK-4000737,APP-1003289,Phone_IVR,Status_Inquiry_WhereIsMyAccount,8,18.0
TCK-4000738,APP-1003290,Phone_IVR,Status_Inquiry_WhereIsMyAccount,40,18.0
TCK-4000739,APP-1003296,Phone_IVR,Status_Inquiry_WhereIsMyAccount,8,18.0
TCK-4000740,APP-1003298,In_App_Chat,Status_Inquiry_WhereIsMyAccount,35,8.5
TCK-4000741,APP-1003300,In_App_Chat,Status_Inquiry_WhereIsMyAccount,41,8.5
TCK-4000742,APP-1003305,Email_Helpdesk,Status_Inquiry_WhereIsMyAccount,15,12.0
TCK-4000743,APP-1003308,In_App_Chat,Status_Inquiry_WhereIsMyAccount,5,8.5
TCK-4000744,APP-1003311,In_App_Chat,Status_Inquiry_WhereIsMyAccount,39,8.5
TCK-4000745,APP-1003313,Phone_IVR,General_Clarification,41,18.0
TCK-4000746,APP-1003315,In_App_Chat,Status_Inquiry_WhereIsMyAccount,38,8.5
TCK-4000747,APP-1003326,In_App_Chat,Status_Inquiry_WhereIsMyAccount,37,8.5
TCK-4000748,APP-1003328,In_App_Chat,Status_Inquiry_WhereIsMyAccount,25,8.5
TCK-4000749,APP-1003329,In_App_Chat,Status_Inquiry_WhereIsMyAccount,11,8.5
TCK-4000750,APP-1003331,Phone_IVR,Status_Inquiry_WhereIsMyAccount,44,18.0
TCK-4000751,APP-1003344,Phone_IVR,Status_Inquiry_WhereIsMyAccount,12,18.0
TCK-4000752,APP-1003349,Phone_IVR,General_Clarification,33,18.0
TCK-4000753,APP-1003352,Email_Helpdesk,Status_Inquiry_WhereIsMyAccount,29,12.0
TCK-4000754,APP-1003354,In_App_Chat,Status_Inquiry_WhereIsMyAccount,32,8.5
TCK-4000755,APP-1003356,In_App_Chat,Status_Inquiry_WhereIsMyAccount,44,8.5
TCK-4000756,APP-1003359,Email_Helpdesk,Status_Inquiry_WhereIsMyAccount,44,12.0
TCK-4000757,APP-1003366,In_App_Chat,Status_Inquiry_WhereIsMyAccount,42,8.5
TCK-4000758,APP-1003370,Phone_IVR,Status_Inquiry_WhereIsMyAccount,10,18.0
TCK-4000759,APP-1003372,Phone_IVR,Status_Inquiry_WhereIsMyAccount,29,18.0
TCK-4000760,APP-1003382,Phone_IVR,Status_Inquiry_WhereIsMyAccount,38,18.0
TCK-4000761,APP-1003387,In_App_Chat,Status_Inquiry_WhereIsMyAccount,33,8.5
TCK-4000762,APP-1003388,In_App_Chat,General_Clarification,35,8.5
TCK-4000763,APP-1003389,In_App_Chat,Status_Inquiry_WhereIsMyAccount,19,8.5
TCK-4000764,APP-1003396,In_App_Chat,Status_Inquiry_WhereIsMyAccount,37,8.5
TCK-4000765,APP-1003397,Phone_IVR,Status_Inquiry_WhereIsMyAccount,44,18.0
TCK-4000766,APP-1003398,In_App_Chat,Status_Inquiry_WhereIsMyAccount,28,8.5
TCK-4000767,APP-1003399,In_App_Chat,Status_Inquiry_WhereIsMyAccount,35,8.5
TCK-4000768,APP-1003408,In_App_Chat,Status_Inquiry_WhereIsMyAccount,16,8.5
TCK-4000769,APP-1003414,Phone_IVR,Status_Inquiry_WhereIsMyAccount,40,18.0
TCK-4000770,APP-1003423,In_App_Chat,Status_Inquiry_WhereIsMyAccount,11,8.5
TCK-4000771,APP-1003426,In_App_Chat,Status_Inquiry_WhereIsMyAccount,29,8.5
TCK-4000772,APP-1003428,In_App_Chat,General_Clarification,26,8.5
TCK-4000773,APP-1003435,In_App_Chat,General_Clarification,5,8.5
TCK-4000774,APP-1003447,Email_Helpdesk,Status_Inquiry_WhereIsMyAccount,34,12.0
TCK-4000775,APP-1003453,In_App_Chat,Status_Inquiry_WhereIsMyAccount,42,8.5
TCK-4000776,APP-1003454,Phone_IVR,Status_Inquiry_WhereIsMyAccount,32,18.0
TCK-4000777,APP-1003455,Phone_IVR,General_Clarification,36,18.0
TCK-4000778,APP-1003460,In_App_Chat,Status_Inquiry_WhereIsMyAccount,40,8.5
TCK-4000779,APP-1003462,In_App_Chat,Status_Inquiry_WhereIsMyAccount,25,8.5
TCK-4000780,APP-1003469,In_App_Chat,Status_Inquiry_WhereIsMyAccount,31,8.5
TCK-4000781,APP-1003470,Phone_IVR,Status_Inquiry_WhereIsMyAccount,10,18.0
TCK-4000782,APP-1003472,Phone_IVR,General_Clarification,11,18.0
TCK-4000783,APP-1003473,Phone_IVR,Status_Inquiry_WhereIsMyAccount,34,18.0
TCK-4000784,APP-1003484,In_App_Chat,Status_Inquiry_WhereIsMyAccount,5,8.5
TCK-4000785,APP-1003491,In_App_Chat,Status_Inquiry_WhereIsMyAccount,41,8.5
TCK-4000786,APP-1003492,Phone_IVR,Status_Inquiry_WhereIsMyAccount,8,18.0
TCK-4000787,APP-1003493,Phone_IVR,Status_Inquiry_WhereIsMyAccount,21,18.0
TCK-4000788,APP-1003501,Phone_IVR,General_Clarification,33,18.0
TCK-4000789,APP-1003503,Phone_IVR,Status_Inquiry_WhereIsMyAccount,30,18.0
TCK-4000790,APP-1003510,In_App_Chat,General_Clarification,43,8.5
TCK-4000791,APP-1003512,Phone_IVR,Status_Inquiry_WhereIsMyAccount,24,18.0
TCK-4000792,APP-1003516,Email_Helpdesk,Status_Inquiry_WhereIsMyAccount,33,12.0
TCK-4000793,APP-1003524,Phone_IVR,Status_Inquiry_WhereIsMyAccount,5,18.0
TCK-4000794,APP-1003525,In_App_Chat,Status_Inquiry_WhereIsMyAccount,41,8.5
TCK-4000795,APP-1003526,Phone_IVR,Status_Inquiry_WhereIsMyAccount,17,18.0
TCK-4000796,APP-1003538,In_App_Chat,Status_Inquiry_WhereIsMyAccount,6,8.5
TCK-4000797,APP-1003539,In_App_Chat,Status_Inquiry_WhereIsMyAccount,30,8.5
TCK-4000798,APP-1003540,Email_Helpdesk,Status_Inquiry_WhereIsMyAccount,23,12.0
TCK-4000799,APP-1003542,In_App_Chat,Status_Inquiry_WhereIsMyAccount,17,8.5
TCK-4000800,APP-1003545,In_App_Chat,Status_Inquiry_WhereIsMyAccount,29,8.5
TCK-4000801,APP-1003557,In_App_Chat,Status_Inquiry_WhereIsMyAccount,28,8.5
TCK-4000802,APP-1003558,Phone_IVR,Status_Inquiry_WhereIsMyAccount,6,18.0
TCK-4000803,APP-1003561,In_App_Chat,Status_Inquiry_WhereIsMyAccount,14,8.5
TCK-4000804,APP-1003572,Phone_IVR,Status_Inquiry_WhereIsMyAccount,30,18.0
TCK-4000805,APP-1003573,In_App_Chat,Status_Inquiry_WhereIsMyAccount,29,8.5
TCK-4000806,APP-1003579,Email_Helpdesk,General_Clarification,43,12.0
TCK-4000807,APP-1003582,Phone_IVR,Status_Inquiry_WhereIsMyAccount,34,18.0
TCK-4000808,APP-1003585,In_App_Chat,Status_Inquiry_WhereIsMyAccount,23,8.5
TCK-4000809,APP-1003587,In_App_Chat,Status_Inquiry_WhereIsMyAccount,22,8.5
TCK-4000810,APP-1003590,In_App_Chat,General_Clarification,42,8.5
TCK-4000811,APP-1003595,In_App_Chat,Status_Inquiry_WhereIsMyAccount,39,8.5
TCK-4000812,APP-1003596,Phone_IVR,Status_Inquiry_WhereIsMyAccount,35,18.0
TCK-4000813,APP-1003599,In_App_Chat,Status_Inquiry_WhereIsMyAccount,44,8.5
TCK-4000814,APP-1003603,Email_Helpdesk,General_Clarification,14,12.0
TCK-4000815,APP-1003604,Phone_IVR,Status_Inquiry_WhereIsMyAccount,13,18.0
TCK-4000816,APP-1003606,In_App_Chat,Status_Inquiry_WhereIsMyAccount,18,8.5
TCK-4000817,APP-1003611,In_App_Chat,Status_Inquiry_WhereIsMyAccount,34,8.5
TCK-4000818,APP-1003613,In_App_Chat,Status_Inquiry_WhereIsMyAccount,7,8.5
TCK-4000819,APP-1003615,Phone_IVR,Status_Inquiry_WhereIsMyAccount,18,18.0
TCK-4000820,APP-1003617,Phone_IVR,Status_Inquiry_WhereIsMyAccount,6,18.0
TCK-4000821,APP-1003628,In_App_Chat,Status_Inquiry_WhereIsMyAccount,21,8.5
TCK-4000822,APP-1003632,In_App_Chat,Status_Inquiry_WhereIsMyAccount,36,8.5
TCK-4000823,APP-1003639,Email_Helpdesk,Document_Upload_Failure,11,12.0
TCK-4000824,APP-1003641,Phone_IVR,Status_Inquiry_WhereIsMyAccount,32,18.0
TCK-4000825,APP-1003648,In_App_Chat,Status_Inquiry_WhereIsMyAccount,25,8.5
TCK-4000826,APP-1003650,Email_Helpdesk,Status_Inquiry_WhereIsMyAccount,29,12.0
TCK-4000827,APP-1003651,In_App_Chat,General_Clarification,25,8.5
TCK-4000828,APP-1003652,In_App_Chat,Document_Upload_Failure,25,8.5
TCK-4000829,APP-1003658,In_App_Chat,Status_Inquiry_WhereIsMyAccount,42,8.5
TCK-4000830,APP-1003663,In_App_Chat,Status_Inquiry_WhereIsMyAccount,32,8.5
TCK-4000831,APP-1003665,In_App_Chat,Status_Inquiry_WhereIsMyAccount,20,8.5
TCK-4000832,APP-1003669,Phone_IVR,General_Clarification,11,18.0
TCK-4000833,APP-1003671,Email_Helpdesk,Status_Inquiry_WhereIsMyAccount,19,12.0
TCK-4000834,APP-1003672,In_App_Chat,Status_Inquiry_WhereIsMyAccount,34,8.5
TCK-4000835,APP-1003673,Phone_IVR,Status_Inquiry_WhereIsMyAccount,10,18.0
TCK-4000836,APP-1003675,In_App_Chat,Document_Upload_Failure,11,8.5
TCK-4000837,APP-1003688,In_App_Chat,Status_Inquiry_WhereIsMyAccount,30,8.5
TCK-4000838,APP-1003698,In_App_Chat,Status_Inquiry_WhereIsMyAccount,6,8.5
TCK-4000839,APP-1003703,In_App_Chat,Status_Inquiry_WhereIsMyAccount,30,8.5
TCK-4000840,APP-1003704,In_App_Chat,Status_Inquiry_WhereIsMyAccount,32,8.5
TCK-4000841,APP-1003720,Phone_IVR,Status_Inquiry_WhereIsMyAccount,6,18.0
TCK-4000842,APP-1003724,In_App_Chat,Document_Upload_Failure,11,8.5
TCK-4000843,APP-1003726,Phone_IVR,Status_Inquiry_WhereIsMyAccount,34,18.0
TCK-4000844,APP-1003727,Phone_IVR,Status_Inquiry_WhereIsMyAccount,37,18.0
TCK-4000845,APP-1003733,Email_Helpdesk,Status_Inquiry_WhereIsMyAccount,41,12.0
TCK-4000846,APP-1003734,In_App_Chat,Status_Inquiry_WhereIsMyAccount,6,8.5
TCK-4000847,APP-1003737,In_App_Chat,Status_Inquiry_WhereIsMyAccount,25,8.5
TCK-4000848,APP-1003747,In_App_Chat,Status_Inquiry_WhereIsMyAccount,20,8.5
TCK-4000849,APP-1003748,In_App_Chat,Status_Inquiry_WhereIsMyAccount,32,8.5
TCK-4000850,APP-1003751,In_App_Chat,Status_Inquiry_WhereIsMyAccount,13,8.5
TCK-4000851,APP-1003752,In_App_Chat,Status_Inquiry_WhereIsMyAccount,22,8.5
TCK-4000852,APP-1003771,Phone_IVR,Status_Inquiry_WhereIsMyAccount,24,18.0
TCK-4000853,APP-1003772,In_App_Chat,Status_Inquiry_WhereIsMyAccount,25,8.5
TCK-4000854,APP-1003773,In_App_Chat,Status_Inquiry_WhereIsMyAccount,9,8.5
TCK-4000855,APP-1003776,In_App_Chat,Status_Inquiry_WhereIsMyAccount,32,8.5
TCK-4000856,APP-1003782,Phone_IVR,Status_Inquiry_WhereIsMyAccount,39,18.0
TCK-4000857,APP-1003792,Phone_IVR,Status_Inquiry_WhereIsMyAccount,25,18.0
TCK-4000858,APP-1003796,In_App_Chat,Status_Inquiry_WhereIsMyAccount,5,8.5
TCK-4000859,APP-1003803,Phone_IVR,Status_Inquiry_WhereIsMyAccount,41,18.0
TCK-4000860,APP-1003810,In_App_Chat,Status_Inquiry_WhereIsMyAccount,23,8.5
TCK-4000861,APP-1003819,Email_Helpdesk,Status_Inquiry_WhereIsMyAccount,5,12.0
TCK-4000862,APP-1003824,Email_Helpdesk,Document_Upload_Failure,8,12.0
TCK-4000863,APP-1003828,Phone_IVR,Status_Inquiry_WhereIsMyAccount,32,18.0
TCK-4000864,APP-1003830,Phone_IVR,Document_Upload_Failure,17,18.0
TCK-4000865,APP-1003831,Phone_IVR,Status_Inquiry_WhereIsMyAccount,19,18.0
TCK-4000866,APP-1003832,In_App_Chat,Status_Inquiry_WhereIsMyAccount,25,8.5
TCK-4000867,APP-1003833,Email_Helpdesk,Status_Inquiry_WhereIsMyAccount,28,12.0
TCK-4000868,APP-1003835,Phone_IVR,Status_Inquiry_WhereIsMyAccount,11,18.0
TCK-4000869,APP-1003836,In_App_Chat,General_Clarification,33,8.5
TCK-4000870,APP-1003838,In_App_Chat,Status_Inquiry_WhereIsMyAccount,30,8.5
TCK-4000871,APP-1003839,In_App_Chat,Status_Inquiry_WhereIsMyAccount,17,8.5
TCK-4000872,APP-1003846,In_App_Chat,Status_Inquiry_WhereIsMyAccount,43,8.5
TCK-4000873,APP-1003847,In_App_Chat,Status_Inquiry_WhereIsMyAccount,16,8.5
TCK-4000874,APP-1003848,In_App_Chat,Status_Inquiry_WhereIsMyAccount,12,8.5
TCK-4000875,APP-1003855,In_App_Chat,Status_Inquiry_WhereIsMyAccount,23,8.5
TCK-4000876,APP-1003861,Email_Helpdesk,Document_Upload_Failure,22,12.0
TCK-4000877,APP-1003864,In_App_Chat,Status_Inquiry_WhereIsMyAccount,34,8.5
TCK-4000878,APP-1003871,Email_Helpdesk,Status_Inquiry_WhereIsMyAccount,23,12.0
TCK-4000879,APP-1003882,In_App_Chat,Status_Inquiry_WhereIsMyAccount,22,8.5
TCK-4000880,APP-1003885,Email_Helpdesk,Status_Inquiry_WhereIsMyAccount,35,12.0
TCK-4000881,APP-1003888,Phone_IVR,Status_Inquiry_WhereIsMyAccount,23,18.0
TCK-4000882,APP-1003890,In_App_Chat,Status_Inquiry_WhereIsMyAccount,9,8.5
TCK-4000883,APP-1003894,Email_Helpdesk,Status_Inquiry_WhereIsMyAccount,17,12.0
TCK-4000884,APP-1003900,Phone_IVR,Status_Inquiry_WhereIsMyAccount,15,18.0
TCK-4000885,APP-1003912,In_App_Chat,Status_Inquiry_WhereIsMyAccount,16,8.5
TCK-4000886,APP-1003913,In_App_Chat,Status_Inquiry_WhereIsMyAccount,33,8.5
TCK-4000887,APP-1003919,Email_Helpdesk,Status_Inquiry_WhereIsMyAccount,19,12.0
TCK-4000888,APP-1003926,Phone_IVR,Status_Inquiry_WhereIsMyAccount,18,18.0
TCK-4000889,APP-1003929,Phone_IVR,Status_Inquiry_WhereIsMyAccount,43,18.0
TCK-4000890,APP-1003936,Phone_IVR,Status_Inquiry_WhereIsMyAccount,21,18.0
TCK-4000891,APP-1003940,In_App_Chat,Status_Inquiry_WhereIsMyAccount,7,8.5
TCK-4000892,APP-1003945,In_App_Chat,Status_Inquiry_WhereIsMyAccount,20,8.5
TCK-4000893,APP-1003960,In_App_Chat,Status_Inquiry_WhereIsMyAccount,40,8.5
TCK-4000894,APP-1003961,In_App_Chat,Status_Inquiry_WhereIsMyAccount,14,8.5
TCK-4000895,APP-1003962,Phone_IVR,Status_Inquiry_WhereIsMyAccount,5,18.0
TCK-4000896,APP-1003968,In_App_Chat,Status_Inquiry_WhereIsMyAccount,36,8.5
TCK-4000897,APP-1003969,Phone_IVR,Status_Inquiry_WhereIsMyAccount,37,18.0
TCK-4000898,APP-1003971,In_App_Chat,Status_Inquiry_WhereIsMyAccount,29,8.5
TCK-4000899,APP-1003974,In_App_Chat,General_Clarification,23,8.5
TCK-4000900,APP-1003976,In_App_Chat,Status_Inquiry_WhereIsMyAccount,9,8.5
TCK-4000901,APP-1003999,Phone_IVR,Document_Upload_Failure,6,18.0
TCK-4000902,APP-1004003,In_App_Chat,Status_Inquiry_WhereIsMyAccount,8,8.5
TCK-4000903,APP-1004006,In_App_Chat,Status_Inquiry_WhereIsMyAccount,11,8.5
TCK-4000904,APP-1004016,In_App_Chat,Status_Inquiry_WhereIsMyAccount,27,8.5
TCK-4000905,APP-1004017,In_App_Chat,Status_Inquiry_WhereIsMyAccount,8,8.5
TCK-4000906,APP-1004026,In_App_Chat,Status_Inquiry_WhereIsMyAccount,6,8.5
TCK-4000907,APP-1004032,In_App_Chat,Status_Inquiry_WhereIsMyAccount,12,8.5
TCK-4000908,APP-1004037,Email_Helpdesk,General_Clarification,25,12.0
TCK-4000909,APP-1004038,In_App_Chat,Status_Inquiry_WhereIsMyAccount,18,8.5
TCK-4000910,APP-1004039,In_App_Chat,Status_Inquiry_WhereIsMyAccount,32,8.5
TCK-4000911,APP-1004044,In_App_Chat,Status_Inquiry_WhereIsMyAccount,26,8.5
TCK-4000912,APP-1004045,Phone_IVR,Status_Inquiry_WhereIsMyAccount,6,18.0
TCK-4000913,APP-1004047,Phone_IVR,Status_Inquiry_WhereIsMyAccount,38,18.0
TCK-4000914,APP-1004049,In_App_Chat,Status_Inquiry_WhereIsMyAccount,44,8.5
TCK-4000915,APP-1004052,In_App_Chat,Status_Inquiry_WhereIsMyAccount,24,8.5
TCK-4000916,APP-1004054,In_App_Chat,General_Clarification,36,8.5
TCK-4000917,APP-1004063,Phone_IVR,Status_Inquiry_WhereIsMyAccount,24,18.0
TCK-4000918,APP-1004068,In_App_Chat,Status_Inquiry_WhereIsMyAccount,41,8.5
TCK-4000919,APP-1004071,In_App_Chat,Status_Inquiry_WhereIsMyAccount,38,8.5
TCK-4000920,APP-1004072,In_App_Chat,Status_Inquiry_WhereIsMyAccount,36,8.5
TCK-4000921,APP-1004073,In_App_Chat,General_Clarification,15,8.5
TCK-4000922,APP-1004080,Phone_IVR,Status_Inquiry_WhereIsMyAccount,24,18.0
TCK-4000923,APP-1004090,Phone_IVR,Status_Inquiry_WhereIsMyAccount,27,18.0
TCK-4000924,APP-1004093,Phone_IVR,Status_Inquiry_WhereIsMyAccount,11,18.0
TCK-4000925,APP-1004096,Phone_IVR,Status_Inquiry_WhereIsMyAccount,27,18.0
TCK-4000926,APP-1004099,Email_Helpdesk,Status_Inquiry_WhereIsMyAccount,34,12.0
TCK-4000927,APP-1004100,In_App_Chat,Status_Inquiry_WhereIsMyAccount,25,8.5
TCK-4000928,APP-1004104,In_App_Chat,Status_Inquiry_WhereIsMyAccount,31,8.5
TCK-4000929,APP-1004105,Phone_IVR,Document_Upload_Failure,14,18.0
TCK-4000930,APP-1004108,In_App_Chat,Status_Inquiry_WhereIsMyAccount,5,8.5
TCK-4000931,APP-1004112,Phone_IVR,Status_Inquiry_WhereIsMyAccount,37,18.0
TCK-4000932,APP-1004116,In_App_Chat,Status_Inquiry_WhereIsMyAccount,43,8.5
TCK-4000933,APP-1004118,Phone_IVR,General_Clarification,24,18.0
TCK-4000934,APP-1004124,Email_Helpdesk,General_Clarification,40,12.0
TCK-4000935,APP-1004130,In_App_Chat,Status_Inquiry_WhereIsMyAccount,8,8.5
TCK-4000936,APP-1004136,In_App_Chat,Status_Inquiry_WhereIsMyAccount,19,8.5
TCK-4000937,APP-1004137,In_App_Chat,Status_Inquiry_WhereIsMyAccount,19,8.5
TCK-4000938,APP-1004140,In_App_Chat,Status_Inquiry_WhereIsMyAccount,34,8.5
TCK-4000939,APP-1004142,Phone_IVR,Status_Inquiry_WhereIsMyAccount,37,18.0
TCK-4000940,APP-1004146,Email_Helpdesk,Document_Upload_Failure,23,12.0
TCK-4000941,APP-1004148,In_App_Chat,Status_Inquiry_WhereIsMyAccount,19,8.5
TCK-4000942,APP-1004151,In_App_Chat,Status_Inquiry_WhereIsMyAccount,13,8.5
TCK-4000943,APP-1004154,In_App_Chat,Status_Inquiry_WhereIsMyAccount,10,8.5
TCK-4000944,APP-1004156,Phone_IVR,Status_Inquiry_WhereIsMyAccount,16,18.0
TCK-4000945,APP-1004160,Phone_IVR,Status_Inquiry_WhereIsMyAccount,7,18.0
TCK-4000946,APP-1004161,Phone_IVR,Document_Upload_Failure,9,18.0
TCK-4000947,APP-1004163,In_App_Chat,Status_Inquiry_WhereIsMyAccount,11,8.5
TCK-4000948,APP-1004165,Phone_IVR,Status_Inquiry_WhereIsMyAccount,35,18.0
TCK-4000949,APP-1004173,Phone_IVR,Status_Inquiry_WhereIsMyAccount,8,18.0
TCK-4000950,APP-1004181,Phone_IVR,Status_Inquiry_WhereIsMyAccount,44,18.0
TCK-4000951,APP-1004182,In_App_Chat,Status_Inquiry_WhereIsMyAccount,41,8.5
TCK-4000952,APP-1004184,Phone_IVR,Status_Inquiry_WhereIsMyAccount,22,18.0
TCK-4000953,APP-1004186,In_App_Chat,Status_Inquiry_WhereIsMyAccount,19,8.5
TCK-4000954,APP-1004187,Phone_IVR,Status_Inquiry_WhereIsMyAccount,26,18.0
TCK-4000955,APP-1004203,In_App_Chat,Status_Inquiry_WhereIsMyAccount,21,8.5
TCK-4000956,APP-1004208,Email_Helpdesk,Status_Inquiry_WhereIsMyAccount,30,12.0
TCK-4000957,APP-1004211,Phone_IVR,Status_Inquiry_WhereIsMyAccount,10,18.0
TCK-4000958,APP-1004213,Phone_IVR,Status_Inquiry_WhereIsMyAccount,13,18.0
TCK-4000959,APP-1004215,In_App_Chat,Status_Inquiry_WhereIsMyAccount,37,8.5
TCK-4000960,APP-1004216,In_App_Chat,Status_Inquiry_WhereIsMyAccount,8,8.5
TCK-4000961,APP-1004217,Email_Helpdesk,Status_Inquiry_WhereIsMyAccount,10,12.0
TCK-4000962,APP-1004226,In_App_Chat,General_Clarification,34,8.5
TCK-4000963,APP-1004227,Phone_IVR,Status_Inquiry_WhereIsMyAccount,26,18.0
TCK-4000964,APP-1004231,Email_Helpdesk,Status_Inquiry_WhereIsMyAccount,38,12.0
TCK-4000965,APP-1004233,In_App_Chat,Status_Inquiry_WhereIsMyAccount,11,8.5
TCK-4000966,APP-1004234,In_App_Chat,Status_Inquiry_WhereIsMyAccount,36,8.5
TCK-4000967,APP-1004241,Phone_IVR,Status_Inquiry_WhereIsMyAccount,9,18.0
TCK-4000968,APP-1004249,In_App_Chat,Status_Inquiry_WhereIsMyAccount,14,8.5
TCK-4000969,APP-1004259,In_App_Chat,Status_Inquiry_WhereIsMyAccount,42,8.5
TCK-4000970,APP-1004262,In_App_Chat,Status_Inquiry_WhereIsMyAccount,18,8.5
TCK-4000971,APP-1004272,Phone_IVR,Status_Inquiry_WhereIsMyAccount,14,18.0
TCK-4000972,APP-1004275,In_App_Chat,Status_Inquiry_WhereIsMyAccount,31,8.5
TCK-4000973,APP-1004276,In_App_Chat,Document_Upload_Failure,30,8.5
TCK-4000974,APP-1004282,Email_Helpdesk,General_Clarification,14,12.0
TCK-4000975,APP-1004287,Phone_IVR,Status_Inquiry_WhereIsMyAccount,44,18.0
TCK-4000976,APP-1004293,In_App_Chat,Status_Inquiry_WhereIsMyAccount,29,8.5
TCK-4000977,APP-1004294,In_App_Chat,General_Clarification,9,8.5
TCK-4000978,APP-1004308,In_App_Chat,Status_Inquiry_WhereIsMyAccount,16,8.5
TCK-4000979,APP-1004311,Phone_IVR,Status_Inquiry_WhereIsMyAccount,30,18.0
TCK-4000980,APP-1004312,Phone_IVR,Status_Inquiry_WhereIsMyAccount,24,18.0
TCK-4000981,APP-1004320,In_App_Chat,Status_Inquiry_WhereIsMyAccount,30,8.5
TCK-4000982,APP-1004323,Phone_IVR,Status_Inquiry_WhereIsMyAccount,44,18.0
TCK-4000983,APP-1004325,Phone_IVR,Status_Inquiry_WhereIsMyAccount,38,18.0
TCK-4000984,APP-1004326,In_App_Chat,Status_Inquiry_WhereIsMyAccount,42,8.5
TCK-4000985,APP-1004328,Phone_IVR,Status_Inquiry_WhereIsMyAccount,15,18.0
TCK-4000986,APP-1004333,Email_Helpdesk,Document_Upload_Failure,21,12.0
TCK-4000987,APP-1004336,In_App_Chat,Status_Inquiry_WhereIsMyAccount,33,8.5
TCK-4000988,APP-1004337,In_App_Chat,General_Clarification,20,8.5
TCK-4000989,APP-1004338,Phone_IVR,Status_Inquiry_WhereIsMyAccount,12,18.0
TCK-4000990,APP-1004340,Phone_IVR,Document_Upload_Failure,25,18.0
TCK-4000991,APP-1004347,Phone_IVR,Status_Inquiry_WhereIsMyAccount,21,18.0
TCK-4000992,APP-1004357,In_App_Chat,General_Clarification,9,8.5
TCK-4000993,APP-1004359,Phone_IVR,Status_Inquiry_WhereIsMyAccount,21,18.0
TCK-4000994,APP-1004360,Phone_IVR,Status_Inquiry_WhereIsMyAccount,35,18.0
TCK-4000995,APP-1004361,In_App_Chat,Status_Inquiry_WhereIsMyAccount,14,8.5
TCK-4000996,APP-1004366,In_App_Chat,Status_Inquiry_WhereIsMyAccount,36,8.5
TCK-4000997,APP-1004367,Email_Helpdesk,Status_Inquiry_WhereIsMyAccount,35,12.0
TCK-4000998,APP-1004371,Email_Helpdesk,Document_Upload_Failure,27,12.0
TCK-4000999,APP-1004375,Phone_IVR,Status_Inquiry_WhereIsMyAccount,16,18.0
TCK-4001000,APP-1004377,Phone_IVR,Status_Inquiry_WhereIsMyAccount,39,18.0
TCK-4001001,APP-1004379,Phone_IVR,Status_Inquiry_WhereIsMyAccount,37,18.0
TCK-4001002,APP-1004385,Phone_IVR,Status_Inquiry_WhereIsMyAccount,15,18.0
TCK-4001003,APP-1004386,In_App_Chat,Document_Upload_Failure,27,8.5
TCK-4001004,APP-1004392,Phone_IVR,Document_Upload_Failure,26,18.0
TCK-4001005,APP-1004394,In_App_Chat,General_Clarification,41,8.5
TCK-4001006,APP-1004396,In_App_Chat,Status_Inquiry_WhereIsMyAccount,7,8.5
TCK-4001007,APP-1004402,In_App_Chat,Status_Inquiry_WhereIsMyAccount,38,8.5
TCK-4001008,APP-1004403,In_App_Chat,Status_Inquiry_WhereIsMyAccount,23,8.5
TCK-4001009,APP-1004404,In_App_Chat,Status_Inquiry_WhereIsMyAccount,30,8.5
TCK-4001010,APP-1004405,In_App_Chat,Status_Inquiry_WhereIsMyAccount,12,8.5
TCK-4001011,APP-1004407,Phone_IVR,Status_Inquiry_WhereIsMyAccount,30,18.0
TCK-4001012,APP-1004415,Phone_IVR,Status_Inquiry_WhereIsMyAccount,41,18.0
TCK-4001013,APP-1004428,Phone_IVR,Status_Inquiry_WhereIsMyAccount,13,18.0
TCK-4001014,APP-1004430,In_App_Chat,Status_Inquiry_WhereIsMyAccount,17,8.5
TCK-4001015,APP-1004433,Phone_IVR,Status_Inquiry_WhereIsMyAccount,30,18.0
TCK-4001016,APP-1004437,Phone_IVR,Status_Inquiry_WhereIsMyAccount,22,18.0
TCK-4001017,APP-1004442,Phone_IVR,Status_Inquiry_WhereIsMyAccount,37,18.0
TCK-4001018,APP-1004452,Phone_IVR,Status_Inquiry_WhereIsMyAccount,40,18.0
TCK-4001019,APP-1004458,Phone_IVR,Status_Inquiry_WhereIsMyAccount,11,18.0
TCK-4001020,APP-1004485,In_App_Chat,Status_Inquiry_WhereIsMyAccount,17,8.5
TCK-4001021,APP-1004486,In_App_Chat,Status_Inquiry_WhereIsMyAccount,33,8.5
TCK-4001022,APP-1004491,Phone_IVR,Status_Inquiry_WhereIsMyAccount,27,18.0
TCK-4001023,APP-1004494,In_App_Chat,Status_Inquiry_WhereIsMyAccount,43,8.5
TCK-4001024,APP-1004496,In_App_Chat,General_Clarification,13,8.5
TCK-4001025,APP-1004498,In_App_Chat,Status_Inquiry_WhereIsMyAccount,30,8.5
TCK-4001026,APP-1004503,In_App_Chat,Status_Inquiry_WhereIsMyAccount,28,8.5
TCK-4001027,APP-1004504,Email_Helpdesk,Status_Inquiry_WhereIsMyAccount,43,12.0
TCK-4001028,APP-1004507,In_App_Chat,Status_Inquiry_WhereIsMyAccount,13,8.5
TCK-4001029,APP-1004509,In_App_Chat,Status_Inquiry_WhereIsMyAccount,27,8.5
TCK-4001030,APP-1004513,In_App_Chat,Status_Inquiry_WhereIsMyAccount,37,8.5
TCK-4001031,APP-1004514,Phone_IVR,Status_Inquiry_WhereIsMyAccount,13,18.0
TCK-4001032,APP-1004525,In_App_Chat,Status_Inquiry_WhereIsMyAccount,20,8.5
TCK-4001033,APP-1004538,Phone_IVR,Status_Inquiry_WhereIsMyAccount,12,18.0
TCK-4001034,APP-1004541,Email_Helpdesk,Status_Inquiry_WhereIsMyAccount,7,12.0
TCK-4001035,APP-1004542,In_App_Chat,Status_Inquiry_WhereIsMyAccount,15,8.5
TCK-4001036,APP-1004546,Phone_IVR,Status_Inquiry_WhereIsMyAccount,15,18.0
TCK-4001037,APP-1004552,In_App_Chat,General_Clarification,15,8.5
TCK-4001038,APP-1004559,In_App_Chat,Status_Inquiry_WhereIsMyAccount,36,8.5
TCK-4001039,APP-1004562,Email_Helpdesk,Status_Inquiry_WhereIsMyAccount,24,12.0
TCK-4001040,APP-1004568,In_App_Chat,General_Clarification,13,8.5
TCK-4001041,APP-1004569,In_App_Chat,Status_Inquiry_WhereIsMyAccount,10,8.5
TCK-4001042,APP-1004570,In_App_Chat,Status_Inquiry_WhereIsMyAccount,19,8.5
TCK-4001043,APP-1004584,Email_Helpdesk,Document_Upload_Failure,23,12.0
TCK-4001044,APP-1004592,In_App_Chat,Status_Inquiry_WhereIsMyAccount,11,8.5
TCK-4001045,APP-1004595,In_App_Chat,Status_Inquiry_WhereIsMyAccount,35,8.5
TCK-4001046,APP-1004596,In_App_Chat,Status_Inquiry_WhereIsMyAccount,12,8.5
TCK-4001047,APP-1004597,Phone_IVR,Status_Inquiry_WhereIsMyAccount,30,18.0
TCK-4001048,APP-1004598,In_App_Chat,Status_Inquiry_WhereIsMyAccount,10,8.5
TCK-4001049,APP-1004601,Phone_IVR,Status_Inquiry_WhereIsMyAccount,12,18.0
TCK-4001050,APP-1004610,In_App_Chat,Document_Upload_Failure,26,8.5
TCK-4001051,APP-1004618,In_App_Chat,Status_Inquiry_WhereIsMyAccount,31,8.5
TCK-4001052,APP-1004631,In_App_Chat,Status_Inquiry_WhereIsMyAccount,36,8.5
TCK-4001053,APP-1004634,Email_Helpdesk,Status_Inquiry_WhereIsMyAccount,19,12.0
TCK-4001054,APP-1004635,Email_Helpdesk,Status_Inquiry_WhereIsMyAccount,27,12.0
TCK-4001055,APP-1004639,Phone_IVR,Status_Inquiry_WhereIsMyAccount,10,18.0
TCK-4001056,APP-1004642,In_App_Chat,General_Clarification,40,8.5
TCK-4001057,APP-1004645,Phone_IVR,Status_Inquiry_WhereIsMyAccount,22,18.0
TCK-4001058,APP-1004649,Phone_IVR,Status_Inquiry_WhereIsMyAccount,18,18.0
TCK-4001059,APP-1004651,In_App_Chat,Status_Inquiry_WhereIsMyAccount,43,8.5
TCK-4001060,APP-1004652,Email_Helpdesk,Status_Inquiry_WhereIsMyAccount,15,12.0
TCK-4001061,APP-1004659,Phone_IVR,Document_Upload_Failure,37,18.0
TCK-4001062,APP-1004672,In_App_Chat,General_Clarification,22,8.5
TCK-4001063,APP-1004679,In_App_Chat,Status_Inquiry_WhereIsMyAccount,32,8.5
TCK-4001064,APP-1004680,In_App_Chat,Status_Inquiry_WhereIsMyAccount,20,8.5
TCK-4001065,APP-1004689,In_App_Chat,Status_Inquiry_WhereIsMyAccount,30,8.5
TCK-4001066,APP-1004693,Email_Helpdesk,Status_Inquiry_WhereIsMyAccount,10,12.0
TCK-4001067,APP-1004694,Phone_IVR,General_Clarification,42,18.0
TCK-4001068,APP-1004696,Phone_IVR,Status_Inquiry_WhereIsMyAccount,43,18.0
TCK-4001069,APP-1004717,In_App_Chat,Status_Inquiry_WhereIsMyAccount,40,8.5
TCK-4001070,APP-1004728,In_App_Chat,Status_Inquiry_WhereIsMyAccount,39,8.5
TCK-4001071,APP-1004729,Phone_IVR,Status_Inquiry_WhereIsMyAccount,23,18.0
TCK-4001072,APP-1004732,Phone_IVR,Status_Inquiry_WhereIsMyAccount,29,18.0
TCK-4001073,APP-1004739,In_App_Chat,Status_Inquiry_WhereIsMyAccount,27,8.5
TCK-4001074,APP-1004740,In_App_Chat,Status_Inquiry_WhereIsMyAccount,41,8.5
TCK-4001075,APP-1004748,Phone_IVR,Status_Inquiry_WhereIsMyAccount,27,18.0
TCK-4001076,APP-1004751,In_App_Chat,Status_Inquiry_WhereIsMyAccount,42,8.5
TCK-4001077,APP-1004753,Phone_IVR,General_Clarification,41,18.0
TCK-4001078,APP-1004755,In_App_Chat,General_Clarification,18,8.5
TCK-4001079,APP-1004758,Phone_IVR,Status_Inquiry_WhereIsMyAccount,43,18.0
TCK-4001080,APP-1004773,Phone_IVR,Status_Inquiry_WhereIsMyAccount,39,18.0
TCK-4001081,APP-1004781,Email_Helpdesk,Status_Inquiry_WhereIsMyAccount,42,12.0
TCK-4001082,APP-1004782,In_App_Chat,Status_Inquiry_WhereIsMyAccount,20,8.5
TCK-4001083,APP-1004794,In_App_Chat,Status_Inquiry_WhereIsMyAccount,6,8.5
TCK-4001084,APP-1004804,In_App_Chat,Status_Inquiry_WhereIsMyAccount,35,8.5
TCK-4001085,APP-1004810,In_App_Chat,Status_Inquiry_WhereIsMyAccount,11,8.5
TCK-4001086,APP-1004816,Email_Helpdesk,Status_Inquiry_WhereIsMyAccount,27,12.0
TCK-4001087,APP-1004817,Email_Helpdesk,Status_Inquiry_WhereIsMyAccount,27,12.0
TCK-4001088,APP-1004820,In_App_Chat,Document_Upload_Failure,12,8.5
TCK-4001089,APP-1004821,In_App_Chat,Status_Inquiry_WhereIsMyAccount,22,8.5
TCK-4001090,APP-1004822,Phone_IVR,Status_Inquiry_WhereIsMyAccount,13,18.0
TCK-4001091,APP-1004823,Phone_IVR,Status_Inquiry_WhereIsMyAccount,33,18.0
TCK-4001092,APP-1004835,Phone_IVR,Status_Inquiry_WhereIsMyAccount,44,18.0
TCK-4001093,APP-1004842,Phone_IVR,General_Clarification,9,18.0
TCK-4001094,APP-1004843,In_App_Chat,General_Clarification,17,8.5
TCK-4001095,APP-1004848,Email_Helpdesk,Status_Inquiry_WhereIsMyAccount,43,12.0
TCK-4001096,APP-1004853,In_App_Chat,Status_Inquiry_WhereIsMyAccount,30,8.5
TCK-4001097,APP-1004857,In_App_Chat,Status_Inquiry_WhereIsMyAccount,19,8.5
TCK-4001098,APP-1004859,Phone_IVR,Status_Inquiry_WhereIsMyAccount,40,18.0
TCK-4001099,APP-1004868,Email_Helpdesk,Status_Inquiry_WhereIsMyAccount,28,12.0
TCK-4001100,APP-1004875,Phone_IVR,Status_Inquiry_WhereIsMyAccount,37,18.0
TCK-4001101,APP-1004877,Email_Helpdesk,Status_Inquiry_WhereIsMyAccount,21,12.0
TCK-4001102,APP-1004878,Phone_IVR,Status_Inquiry_WhereIsMyAccount,34,18.0
TCK-4001103,APP-1004882,In_App_Chat,Status_Inquiry_WhereIsMyAccount,32,8.5
TCK-4001104,APP-1004883,Email_Helpdesk,Status_Inquiry_WhereIsMyAccount,11,12.0
TCK-4001105,APP-1004886,In_App_Chat,Status_Inquiry_WhereIsMyAccount,12,8.5
TCK-4001106,APP-1004887,Email_Helpdesk,Status_Inquiry_WhereIsMyAccount,27,12.0
TCK-4001107,APP-1004889,In_App_Chat,Status_Inquiry_WhereIsMyAccount,22,8.5
TCK-4001108,APP-1004895,In_App_Chat,Document_Upload_Failure,43,8.5
TCK-4001109,APP-1004896,In_App_Chat,Status_Inquiry_WhereIsMyAccount,10,8.5
TCK-4001110,APP-1004897,In_App_Chat,Status_Inquiry_WhereIsMyAccount,17,8.5
TCK-4001111,APP-1004899,Email_Helpdesk,Status_Inquiry_WhereIsMyAccount,11,12.0
TCK-4001112,APP-1004900,Phone_IVR,Status_Inquiry_WhereIsMyAccount,40,18.0
TCK-4001113,APP-1004906,In_App_Chat,Status_Inquiry_WhereIsMyAccount,17,8.5
TCK-4001114,APP-1004907,Email_Helpdesk,Status_Inquiry_WhereIsMyAccount,43,12.0
TCK-4001115,APP-1004923,In_App_Chat,Status_Inquiry_WhereIsMyAccount,8,8.5
TCK-4001116,APP-1004928,In_App_Chat,Status_Inquiry_WhereIsMyAccount,29,8.5
TCK-4001117,APP-1004930,Email_Helpdesk,Status_Inquiry_WhereIsMyAccount,6,12.0
TCK-4001118,APP-1004934,Phone_IVR,Status_Inquiry_WhereIsMyAccount,35,18.0
TCK-4001119,APP-1004943,In_App_Chat,Status_Inquiry_WhereIsMyAccount,17,8.5
TCK-4001120,APP-1004946,In_App_Chat,Status_Inquiry_WhereIsMyAccount,44,8.5
TCK-4001121,APP-1004948,Email_Helpdesk,Status_Inquiry_WhereIsMyAccount,22,12.0
TCK-4001122,APP-1004966,In_App_Chat,Document_Upload_Failure,12,8.5
TCK-4001123,APP-1004967,Phone_IVR,Status_Inquiry_WhereIsMyAccount,34,18.0
TCK-4001124,APP-1004969,Phone_IVR,Status_Inquiry_WhereIsMyAccount,12,18.0
TCK-4001125,APP-1004974,In_App_Chat,Status_Inquiry_WhereIsMyAccount,35,8.5
TCK-4001126,APP-1004975,In_App_Chat,Status_Inquiry_WhereIsMyAccount,36,8.5
TCK-4001127,APP-1004995,In_App_Chat,Status_Inquiry_WhereIsMyAccount,21,8.5
TCK-4001128,APP-1005001,In_App_Chat,Status_Inquiry_WhereIsMyAccount,35,8.5
TCK-4001129,APP-1005002,In_App_Chat,Status_Inquiry_WhereIsMyAccount,10,8.5
TCK-4001130,APP-1005011,In_App_Chat,Document_Upload_Failure,25,8.5
TCK-4001131,APP-1005019,In_App_Chat,Status_Inquiry_WhereIsMyAccount,41,8.5
TCK-4001132,APP-1005022,In_App_Chat,Status_Inquiry_WhereIsMyAccount,34,8.5
TCK-4001133,APP-1005026,Email_Helpdesk,Status_Inquiry_WhereIsMyAccount,21,12.0
TCK-4001134,APP-1005027,Email_Helpdesk,Status_Inquiry_WhereIsMyAccount,14,12.0
TCK-4001135,APP-1005030,Phone_IVR,Status_Inquiry_WhereIsMyAccount,14,18.0
TCK-4001136,APP-1005031,Email_Helpdesk,Status_Inquiry_WhereIsMyAccount,29,12.0
TCK-4001137,APP-1005033,In_App_Chat,Status_Inquiry_WhereIsMyAccount,8,8.5
TCK-4001138,APP-1005034,In_App_Chat,Status_Inquiry_WhereIsMyAccount,13,8.5
TCK-4001139,APP-1005038,Phone_IVR,Status_Inquiry_WhereIsMyAccount,18,18.0
TCK-4001140,APP-1005043,In_App_Chat,Status_Inquiry_WhereIsMyAccount,19,8.5
TCK-4001141,APP-1005048,In_App_Chat,Status_Inquiry_WhereIsMyAccount,30,8.5
TCK-4001142,APP-1005050,In_App_Chat,General_Clarification,25,8.5
TCK-4001143,APP-1005056,In_App_Chat,Status_Inquiry_WhereIsMyAccount,8,8.5
TCK-4001144,APP-1005058,Phone_IVR,General_Clarification,35,18.0
TCK-4001145,APP-1005060,In_App_Chat,Document_Upload_Failure,23,8.5
TCK-4001146,APP-1005069,In_App_Chat,Status_Inquiry_WhereIsMyAccount,22,8.5
TCK-4001147,APP-1005072,Phone_IVR,General_Clarification,9,18.0
TCK-4001148,APP-1005079,In_App_Chat,Status_Inquiry_WhereIsMyAccount,17,8.5
TCK-4001149,APP-1005082,Phone_IVR,Status_Inquiry_WhereIsMyAccount,29,18.0
TCK-4001150,APP-1005089,In_App_Chat,Status_Inquiry_WhereIsMyAccount,30,8.5
TCK-4001151,APP-1005092,Phone_IVR,Status_Inquiry_WhereIsMyAccount,38,18.0
TCK-4001152,APP-1005096,Phone_IVR,Document_Upload_Failure,22,18.0
TCK-4001153,APP-1005099,In_App_Chat,Status_Inquiry_WhereIsMyAccount,12,8.5
TCK-4001154,APP-1005105,In_App_Chat,Status_Inquiry_WhereIsMyAccount,36,8.5
TCK-4001155,APP-1005110,Phone_IVR,General_Clarification,30,18.0
TCK-4001156,APP-1005117,Phone_IVR,Status_Inquiry_WhereIsMyAccount,10,18.0
TCK-4001157,APP-1005132,In_App_Chat,Status_Inquiry_WhereIsMyAccount,5,8.5
TCK-4001158,APP-1005139,In_App_Chat,Status_Inquiry_WhereIsMyAccount,36,8.5
TCK-4001159,APP-1005143,Phone_IVR,Status_Inquiry_WhereIsMyAccount,23,18.0
TCK-4001160,APP-1005146,Email_Helpdesk,Status_Inquiry_WhereIsMyAccount,38,12.0
TCK-4001161,APP-1005152,In_App_Chat,Status_Inquiry_WhereIsMyAccount,18,8.5
TCK-4001162,APP-1005158,Email_Helpdesk,Status_Inquiry_WhereIsMyAccount,20,12.0
TCK-4001163,APP-1005161,Email_Helpdesk,Document_Upload_Failure,19,12.0
TCK-4001164,APP-1005162,Phone_IVR,Status_Inquiry_WhereIsMyAccount,26,18.0
TCK-4001165,APP-1005165,Email_Helpdesk,General_Clarification,24,12.0
TCK-4001166,APP-1005166,Phone_IVR,Status_Inquiry_WhereIsMyAccount,37,18.0
TCK-4001167,APP-1005170,In_App_Chat,Status_Inquiry_WhereIsMyAccount,36,8.5
TCK-4001168,APP-1005173,In_App_Chat,Status_Inquiry_WhereIsMyAccount,18,8.5
TCK-4001169,APP-1005175,In_App_Chat,Status_Inquiry_WhereIsMyAccount,15,8.5
TCK-4001170,APP-1005184,Email_Helpdesk,Status_Inquiry_WhereIsMyAccount,26,12.0
TCK-4001171,APP-1005185,In_App_Chat,Status_Inquiry_WhereIsMyAccount,23,8.5
TCK-4001172,APP-1005189,Phone_IVR,Status_Inquiry_WhereIsMyAccount,15,18.0
TCK-4001173,APP-1005192,Phone_IVR,General_Clarification,35,18.0
TCK-4001174,APP-1005204,In_App_Chat,Status_Inquiry_WhereIsMyAccount,44,8.5
TCK-4001175,APP-1005209,In_App_Chat,Document_Upload_Failure,5,8.5
TCK-4001176,APP-1005211,Phone_IVR,Document_Upload_Failure,26,18.0
TCK-4001177,APP-1005216,Phone_IVR,Status_Inquiry_WhereIsMyAccount,8,18.0
TCK-4001178,APP-1005218,In_App_Chat,General_Clarification,10,8.5
TCK-4001179,APP-1005219,In_App_Chat,General_Clarification,8,8.5
TCK-4001180,APP-1005224,Email_Helpdesk,Document_Upload_Failure,14,12.0
TCK-4001181,APP-1005227,Phone_IVR,Status_Inquiry_WhereIsMyAccount,39,18.0
TCK-4001182,APP-1005230,In_App_Chat,Status_Inquiry_WhereIsMyAccount,5,8.5
TCK-4001183,APP-1005233,Phone_IVR,Status_Inquiry_WhereIsMyAccount,16,18.0
TCK-4001184,APP-1005237,Phone_IVR,Status_Inquiry_WhereIsMyAccount,29,18.0
TCK-4001185,APP-1005241,Email_Helpdesk,General_Clarification,25,12.0
TCK-4001186,APP-1005247,In_App_Chat,Status_Inquiry_WhereIsMyAccount,27,8.5
TCK-4001187,APP-1005251,Email_Helpdesk,Status_Inquiry_WhereIsMyAccount,20,12.0
TCK-4001188,APP-1005252,In_App_Chat,Status_Inquiry_WhereIsMyAccount,27,8.5
TCK-4001189,APP-1005253,Phone_IVR,Status_Inquiry_WhereIsMyAccount,6,18.0
TCK-4001190,APP-1005255,In_App_Chat,Document_Upload_Failure,11,8.5
TCK-4001191,APP-1005273,In_App_Chat,Status_Inquiry_WhereIsMyAccount,16,8.5
TCK-4001192,APP-1005275,Phone_IVR,General_Clarification,41,18.0
TCK-4001193,APP-1005292,In_App_Chat,Status_Inquiry_WhereIsMyAccount,5,8.5
TCK-4001194,APP-1005297,In_App_Chat,Status_Inquiry_WhereIsMyAccount,33,8.5
TCK-4001195,APP-1005299,In_App_Chat,Status_Inquiry_WhereIsMyAccount,32,8.5
TCK-4001196,APP-1005305,In_App_Chat,Status_Inquiry_WhereIsMyAccount,32,8.5
TCK-4001197,APP-1005306,Phone_IVR,Status_Inquiry_WhereIsMyAccount,44,18.0
TCK-4001198,APP-1005314,In_App_Chat,Status_Inquiry_WhereIsMyAccount,15,8.5
TCK-4001199,APP-1005325,Email_Helpdesk,Status_Inquiry_WhereIsMyAccount,44,12.0
TCK-4001200,APP-1005328,Phone_IVR,Status_Inquiry_WhereIsMyAccount,17,18.0
TCK-4001201,APP-1005333,In_App_Chat,Status_Inquiry_WhereIsMyAccount,25,8.5
TCK-4001202,APP-1005334,In_App_Chat,Status_Inquiry_WhereIsMyAccount,38,8.5
TCK-4001203,APP-1005352,Phone_IVR,Status_Inquiry_WhereIsMyAccount,32,18.0
TCK-4001204,APP-1005355,In_App_Chat,Status_Inquiry_WhereIsMyAccount,6,8.5
TCK-4001205,APP-1005358,Phone_IVR,Status_Inquiry_WhereIsMyAccount,34,18.0
TCK-4001206,APP-1005364,In_App_Chat,Status_Inquiry_WhereIsMyAccount,10,8.5
TCK-4001207,APP-1005368,Phone_IVR,Status_Inquiry_WhereIsMyAccount,32,18.0
TCK-4001208,APP-1005371,In_App_Chat,Status_Inquiry_WhereIsMyAccount,39,8.5
TCK-4001209,APP-1005374,In_App_Chat,Status_Inquiry_WhereIsMyAccount,31,8.5
TCK-4001210,APP-1005381,Phone_IVR,Status_Inquiry_WhereIsMyAccount,41,18.0
TCK-4001211,APP-1005390,In_App_Chat,Status_Inquiry_WhereIsMyAccount,6,8.5
TCK-4001212,APP-1005392,In_App_Chat,Status_Inquiry_WhereIsMyAccount,18,8.5
TCK-4001213,APP-1005394,In_App_Chat,Status_Inquiry_WhereIsMyAccount,5,8.5
TCK-4001214,APP-1005395,Email_Helpdesk,General_Clarification,32,12.0
TCK-4001215,APP-1005397,In_App_Chat,Status_Inquiry_WhereIsMyAccount,13,8.5
TCK-4001216,APP-1005399,Phone_IVR,Status_Inquiry_WhereIsMyAccount,41,18.0
TCK-4001217,APP-1005400,In_App_Chat,Status_Inquiry_WhereIsMyAccount,16,8.5
TCK-4001218,APP-1005405,In_App_Chat,Status_Inquiry_WhereIsMyAccount,5,8.5
TCK-4001219,APP-1005416,In_App_Chat,Status_Inquiry_WhereIsMyAccount,7,8.5
TCK-4001220,APP-1005420,Phone_IVR,Status_Inquiry_WhereIsMyAccount,40,18.0
TCK-4001221,APP-1005437,Phone_IVR,Document_Upload_Failure,17,18.0
TCK-4001222,APP-1005439,In_App_Chat,General_Clarification,6,8.5
TCK-4001223,APP-1005440,In_App_Chat,Status_Inquiry_WhereIsMyAccount,11,8.5
TCK-4001224,APP-1005441,In_App_Chat,Status_Inquiry_WhereIsMyAccount,26,8.5
TCK-4001225,APP-1005447,Phone_IVR,Status_Inquiry_WhereIsMyAccount,10,18.0
TCK-4001226,APP-1005455,In_App_Chat,Status_Inquiry_WhereIsMyAccount,40,8.5
TCK-4001227,APP-1005458,Phone_IVR,Status_Inquiry_WhereIsMyAccount,13,18.0
TCK-4001228,APP-1005463,In_App_Chat,Status_Inquiry_WhereIsMyAccount,25,8.5
TCK-4001229,APP-1005464,Phone_IVR,Status_Inquiry_WhereIsMyAccount,7,18.0
TCK-4001230,APP-1005478,In_App_Chat,Status_Inquiry_WhereIsMyAccount,15,8.5
TCK-4001231,APP-1005487,In_App_Chat,Document_Upload_Failure,13,8.5
TCK-4001232,APP-1005495,In_App_Chat,Status_Inquiry_WhereIsMyAccount,29,8.5
TCK-4001233,APP-1005499,In_App_Chat,Status_Inquiry_WhereIsMyAccount,18,8.5
TCK-4001234,APP-1005505,In_App_Chat,Status_Inquiry_WhereIsMyAccount,12,8.5
TCK-4001235,APP-1005509,Email_Helpdesk,Status_Inquiry_WhereIsMyAccount,44,12.0
TCK-4001236,APP-1005510,In_App_Chat,Status_Inquiry_WhereIsMyAccount,25,8.5
TCK-4001237,APP-1005521,Phone_IVR,Status_Inquiry_WhereIsMyAccount,40,18.0
TCK-4001238,APP-1005523,In_App_Chat,Status_Inquiry_WhereIsMyAccount,30,8.5
TCK-4001239,APP-1005525,Email_Helpdesk,Status_Inquiry_WhereIsMyAccount,21,12.0
TCK-4001240,APP-1005527,In_App_Chat,Status_Inquiry_WhereIsMyAccount,10,8.5
TCK-4001241,APP-1005529,Email_Helpdesk,Status_Inquiry_WhereIsMyAccount,18,12.0
TCK-4001242,APP-1005532,In_App_Chat,Status_Inquiry_WhereIsMyAccount,11,8.5
TCK-4001243,APP-1005533,In_App_Chat,Status_Inquiry_WhereIsMyAccount,18,8.5
TCK-4001244,APP-1005534,In_App_Chat,Status_Inquiry_WhereIsMyAccount,23,8.5
TCK-4001245,APP-1005535,Email_Helpdesk,Status_Inquiry_WhereIsMyAccount,26,12.0
TCK-4001246,APP-1005541,Phone_IVR,General_Clarification,15,18.0
TCK-4001247,APP-1005544,In_App_Chat,General_Clarification,39,8.5
TCK-4001248,APP-1005546,Phone_IVR,Status_Inquiry_WhereIsMyAccount,8,18.0
TCK-4001249,APP-1005548,Email_Helpdesk,General_Clarification,18,12.0
TCK-4001250,APP-1005550,Phone_IVR,Status_Inquiry_WhereIsMyAccount,15,18.0
TCK-4001251,APP-1005553,Phone_IVR,Status_Inquiry_WhereIsMyAccount,23,18.0
TCK-4001252,APP-1005560,Phone_IVR,Status_Inquiry_WhereIsMyAccount,28,18.0
TCK-4001253,APP-1005565,In_App_Chat,General_Clarification,6,8.5
TCK-4001254,APP-1005570,Phone_IVR,Status_Inquiry_WhereIsMyAccount,43,18.0
TCK-4001255,APP-1005571,In_App_Chat,Status_Inquiry_WhereIsMyAccount,22,8.5
TCK-4001256,APP-1005574,Email_Helpdesk,Status_Inquiry_WhereIsMyAccount,22,12.0
TCK-4001257,APP-1005580,In_App_Chat,Status_Inquiry_WhereIsMyAccount,19,8.5
TCK-4001258,APP-1005584,In_App_Chat,Status_Inquiry_WhereIsMyAccount,5,8.5
TCK-4001259,APP-1005588,In_App_Chat,General_Clarification,42,8.5
TCK-4001260,APP-1005600,In_App_Chat,Status_Inquiry_WhereIsMyAccount,26,8.5
TCK-4001261,APP-1005604,Email_Helpdesk,Status_Inquiry_WhereIsMyAccount,7,12.0
TCK-4001262,APP-1005605,In_App_Chat,Status_Inquiry_WhereIsMyAccount,36,8.5
TCK-4001263,APP-1005623,Phone_IVR,Status_Inquiry_WhereIsMyAccount,11,18.0
TCK-4001264,APP-1005624,Phone_IVR,Status_Inquiry_WhereIsMyAccount,16,18.0
TCK-4001265,APP-1005628,Phone_IVR,Status_Inquiry_WhereIsMyAccount,7,18.0
TCK-4001266,APP-1005631,In_App_Chat,Status_Inquiry_WhereIsMyAccount,29,8.5
TCK-4001267,APP-1005633,In_App_Chat,Status_Inquiry_WhereIsMyAccount,35,8.5
TCK-4001268,APP-1005636,In_App_Chat,Status_Inquiry_WhereIsMyAccount,28,8.5
TCK-4001269,APP-1005642,Email_Helpdesk,Status_Inquiry_WhereIsMyAccount,29,12.0
TCK-4001270,APP-1005646,In_App_Chat,Status_Inquiry_WhereIsMyAccount,7,8.5
TCK-4001271,APP-1005647,Phone_IVR,Status_Inquiry_WhereIsMyAccount,39,18.0
TCK-4001272,APP-1005653,In_App_Chat,Status_Inquiry_WhereIsMyAccount,37,8.5
TCK-4001273,APP-1005655,Email_Helpdesk,Document_Upload_Failure,28,12.0
TCK-4001274,APP-1005667,In_App_Chat,Status_Inquiry_WhereIsMyAccount,21,8.5
TCK-4001275,APP-1005680,Email_Helpdesk,Status_Inquiry_WhereIsMyAccount,13,12.0
TCK-4001276,APP-1005687,In_App_Chat,Status_Inquiry_WhereIsMyAccount,30,8.5
TCK-4001277,APP-1005690,In_App_Chat,Status_Inquiry_WhereIsMyAccount,9,8.5
TCK-4001278,APP-1005693,In_App_Chat,Status_Inquiry_WhereIsMyAccount,26,8.5
TCK-4001279,APP-1005696,In_App_Chat,Document_Upload_Failure,13,8.5
TCK-4001280,APP-1005701,Phone_IVR,Status_Inquiry_WhereIsMyAccount,11,18.0
TCK-4001281,APP-1005702,In_App_Chat,Status_Inquiry_WhereIsMyAccount,38,8.5
TCK-4001282,APP-1005710,Email_Helpdesk,Status_Inquiry_WhereIsMyAccount,25,12.0
TCK-4001283,APP-1005717,In_App_Chat,Status_Inquiry_WhereIsMyAccount,13,8.5
TCK-4001284,APP-1005718,In_App_Chat,Status_Inquiry_WhereIsMyAccount,8,8.5
TCK-4001285,APP-1005730,In_App_Chat,Status_Inquiry_WhereIsMyAccount,28,8.5
TCK-4001286,APP-1005735,Phone_IVR,General_Clarification,36,18.0
TCK-4001287,APP-1005738,In_App_Chat,Status_Inquiry_WhereIsMyAccount,32,8.5
TCK-4001288,APP-1005743,Email_Helpdesk,Status_Inquiry_WhereIsMyAccount,40,12.0
TCK-4001289,APP-1005747,Phone_IVR,Status_Inquiry_WhereIsMyAccount,38,18.0
TCK-4001290,APP-1005750,Phone_IVR,Document_Upload_Failure,29,18.0
TCK-4001291,APP-1005753,In_App_Chat,Document_Upload_Failure,41,8.5
TCK-4001292,APP-1005758,In_App_Chat,Document_Upload_Failure,24,8.5
TCK-4001293,APP-1005760,In_App_Chat,Status_Inquiry_WhereIsMyAccount,14,8.5
TCK-4001294,APP-1005766,Phone_IVR,Document_Upload_Failure,19,18.0
TCK-4001295,APP-1005772,In_App_Chat,Status_Inquiry_WhereIsMyAccount,39,8.5
TCK-4001296,APP-1005776,In_App_Chat,Status_Inquiry_WhereIsMyAccount,44,8.5
TCK-4001297,APP-1005784,Email_Helpdesk,Status_Inquiry_WhereIsMyAccount,39,12.0
TCK-4001298,APP-1005786,Phone_IVR,Status_Inquiry_WhereIsMyAccount,22,18.0
TCK-4001299,APP-1005796,In_App_Chat,Status_Inquiry_WhereIsMyAccount,42,8.5
TCK-4001300,APP-1005799,In_App_Chat,Status_Inquiry_WhereIsMyAccount,42,8.5
TCK-4001301,APP-1005803,In_App_Chat,Status_Inquiry_WhereIsMyAccount,26,8.5
TCK-4001302,APP-1005806,In_App_Chat,Status_Inquiry_WhereIsMyAccount,17,8.5
TCK-4001303,APP-1005812,Phone_IVR,Status_Inquiry_WhereIsMyAccount,26,18.0
TCK-4001304,APP-1005817,Email_Helpdesk,Status_Inquiry_WhereIsMyAccount,24,12.0
TCK-4001305,APP-1005818,In_App_Chat,Status_Inquiry_WhereIsMyAccount,24,8.5
TCK-4001306,APP-1005822,In_App_Chat,Status_Inquiry_WhereIsMyAccount,22,8.5
TCK-4001307,APP-1005829,In_App_Chat,Status_Inquiry_WhereIsMyAccount,19,8.5
TCK-4001308,APP-1005830,In_App_Chat,Status_Inquiry_WhereIsMyAccount,11,8.5
TCK-4001309,APP-1005832,In_App_Chat,Status_Inquiry_WhereIsMyAccount,9,8.5
TCK-4001310,APP-1005833,Phone_IVR,Status_Inquiry_WhereIsMyAccount,31,18.0
TCK-4001311,APP-1005835,In_App_Chat,Status_Inquiry_WhereIsMyAccount,33,8.5
TCK-4001312,APP-1005836,In_App_Chat,Status_Inquiry_WhereIsMyAccount,23,8.5
TCK-4001313,APP-1005838,Email_Helpdesk,Status_Inquiry_WhereIsMyAccount,25,12.0
TCK-4001314,APP-1005840,Phone_IVR,Status_Inquiry_WhereIsMyAccount,6,18.0
TCK-4001315,APP-1005841,In_App_Chat,General_Clarification,27,8.5
TCK-4001316,APP-1005845,Email_Helpdesk,Status_Inquiry_WhereIsMyAccount,21,12.0
TCK-4001317,APP-1005848,Email_Helpdesk,General_Clarification,36,12.0
TCK-4001318,APP-1005849,In_App_Chat,Status_Inquiry_WhereIsMyAccount,27,8.5
TCK-4001319,APP-1005852,In_App_Chat,Status_Inquiry_WhereIsMyAccount,11,8.5
TCK-4001320,APP-1005864,Email_Helpdesk,Status_Inquiry_WhereIsMyAccount,39,12.0
TCK-4001321,APP-1005870,Phone_IVR,Status_Inquiry_WhereIsMyAccount,32,18.0
TCK-4001322,APP-1005875,Phone_IVR,Status_Inquiry_WhereIsMyAccount,23,18.0
TCK-4001323,APP-1005877,In_App_Chat,Status_Inquiry_WhereIsMyAccount,11,8.5
TCK-4001324,APP-1005888,Email_Helpdesk,General_Clarification,44,12.0
TCK-4001325,APP-1005889,In_App_Chat,Status_Inquiry_WhereIsMyAccount,40,8.5
TCK-4001326,APP-1005894,Phone_IVR,Status_Inquiry_WhereIsMyAccount,21,18.0
TCK-4001327,APP-1005896,In_App_Chat,Status_Inquiry_WhereIsMyAccount,21,8.5
TCK-4001328,APP-1005897,Phone_IVR,Status_Inquiry_WhereIsMyAccount,30,18.0
TCK-4001329,APP-1005903,In_App_Chat,Status_Inquiry_WhereIsMyAccount,34,8.5
TCK-4001330,APP-1005907,In_App_Chat,Status_Inquiry_WhereIsMyAccount,17,8.5
TCK-4001331,APP-1005909,Phone_IVR,General_Clarification,44,18.0
TCK-4001332,APP-1005911,In_App_Chat,Status_Inquiry_WhereIsMyAccount,34,8.5
TCK-4001333,APP-1005912,In_App_Chat,Status_Inquiry_WhereIsMyAccount,21,8.5
TCK-4001334,APP-1005915,In_App_Chat,Document_Upload_Failure,22,8.5
TCK-4001335,APP-1005916,Email_Helpdesk,Status_Inquiry_WhereIsMyAccount,11,12.0
TCK-4001336,APP-1005918,In_App_Chat,Status_Inquiry_WhereIsMyAccount,16,8.5
TCK-4001337,APP-1005920,In_App_Chat,Status_Inquiry_WhereIsMyAccount,7,8.5
TCK-4001338,APP-1005921,In_App_Chat,Status_Inquiry_WhereIsMyAccount,29,8.5
TCK-4001339,APP-1005934,Email_Helpdesk,General_Clarification,23,12.0
TCK-4001340,APP-1005935,In_App_Chat,Status_Inquiry_WhereIsMyAccount,30,8.5
TCK-4001341,APP-1005943,Phone_IVR,Status_Inquiry_WhereIsMyAccount,13,18.0
TCK-4001342,APP-1005946,In_App_Chat,Status_Inquiry_WhereIsMyAccount,29,8.5
TCK-4001343,APP-1005947,In_App_Chat,Status_Inquiry_WhereIsMyAccount,44,8.5
TCK-4001344,APP-1005950,Phone_IVR,Status_Inquiry_WhereIsMyAccount,40,18.0
TCK-4001345,APP-1005951,In_App_Chat,Status_Inquiry_WhereIsMyAccount,41,8.5
TCK-4001346,APP-1005957,In_App_Chat,General_Clarification,21,8.5
TCK-4001347,APP-1005959,In_App_Chat,Status_Inquiry_WhereIsMyAccount,15,8.5
TCK-4001348,APP-1005961,Email_Helpdesk,General_Clarification,33,12.0
TCK-4001349,APP-1005965,In_App_Chat,Status_Inquiry_WhereIsMyAccount,34,8.5
TCK-4001350,APP-1005966,Email_Helpdesk,Status_Inquiry_WhereIsMyAccount,13,12.0
TCK-4001351,APP-1005973,In_App_Chat,Status_Inquiry_WhereIsMyAccount,41,8.5
TCK-4001352,APP-1005978,Phone_IVR,Status_Inquiry_WhereIsMyAccount,8,18.0
TCK-4001353,APP-1005982,In_App_Chat,Status_Inquiry_WhereIsMyAccount,27,8.5
TCK-4001354,APP-1005996,Phone_IVR,Status_Inquiry_WhereIsMyAccount,32,18.0
TCK-4001355,APP-1006010,Email_Helpdesk,Status_Inquiry_WhereIsMyAccount,34,12.0
TCK-4001356,APP-1006013,Phone_IVR,Status_Inquiry_WhereIsMyAccount,37,18.0
TCK-4001357,APP-1006026,Phone_IVR,Status_Inquiry_WhereIsMyAccount,12,18.0
TCK-4001358,APP-1006028,Email_Helpdesk,Status_Inquiry_WhereIsMyAccount,18,12.0
TCK-4001359,APP-1006032,Email_Helpdesk,Status_Inquiry_WhereIsMyAccount,11,12.0
TCK-4001360,APP-1006042,Phone_IVR,Document_Upload_Failure,21,18.0
TCK-4001361,APP-1006050,In_App_Chat,Status_Inquiry_WhereIsMyAccount,27,8.5
TCK-4001362,APP-1006052,Email_Helpdesk,Status_Inquiry_WhereIsMyAccount,34,12.0
TCK-4001363,APP-1006063,Email_Helpdesk,Status_Inquiry_WhereIsMyAccount,40,12.0
TCK-4001364,APP-1006067,In_App_Chat,Status_Inquiry_WhereIsMyAccount,15,8.5
TCK-4001365,APP-1006069,Email_Helpdesk,Status_Inquiry_WhereIsMyAccount,21,12.0
TCK-4001366,APP-1006078,Email_Helpdesk,General_Clarification,43,12.0
TCK-4001367,APP-1006085,Phone_IVR,Status_Inquiry_WhereIsMyAccount,7,18.0
TCK-4001368,APP-1006087,Email_Helpdesk,Status_Inquiry_WhereIsMyAccount,19,12.0
TCK-4001369,APP-1006091,In_App_Chat,Status_Inquiry_WhereIsMyAccount,15,8.5
TCK-4001370,APP-1006095,In_App_Chat,Status_Inquiry_WhereIsMyAccount,11,8.5
TCK-4001371,APP-1006107,In_App_Chat,Status_Inquiry_WhereIsMyAccount,5,8.5
TCK-4001372,APP-1006114,In_App_Chat,General_Clarification,10,8.5
TCK-4001373,APP-1006117,Phone_IVR,Status_Inquiry_WhereIsMyAccount,26,18.0
TCK-4001374,APP-1006121,Phone_IVR,Status_Inquiry_WhereIsMyAccount,6,18.0
TCK-4001375,APP-1006123,In_App_Chat,Status_Inquiry_WhereIsMyAccount,16,8.5
TCK-4001376,APP-1006125,Phone_IVR,Status_Inquiry_WhereIsMyAccount,31,18.0
TCK-4001377,APP-1006129,Email_Helpdesk,General_Clarification,35,12.0
TCK-4001378,APP-1006134,In_App_Chat,Status_Inquiry_WhereIsMyAccount,32,8.5
TCK-4001379,APP-1006135,In_App_Chat,Status_Inquiry_WhereIsMyAccount,24,8.5
TCK-4001380,APP-1006138,Phone_IVR,Status_Inquiry_WhereIsMyAccount,39,18.0
TCK-4001381,APP-1006139,In_App_Chat,General_Clarification,41,8.5
TCK-4001382,APP-1006140,In_App_Chat,Status_Inquiry_WhereIsMyAccount,31,8.5
TCK-4001383,APP-1006145,In_App_Chat,Status_Inquiry_WhereIsMyAccount,12,8.5
TCK-4001384,APP-1006149,In_App_Chat,Status_Inquiry_WhereIsMyAccount,11,8.5
TCK-4001385,APP-1006151,Email_Helpdesk,Document_Upload_Failure,27,12.0
TCK-4001386,APP-1006158,Email_Helpdesk,Status_Inquiry_WhereIsMyAccount,28,12.0
TCK-4001387,APP-1006164,In_App_Chat,Status_Inquiry_WhereIsMyAccount,11,8.5
TCK-4001388,APP-1006169,Phone_IVR,Status_Inquiry_WhereIsMyAccount,27,18.0
TCK-4001389,APP-1006175,Phone_IVR,Status_Inquiry_WhereIsMyAccount,24,18.0
TCK-4001390,APP-1006176,In_App_Chat,Status_Inquiry_WhereIsMyAccount,9,8.5
TCK-4001391,APP-1006177,Email_Helpdesk,Status_Inquiry_WhereIsMyAccount,16,12.0
TCK-4001392,APP-1006178,Phone_IVR,General_Clarification,10,18.0
TCK-4001393,APP-1006179,Email_Helpdesk,Status_Inquiry_WhereIsMyAccount,18,12.0
TCK-4001394,APP-1006180,Phone_IVR,Status_Inquiry_WhereIsMyAccount,16,18.0
TCK-4001395,APP-1006181,In_App_Chat,Status_Inquiry_WhereIsMyAccount,21,8.5
TCK-4001396,APP-1006182,In_App_Chat,Document_Upload_Failure,25,8.5
TCK-4001397,APP-1006184,Phone_IVR,Status_Inquiry_WhereIsMyAccount,14,18.0
TCK-4001398,APP-1006186,Email_Helpdesk,Status_Inquiry_WhereIsMyAccount,18,12.0
TCK-4001399,APP-1006198,Phone_IVR,Status_Inquiry_WhereIsMyAccount,43,18.0
TCK-4001400,APP-1006206,Phone_IVR,Status_Inquiry_WhereIsMyAccount,37,18.0
TCK-4001401,APP-1006213,Email_Helpdesk,Status_Inquiry_WhereIsMyAccount,5,12.0
TCK-4001402,APP-1006214,In_App_Chat,General_Clarification,8,8.5
TCK-4001403,APP-1006226,Phone_IVR,Status_Inquiry_WhereIsMyAccount,28,18.0
TCK-4001404,APP-1006227,In_App_Chat,Status_Inquiry_WhereIsMyAccount,34,8.5
TCK-4001405,APP-1006237,In_App_Chat,Status_Inquiry_WhereIsMyAccount,11,8.5
TCK-4001406,APP-1006239,Email_Helpdesk,Status_Inquiry_WhereIsMyAccount,10,12.0
TCK-4001407,APP-1006241,Phone_IVR,Status_Inquiry_WhereIsMyAccount,23,18.0
TCK-4001408,APP-1006245,Phone_IVR,Status_Inquiry_WhereIsMyAccount,13,18.0
TCK-4001409,APP-1006249,Phone_IVR,Status_Inquiry_WhereIsMyAccount,40,18.0
TCK-4001410,APP-1006250,Phone_IVR,General_Clarification,8,18.0
TCK-4001411,APP-1006259,Email_Helpdesk,Status_Inquiry_WhereIsMyAccount,39,12.0
TCK-4001412,APP-1006264,Phone_IVR,Document_Upload_Failure,18,18.0
TCK-4001413,APP-1006268,In_App_Chat,Status_Inquiry_WhereIsMyAccount,18,8.5
TCK-4001414,APP-1006273,Phone_IVR,Status_Inquiry_WhereIsMyAccount,17,18.0
TCK-4001415,APP-1006274,In_App_Chat,Status_Inquiry_WhereIsMyAccount,32,8.5
TCK-4001416,APP-1006276,Phone_IVR,Status_Inquiry_WhereIsMyAccount,6,18.0
TCK-4001417,APP-1006278,Email_Helpdesk,Status_Inquiry_WhereIsMyAccount,12,12.0
TCK-4001418,APP-1006280,Phone_IVR,Status_Inquiry_WhereIsMyAccount,16,18.0
TCK-4001419,APP-1006281,Phone_IVR,Status_Inquiry_WhereIsMyAccount,42,18.0
TCK-4001420,APP-1006282,Phone_IVR,Status_Inquiry_WhereIsMyAccount,33,18.0
TCK-4001421,APP-1006283,In_App_Chat,Document_Upload_Failure,22,8.5
TCK-4001422,APP-1006284,Phone_IVR,Status_Inquiry_WhereIsMyAccount,38,18.0
TCK-4001423,APP-1006291,In_App_Chat,Status_Inquiry_WhereIsMyAccount,22,8.5
TCK-4001424,APP-1006301,In_App_Chat,Status_Inquiry_WhereIsMyAccount,15,8.5
TCK-4001425,APP-1006302,In_App_Chat,Status_Inquiry_WhereIsMyAccount,5,8.5
TCK-4001426,APP-1006305,In_App_Chat,Status_Inquiry_WhereIsMyAccount,18,8.5
TCK-4001427,APP-1006316,In_App_Chat,Status_Inquiry_WhereIsMyAccount,31,8.5
TCK-4001428,APP-1006317,Email_Helpdesk,Document_Upload_Failure,17,12.0
TCK-4001429,APP-1006325,In_App_Chat,Status_Inquiry_WhereIsMyAccount,7,8.5
TCK-4001430,APP-1006329,In_App_Chat,General_Clarification,16,8.5
TCK-4001431,APP-1006330,Email_Helpdesk,Status_Inquiry_WhereIsMyAccount,30,12.0
TCK-4001432,APP-1006332,Phone_IVR,Status_Inquiry_WhereIsMyAccount,15,18.0
TCK-4001433,APP-1006334,In_App_Chat,Status_Inquiry_WhereIsMyAccount,39,8.5
TCK-4001434,APP-1006337,In_App_Chat,Status_Inquiry_WhereIsMyAccount,18,8.5
TCK-4001435,APP-1006338,In_App_Chat,Status_Inquiry_WhereIsMyAccount,17,8.5
TCK-4001436,APP-1006343,Phone_IVR,General_Clarification,26,18.0
TCK-4001437,APP-1006345,In_App_Chat,Status_Inquiry_WhereIsMyAccount,38,8.5
TCK-4001438,APP-1006346,In_App_Chat,Status_Inquiry_WhereIsMyAccount,15,8.5
TCK-4001439,APP-1006349,Phone_IVR,Status_Inquiry_WhereIsMyAccount,12,18.0
TCK-4001440,APP-1006364,Email_Helpdesk,Status_Inquiry_WhereIsMyAccount,39,12.0
TCK-4001441,APP-1006365,Phone_IVR,Status_Inquiry_WhereIsMyAccount,44,18.0
TCK-4001442,APP-1006368,In_App_Chat,Status_Inquiry_WhereIsMyAccount,43,8.5
TCK-4001443,APP-1006382,Email_Helpdesk,Status_Inquiry_WhereIsMyAccount,16,12.0
TCK-4001444,APP-1006384,Phone_IVR,Status_Inquiry_WhereIsMyAccount,39,18.0
TCK-4001445,APP-1006388,In_App_Chat,General_Clarification,41,8.5
TCK-4001446,APP-1006397,In_App_Chat,Status_Inquiry_WhereIsMyAccount,18,8.5
TCK-4001447,APP-1006399,In_App_Chat,Status_Inquiry_WhereIsMyAccount,30,8.5
TCK-4001448,APP-1006407,Email_Helpdesk,Status_Inquiry_WhereIsMyAccount,8,12.0
TCK-4001449,APP-1006413,In_App_Chat,Status_Inquiry_WhereIsMyAccount,5,8.5
TCK-4001450,APP-1006415,In_App_Chat,Document_Upload_Failure,39,8.5
TCK-4001451,APP-1006418,Phone_IVR,Document_Upload_Failure,18,18.0
TCK-4001452,APP-1006420,Phone_IVR,Status_Inquiry_WhereIsMyAccount,36,18.0
TCK-4001453,APP-1006422,Phone_IVR,Status_Inquiry_WhereIsMyAccount,43,18.0
TCK-4001454,APP-1006429,Phone_IVR,Status_Inquiry_WhereIsMyAccount,38,18.0
TCK-4001455,APP-1006430,Phone_IVR,Status_Inquiry_WhereIsMyAccount,37,18.0
TCK-4001456,APP-1006431,Phone_IVR,Status_Inquiry_WhereIsMyAccount,11,18.0
TCK-4001457,APP-1006434,Phone_IVR,Status_Inquiry_WhereIsMyAccount,6,18.0
TCK-4001458,APP-1006435,In_App_Chat,Status_Inquiry_WhereIsMyAccount,38,8.5
TCK-4001459,APP-1006444,In_App_Chat,Status_Inquiry_WhereIsMyAccount,26,8.5
TCK-4001460,APP-1006446,Phone_IVR,Document_Upload_Failure,36,18.0
TCK-4001461,APP-1006449,Phone_IVR,Status_Inquiry_WhereIsMyAccount,30,18.0
TCK-4001462,APP-1006451,Phone_IVR,Status_Inquiry_WhereIsMyAccount,7,18.0
TCK-4001463,APP-1006459,Phone_IVR,General_Clarification,15,18.0
TCK-4001464,APP-1006466,Phone_IVR,Status_Inquiry_WhereIsMyAccount,33,18.0
TCK-4001465,APP-1006467,In_App_Chat,Status_Inquiry_WhereIsMyAccount,43,8.5
TCK-4001466,APP-1006475,Phone_IVR,Status_Inquiry_WhereIsMyAccount,27,18.0
TCK-4001467,APP-1006481,Phone_IVR,Status_Inquiry_WhereIsMyAccount,34,18.0
TCK-4001468,APP-1006482,In_App_Chat,Status_Inquiry_WhereIsMyAccount,34,8.5
TCK-4001469,APP-1006493,Email_Helpdesk,Status_Inquiry_WhereIsMyAccount,7,12.0
TCK-4001470,APP-1006501,In_App_Chat,Status_Inquiry_WhereIsMyAccount,34,8.5
TCK-4001471,APP-1006504,In_App_Chat,Status_Inquiry_WhereIsMyAccount,34,8.5
TCK-4001472,APP-1006506,Phone_IVR,Document_Upload_Failure,44,18.0
TCK-4001473,APP-1006509,Email_Helpdesk,Status_Inquiry_WhereIsMyAccount,34,12.0
TCK-4001474,APP-1006530,Phone_IVR,Status_Inquiry_WhereIsMyAccount,33,18.0
TCK-4001475,APP-1006532,In_App_Chat,Status_Inquiry_WhereIsMyAccount,40,8.5
TCK-4001476,APP-1006536,Phone_IVR,Status_Inquiry_WhereIsMyAccount,5,18.0
TCK-4001477,APP-1006539,Phone_IVR,Status_Inquiry_WhereIsMyAccount,14,18.0
TCK-4001478,APP-1006544,Phone_IVR,Status_Inquiry_WhereIsMyAccount,13,18.0
TCK-4001479,APP-1006556,Phone_IVR,Status_Inquiry_WhereIsMyAccount,39,18.0
TCK-4001480,APP-1006557,Email_Helpdesk,Status_Inquiry_WhereIsMyAccount,38,12.0
TCK-4001481,APP-1006563,Email_Helpdesk,Document_Upload_Failure,31,12.0
TCK-4001482,APP-1006569,In_App_Chat,Status_Inquiry_WhereIsMyAccount,14,8.5
TCK-4001483,APP-1006571,In_App_Chat,Status_Inquiry_WhereIsMyAccount,24,8.5
TCK-4001484,APP-1006572,In_App_Chat,Status_Inquiry_WhereIsMyAccount,38,8.5
TCK-4001485,APP-1006573,Email_Helpdesk,Status_Inquiry_WhereIsMyAccount,42,12.0
TCK-4001486,APP-1006574,Phone_IVR,Status_Inquiry_WhereIsMyAccount,29,18.0
TCK-4001487,APP-1006576,In_App_Chat,General_Clarification,22,8.5
TCK-4001488,APP-1006580,In_App_Chat,Document_Upload_Failure,42,8.5
TCK-4001489,APP-1006587,Phone_IVR,General_Clarification,11,18.0
TCK-4001490,APP-1006588,Email_Helpdesk,General_Clarification,39,12.0
TCK-4001491,APP-1006594,Phone_IVR,Status_Inquiry_WhereIsMyAccount,6,18.0
TCK-4001492,APP-1006597,Phone_IVR,Status_Inquiry_WhereIsMyAccount,28,18.0
TCK-4001493,APP-1006608,Phone_IVR,Status_Inquiry_WhereIsMyAccount,14,18.0
TCK-4001494,APP-1006611,Email_Helpdesk,Status_Inquiry_WhereIsMyAccount,15,12.0
TCK-4001495,APP-1006615,Email_Helpdesk,Status_Inquiry_WhereIsMyAccount,29,12.0
TCK-4001496,APP-1006616,In_App_Chat,Status_Inquiry_WhereIsMyAccount,26,8.5
TCK-4001497,APP-1006617,In_App_Chat,Status_Inquiry_WhereIsMyAccount,13,8.5
TCK-4001498,APP-1006623,Phone_IVR,Status_Inquiry_WhereIsMyAccount,17,18.0
TCK-4001499,APP-1006625,Phone_IVR,Status_Inquiry_WhereIsMyAccount,16,18.0
TCK-4001500,APP-1006626,Phone_IVR,Document_Upload_Failure,5,18.0
TCK-4001501,APP-1006633,Email_Helpdesk,Status_Inquiry_WhereIsMyAccount,26,12.0
TCK-4001502,APP-1006635,Phone_IVR,Status_Inquiry_WhereIsMyAccount,26,18.0
TCK-4001503,APP-1006637,Phone_IVR,Status_Inquiry_WhereIsMyAccount,9,18.0
TCK-4001504,APP-1006641,In_App_Chat,Status_Inquiry_WhereIsMyAccount,42,8.5
TCK-4001505,APP-1006642,In_App_Chat,Status_Inquiry_WhereIsMyAccount,19,8.5
TCK-4001506,APP-1006646,In_App_Chat,Status_Inquiry_WhereIsMyAccount,15,8.5
TCK-4001507,APP-1006660,In_App_Chat,Status_Inquiry_WhereIsMyAccount,37,8.5
TCK-4001508,APP-1006663,In_App_Chat,Status_Inquiry_WhereIsMyAccount,39,8.5
TCK-4001509,APP-1006668,In_App_Chat,General_Clarification,11,8.5
TCK-4001510,APP-1006674,Phone_IVR,Status_Inquiry_WhereIsMyAccount,30,18.0
TCK-4001511,APP-1006682,Email_Helpdesk,Status_Inquiry_WhereIsMyAccount,41,12.0
TCK-4001512,APP-1006683,Email_Helpdesk,Status_Inquiry_WhereIsMyAccount,6,12.0
TCK-4001513,APP-1006684,Email_Helpdesk,Status_Inquiry_WhereIsMyAccount,6,12.0
TCK-4001514,APP-1006691,Phone_IVR,Status_Inquiry_WhereIsMyAccount,37,18.0
TCK-4001515,APP-1006696,In_App_Chat,Status_Inquiry_WhereIsMyAccount,35,8.5
TCK-4001516,APP-1006702,In_App_Chat,Status_Inquiry_WhereIsMyAccount,5,8.5
TCK-4001517,APP-1006703,In_App_Chat,Status_Inquiry_WhereIsMyAccount,11,8.5
TCK-4001518,APP-1006708,In_App_Chat,Status_Inquiry_WhereIsMyAccount,5,8.5
TCK-4001519,APP-1006712,In_App_Chat,Status_Inquiry_WhereIsMyAccount,8,8.5
TCK-4001520,APP-1006713,In_App_Chat,General_Clarification,36,8.5
TCK-4001521,APP-1006716,Phone_IVR,Status_Inquiry_WhereIsMyAccount,18,18.0
TCK-4001522,APP-1006717,In_App_Chat,Status_Inquiry_WhereIsMyAccount,7,8.5
TCK-4001523,APP-1006718,Email_Helpdesk,Status_Inquiry_WhereIsMyAccount,27,12.0
TCK-4001524,APP-1006722,In_App_Chat,Status_Inquiry_WhereIsMyAccount,41,8.5
TCK-4001525,APP-1006723,Phone_IVR,Status_Inquiry_WhereIsMyAccount,8,18.0
TCK-4001526,APP-1006726,In_App_Chat,General_Clarification,7,8.5
TCK-4001527,APP-1006729,Email_Helpdesk,Status_Inquiry_WhereIsMyAccount,8,12.0
TCK-4001528,APP-1006731,In_App_Chat,Status_Inquiry_WhereIsMyAccount,44,8.5
TCK-4001529,APP-1006732,Phone_IVR,Status_Inquiry_WhereIsMyAccount,20,18.0
TCK-4001530,APP-1006734,Email_Helpdesk,Status_Inquiry_WhereIsMyAccount,36,12.0
TCK-4001531,APP-1006742,In_App_Chat,Status_Inquiry_WhereIsMyAccount,38,8.5
TCK-4001532,APP-1006754,Phone_IVR,Status_Inquiry_WhereIsMyAccount,20,18.0
TCK-4001533,APP-1006756,In_App_Chat,Status_Inquiry_WhereIsMyAccount,16,8.5
TCK-4001534,APP-1006758,In_App_Chat,Status_Inquiry_WhereIsMyAccount,42,8.5
TCK-4001535,APP-1006760,Email_Helpdesk,Status_Inquiry_WhereIsMyAccount,12,12.0
TCK-4001536,APP-1006763,Email_Helpdesk,Status_Inquiry_WhereIsMyAccount,30,12.0
TCK-4001537,APP-1006769,In_App_Chat,Status_Inquiry_WhereIsMyAccount,13,8.5
TCK-4001538,APP-1006780,In_App_Chat,General_Clarification,20,8.5
TCK-4001539,APP-1006782,In_App_Chat,Status_Inquiry_WhereIsMyAccount,43,8.5
TCK-4001540,APP-1006783,Phone_IVR,Status_Inquiry_WhereIsMyAccount,21,18.0
TCK-4001541,APP-1006784,Phone_IVR,Status_Inquiry_WhereIsMyAccount,14,18.0
TCK-4001542,APP-1006786,Phone_IVR,Status_Inquiry_WhereIsMyAccount,42,18.0
TCK-4001543,APP-1006791,In_App_Chat,Status_Inquiry_WhereIsMyAccount,34,8.5
TCK-4001544,APP-1006793,Email_Helpdesk,Status_Inquiry_WhereIsMyAccount,38,12.0
TCK-4001545,APP-1006798,Phone_IVR,Status_Inquiry_WhereIsMyAccount,28,18.0
TCK-4001546,APP-1006799,In_App_Chat,General_Clarification,43,8.5
TCK-4001547,APP-1006801,In_App_Chat,Status_Inquiry_WhereIsMyAccount,22,8.5
TCK-4001548,APP-1006805,Email_Helpdesk,Status_Inquiry_WhereIsMyAccount,8,12.0
TCK-4001549,APP-1006813,Email_Helpdesk,Status_Inquiry_WhereIsMyAccount,40,12.0
TCK-4001550,APP-1006820,Phone_IVR,Status_Inquiry_WhereIsMyAccount,16,18.0
TCK-4001551,APP-1006823,Phone_IVR,Status_Inquiry_WhereIsMyAccount,26,18.0
TCK-4001552,APP-1006825,In_App_Chat,Status_Inquiry_WhereIsMyAccount,40,8.5
TCK-4001553,APP-1006826,In_App_Chat,General_Clarification,18,8.5
TCK-4001554,APP-1006829,In_App_Chat,Status_Inquiry_WhereIsMyAccount,7,8.5
TCK-4001555,APP-1006832,In_App_Chat,General_Clarification,36,8.5
TCK-4001556,APP-1006842,In_App_Chat,Status_Inquiry_WhereIsMyAccount,38,8.5
TCK-4001557,APP-1006843,In_App_Chat,Status_Inquiry_WhereIsMyAccount,34,8.5
TCK-4001558,APP-1006845,Email_Helpdesk,Status_Inquiry_WhereIsMyAccount,26,12.0
TCK-4001559,APP-1006857,Phone_IVR,Status_Inquiry_WhereIsMyAccount,11,18.0
TCK-4001560,APP-1006862,In_App_Chat,Status_Inquiry_WhereIsMyAccount,17,8.5
TCK-4001561,APP-1006863,In_App_Chat,Status_Inquiry_WhereIsMyAccount,10,8.5
TCK-4001562,APP-1006865,In_App_Chat,Status_Inquiry_WhereIsMyAccount,30,8.5
TCK-4001563,APP-1006877,In_App_Chat,Status_Inquiry_WhereIsMyAccount,8,8.5
TCK-4001564,APP-1006878,In_App_Chat,Status_Inquiry_WhereIsMyAccount,30,8.5
TCK-4001565,APP-1006879,Email_Helpdesk,Status_Inquiry_WhereIsMyAccount,19,12.0
TCK-4001566,APP-1006882,In_App_Chat,Status_Inquiry_WhereIsMyAccount,31,8.5
TCK-4001567,APP-1006883,In_App_Chat,Status_Inquiry_WhereIsMyAccount,7,8.5
TCK-4001568,APP-1006884,Phone_IVR,Status_Inquiry_WhereIsMyAccount,9,18.0
TCK-4001569,APP-1006885,Email_Helpdesk,Status_Inquiry_WhereIsMyAccount,14,12.0
TCK-4001570,APP-1006886,Email_Helpdesk,Status_Inquiry_WhereIsMyAccount,6,12.0
TCK-4001571,APP-1006887,Phone_IVR,Status_Inquiry_WhereIsMyAccount,26,18.0
TCK-4001572,APP-1006889,In_App_Chat,Document_Upload_Failure,10,8.5
TCK-4001573,APP-1006891,In_App_Chat,Document_Upload_Failure,25,8.5
TCK-4001574,APP-1006898,Phone_IVR,Status_Inquiry_WhereIsMyAccount,9,18.0
TCK-4001575,APP-1006899,Phone_IVR,Status_Inquiry_WhereIsMyAccount,32,18.0
TCK-4001576,APP-1006902,In_App_Chat,Status_Inquiry_WhereIsMyAccount,17,8.5
TCK-4001577,APP-1006904,In_App_Chat,Status_Inquiry_WhereIsMyAccount,21,8.5
TCK-4001578,APP-1006906,In_App_Chat,Status_Inquiry_WhereIsMyAccount,19,8.5
TCK-4001579,APP-1006910,In_App_Chat,Status_Inquiry_WhereIsMyAccount,6,8.5
TCK-4001580,APP-1006915,Phone_IVR,General_Clarification,30,18.0
TCK-4001581,APP-1006917,Phone_IVR,Status_Inquiry_WhereIsMyAccount,30,18.0
TCK-4001582,APP-1006925,In_App_Chat,Status_Inquiry_WhereIsMyAccount,21,8.5
TCK-4001583,APP-1006930,In_App_Chat,Status_Inquiry_WhereIsMyAccount,16,8.5
TCK-4001584,APP-1006931,In_App_Chat,Status_Inquiry_WhereIsMyAccount,24,8.5
TCK-4001585,APP-1006936,Phone_IVR,Status_Inquiry_WhereIsMyAccount,31,18.0
TCK-4001586,APP-1006938,In_App_Chat,Status_Inquiry_WhereIsMyAccount,10,8.5
TCK-4001587,APP-1006939,Email_Helpdesk,Status_Inquiry_WhereIsMyAccount,32,12.0
TCK-4001588,APP-1006953,In_App_Chat,Status_Inquiry_WhereIsMyAccount,15,8.5
TCK-4001589,APP-1006958,Phone_IVR,Status_Inquiry_WhereIsMyAccount,39,18.0
TCK-4001590,APP-1006962,Email_Helpdesk,Status_Inquiry_WhereIsMyAccount,39,12.0
TCK-4001591,APP-1006965,In_App_Chat,Status_Inquiry_WhereIsMyAccount,35,8.5
TCK-4001592,APP-1006968,Phone_IVR,Status_Inquiry_WhereIsMyAccount,14,18.0
TCK-4001593,APP-1006972,In_App_Chat,Status_Inquiry_WhereIsMyAccount,34,8.5
TCK-4001594,APP-1006975,In_App_Chat,Status_Inquiry_WhereIsMyAccount,6,8.5
TCK-4001595,APP-1006979,Phone_IVR,Status_Inquiry_WhereIsMyAccount,17,18.0
TCK-4001596,APP-1006981,In_App_Chat,Status_Inquiry_WhereIsMyAccount,37,8.5
TCK-4001597,APP-1006989,In_App_Chat,General_Clarification,40,8.5
TCK-4001598,APP-1006991,In_App_Chat,General_Clarification,16,8.5
TCK-4001599,APP-1006995,Email_Helpdesk,Status_Inquiry_WhereIsMyAccount,9,12.0
TCK-4001600,APP-1006996,In_App_Chat,Status_Inquiry_WhereIsMyAccount,34,8.5
TCK-4001601,APP-1006998,Email_Helpdesk,Status_Inquiry_WhereIsMyAccount,40,12.0
TCK-4001602,APP-1006999,In_App_Chat,Status_Inquiry_WhereIsMyAccount,19,8.5
TCK-4001603,APP-1007008,In_App_Chat,Status_Inquiry_WhereIsMyAccount,37,8.5
TCK-4001604,APP-1007013,In_App_Chat,Status_Inquiry_WhereIsMyAccount,26,8.5
TCK-4001605,APP-1007014,In_App_Chat,Status_Inquiry_WhereIsMyAccount,29,8.5
TCK-4001606,APP-1007016,In_App_Chat,Status_Inquiry_WhereIsMyAccount,15,8.5
TCK-4001607,APP-1007019,Email_Helpdesk,Document_Upload_Failure,28,12.0
TCK-4001608,APP-1007020,Phone_IVR,Status_Inquiry_WhereIsMyAccount,22,18.0
TCK-4001609,APP-1007023,In_App_Chat,Document_Upload_Failure,31,8.5
TCK-4001610,APP-1007028,In_App_Chat,Status_Inquiry_WhereIsMyAccount,10,8.5
TCK-4001611,APP-1007030,In_App_Chat,Status_Inquiry_WhereIsMyAccount,25,8.5
TCK-4001612,APP-1007033,In_App_Chat,Status_Inquiry_WhereIsMyAccount,36,8.5
TCK-4001613,APP-1007045,In_App_Chat,Status_Inquiry_WhereIsMyAccount,30,8.5
TCK-4001614,APP-1007047,Phone_IVR,Status_Inquiry_WhereIsMyAccount,41,18.0
TCK-4001615,APP-1007049,In_App_Chat,Status_Inquiry_WhereIsMyAccount,39,8.5
TCK-4001616,APP-1007053,Phone_IVR,Status_Inquiry_WhereIsMyAccount,27,18.0
TCK-4001617,APP-1007063,Phone_IVR,Status_Inquiry_WhereIsMyAccount,26,18.0
TCK-4001618,APP-1007085,In_App_Chat,Status_Inquiry_WhereIsMyAccount,39,8.5
TCK-4001619,APP-1007090,In_App_Chat,Status_Inquiry_WhereIsMyAccount,38,8.5
TCK-4001620,APP-1007092,In_App_Chat,Status_Inquiry_WhereIsMyAccount,5,8.5
TCK-4001621,APP-1007103,In_App_Chat,Status_Inquiry_WhereIsMyAccount,17,8.5
TCK-4001622,APP-1007113,In_App_Chat,Status_Inquiry_WhereIsMyAccount,6,8.5
TCK-4001623,APP-1007114,In_App_Chat,Status_Inquiry_WhereIsMyAccount,9,8.5
TCK-4001624,APP-1007116,In_App_Chat,Status_Inquiry_WhereIsMyAccount,10,8.5
TCK-4001625,APP-1007117,In_App_Chat,Status_Inquiry_WhereIsMyAccount,11,8.5
TCK-4001626,APP-1007120,In_App_Chat,Status_Inquiry_WhereIsMyAccount,16,8.5
TCK-4001627,APP-1007121,In_App_Chat,Status_Inquiry_WhereIsMyAccount,8,8.5
TCK-4001628,APP-1007122,In_App_Chat,General_Clarification,6,8.5
TCK-4001629,APP-1007131,In_App_Chat,General_Clarification,34,8.5
TCK-4001630,APP-1007137,Email_Helpdesk,Status_Inquiry_WhereIsMyAccount,31,12.0
TCK-4001631,APP-1007138,In_App_Chat,Status_Inquiry_WhereIsMyAccount,11,8.5
TCK-4001632,APP-1007140,In_App_Chat,Status_Inquiry_WhereIsMyAccount,38,8.5
TCK-4001633,APP-1007141,Phone_IVR,Status_Inquiry_WhereIsMyAccount,43,18.0
TCK-4001634,APP-1007143,Phone_IVR,Status_Inquiry_WhereIsMyAccount,20,18.0
TCK-4001635,APP-1007145,Email_Helpdesk,Status_Inquiry_WhereIsMyAccount,22,12.0
TCK-4001636,APP-1007148,Email_Helpdesk,Status_Inquiry_WhereIsMyAccount,40,12.0
TCK-4001637,APP-1007154,Phone_IVR,Status_Inquiry_WhereIsMyAccount,5,18.0
TCK-4001638,APP-1007159,Phone_IVR,Status_Inquiry_WhereIsMyAccount,25,18.0
TCK-4001639,APP-1007164,Phone_IVR,General_Clarification,33,18.0
TCK-4001640,APP-1007166,In_App_Chat,Status_Inquiry_WhereIsMyAccount,44,8.5
TCK-4001641,APP-1007178,Email_Helpdesk,Status_Inquiry_WhereIsMyAccount,24,12.0
TCK-4001642,APP-1007183,In_App_Chat,Status_Inquiry_WhereIsMyAccount,35,8.5
TCK-4001643,APP-1007184,Phone_IVR,General_Clarification,29,18.0
TCK-4001644,APP-1007191,Email_Helpdesk,Status_Inquiry_WhereIsMyAccount,38,12.0
TCK-4001645,APP-1007192,Phone_IVR,Status_Inquiry_WhereIsMyAccount,26,18.0
TCK-4001646,APP-1007198,In_App_Chat,Status_Inquiry_WhereIsMyAccount,25,8.5
TCK-4001647,APP-1007200,In_App_Chat,Status_Inquiry_WhereIsMyAccount,29,8.5
TCK-4001648,APP-1007205,Phone_IVR,Status_Inquiry_WhereIsMyAccount,34,18.0
TCK-4001649,APP-1007209,In_App_Chat,Document_Upload_Failure,6,8.5
TCK-4001650,APP-1007220,In_App_Chat,General_Clarification,13,8.5
TCK-4001651,APP-1007222,Phone_IVR,Status_Inquiry_WhereIsMyAccount,7,18.0
TCK-4001652,APP-1007225,In_App_Chat,Status_Inquiry_WhereIsMyAccount,42,8.5
TCK-4001653,APP-1007239,Email_Helpdesk,Status_Inquiry_WhereIsMyAccount,9,12.0
TCK-4001654,APP-1007246,Phone_IVR,General_Clarification,18,18.0
TCK-4001655,APP-1007248,In_App_Chat,Status_Inquiry_WhereIsMyAccount,36,8.5
TCK-4001656,APP-1007253,In_App_Chat,Status_Inquiry_WhereIsMyAccount,6,8.5
TCK-4001657,APP-1007264,In_App_Chat,Status_Inquiry_WhereIsMyAccount,24,8.5
TCK-4001658,APP-1007270,Email_Helpdesk,Document_Upload_Failure,8,12.0
TCK-4001659,APP-1007272,Phone_IVR,Status_Inquiry_WhereIsMyAccount,41,18.0
TCK-4001660,APP-1007277,Email_Helpdesk,Status_Inquiry_WhereIsMyAccount,10,12.0
TCK-4001661,APP-1007295,In_App_Chat,Status_Inquiry_WhereIsMyAccount,24,8.5
TCK-4001662,APP-1007296,In_App_Chat,Status_Inquiry_WhereIsMyAccount,24,8.5
TCK-4001663,APP-1007304,In_App_Chat,Status_Inquiry_WhereIsMyAccount,12,8.5
TCK-4001664,APP-1007308,In_App_Chat,Status_Inquiry_WhereIsMyAccount,23,8.5
TCK-4001665,APP-1007313,In_App_Chat,Status_Inquiry_WhereIsMyAccount,26,8.5
TCK-4001666,APP-1007319,Email_Helpdesk,Status_Inquiry_WhereIsMyAccount,24,12.0
TCK-4001667,APP-1007326,Email_Helpdesk,Status_Inquiry_WhereIsMyAccount,10,12.0
TCK-4001668,APP-1007328,In_App_Chat,General_Clarification,16,8.5
TCK-4001669,APP-1007330,Phone_IVR,Status_Inquiry_WhereIsMyAccount,12,18.0
TCK-4001670,APP-1007332,In_App_Chat,Status_Inquiry_WhereIsMyAccount,24,8.5
TCK-4001671,APP-1007333,Phone_IVR,Document_Upload_Failure,20,18.0
TCK-4001672,APP-1007338,In_App_Chat,Status_Inquiry_WhereIsMyAccount,23,8.5
TCK-4001673,APP-1007343,In_App_Chat,Document_Upload_Failure,8,8.5
TCK-4001674,APP-1007345,Phone_IVR,Document_Upload_Failure,19,18.0
TCK-4001675,APP-1007346,In_App_Chat,Status_Inquiry_WhereIsMyAccount,42,8.5
TCK-4001676,APP-1007349,In_App_Chat,Status_Inquiry_WhereIsMyAccount,31,8.5
TCK-4001677,APP-1007353,In_App_Chat,Status_Inquiry_WhereIsMyAccount,6,8.5
TCK-4001678,APP-1007355,In_App_Chat,Status_Inquiry_WhereIsMyAccount,17,8.5
TCK-4001679,APP-1007357,In_App_Chat,Status_Inquiry_WhereIsMyAccount,44,8.5
TCK-4001680,APP-1007364,In_App_Chat,General_Clarification,41,8.5
TCK-4001681,APP-1007365,In_App_Chat,Status_Inquiry_WhereIsMyAccount,7,8.5
TCK-4001682,APP-1007366,Phone_IVR,Status_Inquiry_WhereIsMyAccount,33,18.0
TCK-4001683,APP-1007370,Email_Helpdesk,Status_Inquiry_WhereIsMyAccount,28,12.0
TCK-4001684,APP-1007372,Phone_IVR,Status_Inquiry_WhereIsMyAccount,43,18.0
TCK-4001685,APP-1007373,In_App_Chat,Status_Inquiry_WhereIsMyAccount,33,8.5
TCK-4001686,APP-1007384,Email_Helpdesk,Status_Inquiry_WhereIsMyAccount,26,12.0
TCK-4001687,APP-1007385,In_App_Chat,Status_Inquiry_WhereIsMyAccount,27,8.5
TCK-4001688,APP-1007387,In_App_Chat,Status_Inquiry_WhereIsMyAccount,39,8.5
TCK-4001689,APP-1007389,In_App_Chat,Status_Inquiry_WhereIsMyAccount,20,8.5
TCK-4001690,APP-1007393,In_App_Chat,Status_Inquiry_WhereIsMyAccount,16,8.5
TCK-4001691,APP-1007394,In_App_Chat,Status_Inquiry_WhereIsMyAccount,28,8.5
TCK-4001692,APP-1007401,In_App_Chat,General_Clarification,16,8.5
TCK-4001693,APP-1007408,In_App_Chat,Status_Inquiry_WhereIsMyAccount,23,8.5
TCK-4001694,APP-1007410,In_App_Chat,Document_Upload_Failure,42,8.5
TCK-4001695,APP-1007414,In_App_Chat,Status_Inquiry_WhereIsMyAccount,24,8.5
TCK-4001696,APP-1007415,Email_Helpdesk,Status_Inquiry_WhereIsMyAccount,19,12.0
TCK-4001697,APP-1007417,In_App_Chat,Status_Inquiry_WhereIsMyAccount,27,8.5
TCK-4001698,APP-1007424,Email_Helpdesk,General_Clarification,32,12.0
TCK-4001699,APP-1007430,Email_Helpdesk,Status_Inquiry_WhereIsMyAccount,13,12.0
TCK-4001700,APP-1007441,In_App_Chat,Status_Inquiry_WhereIsMyAccount,7,8.5
TCK-4001701,APP-1007442,In_App_Chat,Status_Inquiry_WhereIsMyAccount,37,8.5
TCK-4001702,APP-1007443,Phone_IVR,Status_Inquiry_WhereIsMyAccount,42,18.0
TCK-4001703,APP-1007447,In_App_Chat,Status_Inquiry_WhereIsMyAccount,13,8.5
TCK-4001704,APP-1007448,Phone_IVR,Status_Inquiry_WhereIsMyAccount,38,18.0
TCK-4001705,APP-1007450,In_App_Chat,Status_Inquiry_WhereIsMyAccount,21,8.5
TCK-4001706,APP-1007452,Phone_IVR,Status_Inquiry_WhereIsMyAccount,5,18.0
TCK-4001707,APP-1007462,Phone_IVR,Status_Inquiry_WhereIsMyAccount,28,18.0
TCK-4001708,APP-1007466,In_App_Chat,Document_Upload_Failure,35,8.5
TCK-4001709,APP-1007469,In_App_Chat,Status_Inquiry_WhereIsMyAccount,27,8.5
TCK-4001710,APP-1007471,Phone_IVR,Status_Inquiry_WhereIsMyAccount,13,18.0
TCK-4001711,APP-1007477,Phone_IVR,Status_Inquiry_WhereIsMyAccount,44,18.0
TCK-4001712,APP-1007486,Phone_IVR,Document_Upload_Failure,8,18.0
TCK-4001713,APP-1007489,Email_Helpdesk,Status_Inquiry_WhereIsMyAccount,34,12.0
TCK-4001714,APP-1007492,In_App_Chat,Status_Inquiry_WhereIsMyAccount,29,8.5
TCK-4001715,APP-1007493,In_App_Chat,Status_Inquiry_WhereIsMyAccount,16,8.5
TCK-4001716,APP-1007495,In_App_Chat,Status_Inquiry_WhereIsMyAccount,10,8.5
TCK-4001717,APP-1007497,Email_Helpdesk,Status_Inquiry_WhereIsMyAccount,28,12.0
TCK-4001718,APP-1007498,In_App_Chat,Status_Inquiry_WhereIsMyAccount,29,8.5
TCK-4001719,APP-1007501,In_App_Chat,Status_Inquiry_WhereIsMyAccount,35,8.5
TCK-4001720,APP-1007503,In_App_Chat,General_Clarification,12,8.5
TCK-4001721,APP-1007505,In_App_Chat,Status_Inquiry_WhereIsMyAccount,24,8.5
TCK-4001722,APP-1007518,In_App_Chat,Status_Inquiry_WhereIsMyAccount,17,8.5
TCK-4001723,APP-1007521,Email_Helpdesk,Status_Inquiry_WhereIsMyAccount,39,12.0
TCK-4001724,APP-1007522,In_App_Chat,Document_Upload_Failure,5,8.5
TCK-4001725,APP-1007523,In_App_Chat,General_Clarification,21,8.5
TCK-4001726,APP-1007526,In_App_Chat,Status_Inquiry_WhereIsMyAccount,34,8.5
TCK-4001727,APP-1007527,In_App_Chat,Status_Inquiry_WhereIsMyAccount,18,8.5
TCK-4001728,APP-1007528,In_App_Chat,Status_Inquiry_WhereIsMyAccount,30,8.5
TCK-4001729,APP-1007529,In_App_Chat,Status_Inquiry_WhereIsMyAccount,41,8.5
TCK-4001730,APP-1007535,Email_Helpdesk,Status_Inquiry_WhereIsMyAccount,38,12.0
TCK-4001731,APP-1007536,In_App_Chat,Status_Inquiry_WhereIsMyAccount,28,8.5
TCK-4001732,APP-1007546,Email_Helpdesk,Status_Inquiry_WhereIsMyAccount,37,12.0
TCK-4001733,APP-1007554,In_App_Chat,Status_Inquiry_WhereIsMyAccount,14,8.5
TCK-4001734,APP-1007565,In_App_Chat,General_Clarification,33,8.5
TCK-4001735,APP-1007574,In_App_Chat,Status_Inquiry_WhereIsMyAccount,15,8.5
TCK-4001736,APP-1007575,In_App_Chat,Status_Inquiry_WhereIsMyAccount,9,8.5
TCK-4001737,APP-1007577,Phone_IVR,Status_Inquiry_WhereIsMyAccount,44,18.0
TCK-4001738,APP-1007580,In_App_Chat,Status_Inquiry_WhereIsMyAccount,7,8.5
TCK-4001739,APP-1007581,Phone_IVR,Status_Inquiry_WhereIsMyAccount,35,18.0
TCK-4001740,APP-1007583,Phone_IVR,Status_Inquiry_WhereIsMyAccount,15,18.0
TCK-4001741,APP-1007588,Phone_IVR,Status_Inquiry_WhereIsMyAccount,31,18.0
TCK-4001742,APP-1007600,In_App_Chat,Status_Inquiry_WhereIsMyAccount,44,8.5
TCK-4001743,APP-1007608,Phone_IVR,Document_Upload_Failure,9,18.0
TCK-4001744,APP-1007612,In_App_Chat,Status_Inquiry_WhereIsMyAccount,31,8.5
TCK-4001745,APP-1007615,In_App_Chat,Document_Upload_Failure,22,8.5
TCK-4001746,APP-1007618,Phone_IVR,Status_Inquiry_WhereIsMyAccount,11,18.0
TCK-4001747,APP-1007620,In_App_Chat,Status_Inquiry_WhereIsMyAccount,22,8.5
TCK-4001748,APP-1007622,In_App_Chat,Status_Inquiry_WhereIsMyAccount,39,8.5
TCK-4001749,APP-1007623,In_App_Chat,Status_Inquiry_WhereIsMyAccount,29,8.5
TCK-4001750,APP-1007628,In_App_Chat,Status_Inquiry_WhereIsMyAccount,12,8.5
TCK-4001751,APP-1007629,In_App_Chat,Status_Inquiry_WhereIsMyAccount,33,8.5
TCK-4001752,APP-1007630,In_App_Chat,Status_Inquiry_WhereIsMyAccount,15,8.5
TCK-4001753,APP-1007641,In_App_Chat,Status_Inquiry_WhereIsMyAccount,9,8.5
TCK-4001754,APP-1007642,In_App_Chat,Status_Inquiry_WhereIsMyAccount,7,8.5
TCK-4001755,APP-1007643,In_App_Chat,Status_Inquiry_WhereIsMyAccount,13,8.5
TCK-4001756,APP-1007644,In_App_Chat,General_Clarification,25,8.5
TCK-4001757,APP-1007649,Phone_IVR,Status_Inquiry_WhereIsMyAccount,37,18.0
TCK-4001758,APP-1007653,In_App_Chat,Status_Inquiry_WhereIsMyAccount,25,8.5
TCK-4001759,APP-1007657,Email_Helpdesk,General_Clarification,25,12.0
TCK-4001760,APP-1007661,Email_Helpdesk,Status_Inquiry_WhereIsMyAccount,30,12.0
TCK-4001761,APP-1007662,In_App_Chat,Status_Inquiry_WhereIsMyAccount,38,8.5
TCK-4001762,APP-1007665,Phone_IVR,Status_Inquiry_WhereIsMyAccount,37,18.0
TCK-4001763,APP-1007666,In_App_Chat,Status_Inquiry_WhereIsMyAccount,6,8.5
TCK-4001764,APP-1007668,In_App_Chat,Status_Inquiry_WhereIsMyAccount,20,8.5
TCK-4001765,APP-1007671,Email_Helpdesk,Status_Inquiry_WhereIsMyAccount,41,12.0
TCK-4001766,APP-1007675,In_App_Chat,Status_Inquiry_WhereIsMyAccount,17,8.5
TCK-4001767,APP-1007676,Email_Helpdesk,Status_Inquiry_WhereIsMyAccount,13,12.0
TCK-4001768,APP-1007677,In_App_Chat,General_Clarification,36,8.5
TCK-4001769,APP-1007682,In_App_Chat,Status_Inquiry_WhereIsMyAccount,20,8.5
TCK-4001770,APP-1007687,In_App_Chat,Status_Inquiry_WhereIsMyAccount,38,8.5
TCK-4001771,APP-1007688,In_App_Chat,Status_Inquiry_WhereIsMyAccount,15,8.5
TCK-4001772,APP-1007692,In_App_Chat,Status_Inquiry_WhereIsMyAccount,6,8.5
TCK-4001773,APP-1007696,In_App_Chat,Status_Inquiry_WhereIsMyAccount,37,8.5
TCK-4001774,APP-1007697,In_App_Chat,Status_Inquiry_WhereIsMyAccount,15,8.5
TCK-4001775,APP-1007709,In_App_Chat,Status_Inquiry_WhereIsMyAccount,25,8.5
TCK-4001776,APP-1007715,Phone_IVR,General_Clarification,26,18.0
TCK-4001777,APP-1007716,Phone_IVR,Status_Inquiry_WhereIsMyAccount,31,18.0
TCK-4001778,APP-1007724,Email_Helpdesk,Status_Inquiry_WhereIsMyAccount,32,12.0
TCK-4001779,APP-1007730,In_App_Chat,Status_Inquiry_WhereIsMyAccount,10,8.5
TCK-4001780,APP-1007738,Phone_IVR,Status_Inquiry_WhereIsMyAccount,17,18.0
TCK-4001781,APP-1007744,Phone_IVR,Status_Inquiry_WhereIsMyAccount,25,18.0
TCK-4001782,APP-1007758,In_App_Chat,Status_Inquiry_WhereIsMyAccount,42,8.5
TCK-4001783,APP-1007781,Phone_IVR,Status_Inquiry_WhereIsMyAccount,20,18.0
TCK-4001784,APP-1007783,Phone_IVR,Status_Inquiry_WhereIsMyAccount,16,18.0
TCK-4001785,APP-1007786,Phone_IVR,Status_Inquiry_WhereIsMyAccount,31,18.0
TCK-4001786,APP-1007789,Email_Helpdesk,Status_Inquiry_WhereIsMyAccount,23,12.0
TCK-4001787,APP-1007793,In_App_Chat,Document_Upload_Failure,19,8.5
TCK-4001788,APP-1007794,Email_Helpdesk,Status_Inquiry_WhereIsMyAccount,30,12.0
TCK-4001789,APP-1007800,In_App_Chat,Document_Upload_Failure,38,8.5
TCK-4001790,APP-1007805,Phone_IVR,Status_Inquiry_WhereIsMyAccount,15,18.0
TCK-4001791,APP-1007815,Phone_IVR,Status_Inquiry_WhereIsMyAccount,33,18.0
TCK-4001792,APP-1007821,In_App_Chat,Status_Inquiry_WhereIsMyAccount,7,8.5
TCK-4001793,APP-1007824,Phone_IVR,Status_Inquiry_WhereIsMyAccount,9,18.0
TCK-4001794,APP-1007826,Email_Helpdesk,Status_Inquiry_WhereIsMyAccount,35,12.0
TCK-4001795,APP-1007830,Phone_IVR,Status_Inquiry_WhereIsMyAccount,20,18.0
TCK-4001796,APP-1007831,Phone_IVR,Status_Inquiry_WhereIsMyAccount,11,18.0
TCK-4001797,APP-1007845,In_App_Chat,Status_Inquiry_WhereIsMyAccount,8,8.5
TCK-4001798,APP-1007851,In_App_Chat,Status_Inquiry_WhereIsMyAccount,21,8.5
TCK-4001799,APP-1007852,In_App_Chat,Status_Inquiry_WhereIsMyAccount,12,8.5
TCK-4001800,APP-1007854,Phone_IVR,Status_Inquiry_WhereIsMyAccount,20,18.0
TCK-4001801,APP-1007856,In_App_Chat,Status_Inquiry_WhereIsMyAccount,41,8.5
TCK-4001802,APP-1007860,Email_Helpdesk,General_Clarification,23,12.0
TCK-4001803,APP-1007862,Phone_IVR,Status_Inquiry_WhereIsMyAccount,10,18.0
TCK-4001804,APP-1007866,In_App_Chat,Status_Inquiry_WhereIsMyAccount,35,8.5
TCK-4001805,APP-1007870,Phone_IVR,Status_Inquiry_WhereIsMyAccount,41,18.0
TCK-4001806,APP-1007873,In_App_Chat,Status_Inquiry_WhereIsMyAccount,33,8.5
TCK-4001807,APP-1007878,Email_Helpdesk,Status_Inquiry_WhereIsMyAccount,6,12.0
TCK-4001808,APP-1007887,In_App_Chat,Status_Inquiry_WhereIsMyAccount,32,8.5
TCK-4001809,APP-1007889,In_App_Chat,Status_Inquiry_WhereIsMyAccount,12,8.5
TCK-4001810,APP-1007892,In_App_Chat,Status_Inquiry_WhereIsMyAccount,21,8.5
TCK-4001811,APP-1007894,In_App_Chat,Status_Inquiry_WhereIsMyAccount,7,8.5
TCK-4001812,APP-1007897,Phone_IVR,General_Clarification,35,18.0
TCK-4001813,APP-1007900,In_App_Chat,General_Clarification,42,8.5
TCK-4001814,APP-1007901,In_App_Chat,Status_Inquiry_WhereIsMyAccount,23,8.5
TCK-4001815,APP-1007902,Phone_IVR,Status_Inquiry_WhereIsMyAccount,15,18.0
TCK-4001816,APP-1007906,Phone_IVR,Status_Inquiry_WhereIsMyAccount,11,18.0
TCK-4001817,APP-1007907,In_App_Chat,Status_Inquiry_WhereIsMyAccount,23,8.5
TCK-4001818,APP-1007912,In_App_Chat,Status_Inquiry_WhereIsMyAccount,26,8.5
TCK-4001819,APP-1007916,In_App_Chat,Status_Inquiry_WhereIsMyAccount,6,8.5
TCK-4001820,APP-1007920,In_App_Chat,Status_Inquiry_WhereIsMyAccount,11,8.5
TCK-4001821,APP-1007929,In_App_Chat,Status_Inquiry_WhereIsMyAccount,22,8.5
TCK-4001822,APP-1007931,Email_Helpdesk,Status_Inquiry_WhereIsMyAccount,19,12.0
TCK-4001823,APP-1007934,In_App_Chat,Status_Inquiry_WhereIsMyAccount,5,8.5
TCK-4001824,APP-1007940,In_App_Chat,Document_Upload_Failure,14,8.5
TCK-4001825,APP-1007942,Email_Helpdesk,Status_Inquiry_WhereIsMyAccount,20,12.0
TCK-4001826,APP-1007943,In_App_Chat,Document_Upload_Failure,22,8.5
TCK-4001827,APP-1007948,Email_Helpdesk,Status_Inquiry_WhereIsMyAccount,40,12.0
TCK-4001828,APP-1007957,In_App_Chat,Status_Inquiry_WhereIsMyAccount,9,8.5
TCK-4001829,APP-1007958,Phone_IVR,Status_Inquiry_WhereIsMyAccount,20,18.0
TCK-4001830,APP-1007974,In_App_Chat,Status_Inquiry_WhereIsMyAccount,27,8.5
TCK-4001831,APP-1007975,Email_Helpdesk,Status_Inquiry_WhereIsMyAccount,20,12.0
TCK-4001832,APP-1007980,In_App_Chat,Status_Inquiry_WhereIsMyAccount,14,8.5
TCK-4001833,APP-1007982,Phone_IVR,Status_Inquiry_WhereIsMyAccount,17,18.0
TCK-4001834,APP-1007983,In_App_Chat,Status_Inquiry_WhereIsMyAccount,41,8.5
TCK-4001835,APP-1008003,In_App_Chat,Status_Inquiry_WhereIsMyAccount,6,8.5
TCK-4001836,APP-1008004,In_App_Chat,Status_Inquiry_WhereIsMyAccount,20,8.5
TCK-4001837,APP-1008007,Phone_IVR,Status_Inquiry_WhereIsMyAccount,16,18.0
TCK-4001838,APP-1008010,In_App_Chat,Status_Inquiry_WhereIsMyAccount,26,8.5
TCK-4001839,APP-1008012,In_App_Chat,Status_Inquiry_WhereIsMyAccount,35,8.5
TCK-4001840,APP-1008021,Phone_IVR,Status_Inquiry_WhereIsMyAccount,44,18.0
TCK-4001841,APP-1008022,In_App_Chat,General_Clarification,6,8.5
TCK-4001842,APP-1008026,In_App_Chat,Status_Inquiry_WhereIsMyAccount,16,8.5
TCK-4001843,APP-1008032,Phone_IVR,Status_Inquiry_WhereIsMyAccount,44,18.0
TCK-4001844,APP-1008035,Phone_IVR,Status_Inquiry_WhereIsMyAccount,41,18.0
TCK-4001845,APP-1008040,Phone_IVR,Status_Inquiry_WhereIsMyAccount,29,18.0
TCK-4001846,APP-1008041,Email_Helpdesk,Status_Inquiry_WhereIsMyAccount,38,12.0
TCK-4001847,APP-1008058,In_App_Chat,Status_Inquiry_WhereIsMyAccount,43,8.5
TCK-4001848,APP-1008066,In_App_Chat,Status_Inquiry_WhereIsMyAccount,32,8.5
TCK-4001849,APP-1008071,In_App_Chat,Status_Inquiry_WhereIsMyAccount,40,8.5
TCK-4001850,APP-1008074,In_App_Chat,Status_Inquiry_WhereIsMyAccount,42,8.5
TCK-4001851,APP-1008081,In_App_Chat,Status_Inquiry_WhereIsMyAccount,25,8.5
TCK-4001852,APP-1008087,Phone_IVR,Document_Upload_Failure,24,18.0
TCK-4001853,APP-1008090,In_App_Chat,Status_Inquiry_WhereIsMyAccount,18,8.5
TCK-4001854,APP-1008095,In_App_Chat,Status_Inquiry_WhereIsMyAccount,42,8.5
TCK-4001855,APP-1008097,In_App_Chat,Status_Inquiry_WhereIsMyAccount,42,8.5
TCK-4001856,APP-1008100,In_App_Chat,General_Clarification,32,8.5
TCK-4001857,APP-1008101,In_App_Chat,Status_Inquiry_WhereIsMyAccount,8,8.5
TCK-4001858,APP-1008103,In_App_Chat,Status_Inquiry_WhereIsMyAccount,23,8.5
TCK-4001859,APP-1008105,Phone_IVR,Status_Inquiry_WhereIsMyAccount,36,18.0
TCK-4001860,APP-1008107,Phone_IVR,Status_Inquiry_WhereIsMyAccount,24,18.0
TCK-4001861,APP-1008108,In_App_Chat,Status_Inquiry_WhereIsMyAccount,24,8.5
TCK-4001862,APP-1008117,Phone_IVR,Status_Inquiry_WhereIsMyAccount,23,18.0
TCK-4001863,APP-1008119,In_App_Chat,Status_Inquiry_WhereIsMyAccount,28,8.5
TCK-4001864,APP-1008121,Email_Helpdesk,Status_Inquiry_WhereIsMyAccount,12,12.0
TCK-4001865,APP-1008125,Phone_IVR,Status_Inquiry_WhereIsMyAccount,37,18.0
TCK-4001866,APP-1008137,In_App_Chat,Status_Inquiry_WhereIsMyAccount,39,8.5
TCK-4001867,APP-1008138,In_App_Chat,Status_Inquiry_WhereIsMyAccount,16,8.5
TCK-4001868,APP-1008139,In_App_Chat,Status_Inquiry_WhereIsMyAccount,33,8.5
TCK-4001869,APP-1008142,In_App_Chat,Status_Inquiry_WhereIsMyAccount,31,8.5
TCK-4001870,APP-1008146,Email_Helpdesk,General_Clarification,26,12.0
TCK-4001871,APP-1008147,Email_Helpdesk,Status_Inquiry_WhereIsMyAccount,22,12.0
TCK-4001872,APP-1008153,In_App_Chat,Status_Inquiry_WhereIsMyAccount,14,8.5
TCK-4001873,APP-1008154,In_App_Chat,Status_Inquiry_WhereIsMyAccount,38,8.5
TCK-4001874,APP-1008156,Phone_IVR,Status_Inquiry_WhereIsMyAccount,31,18.0
TCK-4001875,APP-1008161,Phone_IVR,Document_Upload_Failure,35,18.0
TCK-4001876,APP-1008169,In_App_Chat,Status_Inquiry_WhereIsMyAccount,12,8.5
TCK-4001877,APP-1008171,In_App_Chat,Status_Inquiry_WhereIsMyAccount,6,8.5
TCK-4001878,APP-1008172,In_App_Chat,General_Clarification,31,8.5
TCK-4001879,APP-1008177,In_App_Chat,Status_Inquiry_WhereIsMyAccount,12,8.5
TCK-4001880,APP-1008181,In_App_Chat,Status_Inquiry_WhereIsMyAccount,8,8.5
TCK-4001881,APP-1008186,In_App_Chat,Document_Upload_Failure,21,8.5
TCK-4001882,APP-1008188,In_App_Chat,Status_Inquiry_WhereIsMyAccount,26,8.5
TCK-4001883,APP-1008192,Phone_IVR,Status_Inquiry_WhereIsMyAccount,42,18.0
TCK-4001884,APP-1008194,In_App_Chat,Status_Inquiry_WhereIsMyAccount,29,8.5
TCK-4001885,APP-1008205,In_App_Chat,Status_Inquiry_WhereIsMyAccount,38,8.5
TCK-4001886,APP-1008214,In_App_Chat,Status_Inquiry_WhereIsMyAccount,30,8.5
TCK-4001887,APP-1008215,In_App_Chat,Status_Inquiry_WhereIsMyAccount,11,8.5
TCK-4001888,APP-1008216,In_App_Chat,Status_Inquiry_WhereIsMyAccount,21,8.5
TCK-4001889,APP-1008217,Phone_IVR,Document_Upload_Failure,44,18.0
TCK-4001890,APP-1008221,In_App_Chat,Document_Upload_Failure,42,8.5
TCK-4001891,APP-1008228,In_App_Chat,Status_Inquiry_WhereIsMyAccount,24,8.5
TCK-4001892,APP-1008244,Phone_IVR,Status_Inquiry_WhereIsMyAccount,23,18.0
TCK-4001893,APP-1008248,In_App_Chat,Status_Inquiry_WhereIsMyAccount,22,8.5
TCK-4001894,APP-1008255,Phone_IVR,Status_Inquiry_WhereIsMyAccount,26,18.0
TCK-4001895,APP-1008260,Phone_IVR,Status_Inquiry_WhereIsMyAccount,17,18.0
TCK-4001896,APP-1008261,Email_Helpdesk,Status_Inquiry_WhereIsMyAccount,35,12.0
TCK-4001897,APP-1008265,In_App_Chat,Status_Inquiry_WhereIsMyAccount,31,8.5
TCK-4001898,APP-1008266,Phone_IVR,Status_Inquiry_WhereIsMyAccount,24,18.0
TCK-4001899,APP-1008272,Email_Helpdesk,Status_Inquiry_WhereIsMyAccount,20,12.0
TCK-4001900,APP-1008278,Email_Helpdesk,Document_Upload_Failure,14,12.0
TCK-4001901,APP-1008282,Phone_IVR,Status_Inquiry_WhereIsMyAccount,40,18.0
TCK-4001902,APP-1008284,Phone_IVR,General_Clarification,15,18.0
TCK-4001903,APP-1008286,In_App_Chat,Status_Inquiry_WhereIsMyAccount,29,8.5
TCK-4001904,APP-1008289,In_App_Chat,Status_Inquiry_WhereIsMyAccount,39,8.5
TCK-4001905,APP-1008290,Email_Helpdesk,Document_Upload_Failure,22,12.0
TCK-4001906,APP-1008292,In_App_Chat,Status_Inquiry_WhereIsMyAccount,15,8.5
TCK-4001907,APP-1008294,In_App_Chat,Status_Inquiry_WhereIsMyAccount,23,8.5
TCK-4001908,APP-1008305,In_App_Chat,General_Clarification,26,8.5
TCK-4001909,APP-1008308,In_App_Chat,Status_Inquiry_WhereIsMyAccount,40,8.5
TCK-4001910,APP-1008310,Phone_IVR,Document_Upload_Failure,16,18.0
TCK-4001911,APP-1008315,In_App_Chat,Status_Inquiry_WhereIsMyAccount,7,8.5
TCK-4001912,APP-1008320,In_App_Chat,Status_Inquiry_WhereIsMyAccount,28,8.5
TCK-4001913,APP-1008332,In_App_Chat,Status_Inquiry_WhereIsMyAccount,20,8.5
TCK-4001914,APP-1008333,Phone_IVR,Status_Inquiry_WhereIsMyAccount,9,18.0
TCK-4001915,APP-1008337,Email_Helpdesk,Status_Inquiry_WhereIsMyAccount,7,12.0
TCK-4001916,APP-1008341,Email_Helpdesk,Status_Inquiry_WhereIsMyAccount,36,12.0
TCK-4001917,APP-1008345,In_App_Chat,Status_Inquiry_WhereIsMyAccount,5,8.5
TCK-4001918,APP-1008346,In_App_Chat,Status_Inquiry_WhereIsMyAccount,5,8.5
TCK-4001919,APP-1008355,In_App_Chat,Status_Inquiry_WhereIsMyAccount,9,8.5
TCK-4001920,APP-1008365,In_App_Chat,Status_Inquiry_WhereIsMyAccount,25,8.5
TCK-4001921,APP-1008380,In_App_Chat,Status_Inquiry_WhereIsMyAccount,43,8.5
TCK-4001922,APP-1008385,In_App_Chat,Status_Inquiry_WhereIsMyAccount,20,8.5
TCK-4001923,APP-1008393,Phone_IVR,Status_Inquiry_WhereIsMyAccount,6,18.0
TCK-4001924,APP-1008403,In_App_Chat,Status_Inquiry_WhereIsMyAccount,28,8.5
TCK-4001925,APP-1008406,Phone_IVR,Document_Upload_Failure,5,18.0
TCK-4001926,APP-1008407,In_App_Chat,Status_Inquiry_WhereIsMyAccount,35,8.5
TCK-4001927,APP-1008428,In_App_Chat,Status_Inquiry_WhereIsMyAccount,19,8.5
TCK-4001928,APP-1008429,Phone_IVR,Status_Inquiry_WhereIsMyAccount,44,18.0
TCK-4001929,APP-1008441,Email_Helpdesk,Status_Inquiry_WhereIsMyAccount,11,12.0
TCK-4001930,APP-1008445,Phone_IVR,Status_Inquiry_WhereIsMyAccount,14,18.0
TCK-4001931,APP-1008446,In_App_Chat,Status_Inquiry_WhereIsMyAccount,12,8.5
TCK-4001932,APP-1008449,Phone_IVR,Status_Inquiry_WhereIsMyAccount,28,18.0
TCK-4001933,APP-1008453,In_App_Chat,Document_Upload_Failure,35,8.5
TCK-4001934,APP-1008454,In_App_Chat,Document_Upload_Failure,21,8.5
TCK-4001935,APP-1008459,Phone_IVR,Status_Inquiry_WhereIsMyAccount,44,18.0
TCK-4001936,APP-1008472,Phone_IVR,Status_Inquiry_WhereIsMyAccount,15,18.0
TCK-4001937,APP-1008474,In_App_Chat,Status_Inquiry_WhereIsMyAccount,25,8.5
TCK-4001938,APP-1008477,In_App_Chat,Status_Inquiry_WhereIsMyAccount,9,8.5
TCK-4001939,APP-1008480,Phone_IVR,General_Clarification,43,18.0
TCK-4001940,APP-1008481,Phone_IVR,Status_Inquiry_WhereIsMyAccount,11,18.0
TCK-4001941,APP-1008489,In_App_Chat,Status_Inquiry_WhereIsMyAccount,32,8.5
TCK-4001942,APP-1008492,Phone_IVR,General_Clarification,43,18.0
TCK-4001943,APP-1008498,In_App_Chat,Status_Inquiry_WhereIsMyAccount,24,8.5
TCK-4001944,APP-1008505,In_App_Chat,Status_Inquiry_WhereIsMyAccount,39,8.5
TCK-4001945,APP-1008510,In_App_Chat,Status_Inquiry_WhereIsMyAccount,12,8.5
TCK-4001946,APP-1008511,In_App_Chat,Status_Inquiry_WhereIsMyAccount,10,8.5
TCK-4001947,APP-1008517,Phone_IVR,Status_Inquiry_WhereIsMyAccount,16,18.0
TCK-4001948,APP-1008522,In_App_Chat,Status_Inquiry_WhereIsMyAccount,11,8.5
TCK-4001949,APP-1008524,Phone_IVR,Document_Upload_Failure,23,18.0
TCK-4001950,APP-1008526,Email_Helpdesk,Status_Inquiry_WhereIsMyAccount,32,12.0
TCK-4001951,APP-1008537,In_App_Chat,Status_Inquiry_WhereIsMyAccount,44,8.5
TCK-4001952,APP-1008539,Email_Helpdesk,Status_Inquiry_WhereIsMyAccount,34,12.0
TCK-4001953,APP-1008543,In_App_Chat,Status_Inquiry_WhereIsMyAccount,41,8.5
TCK-4001954,APP-1008547,Email_Helpdesk,Status_Inquiry_WhereIsMyAccount,21,12.0
TCK-4001955,APP-1008551,In_App_Chat,Status_Inquiry_WhereIsMyAccount,19,8.5
TCK-4001956,APP-1008552,In_App_Chat,Status_Inquiry_WhereIsMyAccount,8,8.5
TCK-4001957,APP-1008558,In_App_Chat,Status_Inquiry_WhereIsMyAccount,21,8.5
TCK-4001958,APP-1008559,Email_Helpdesk,Status_Inquiry_WhereIsMyAccount,21,12.0
TCK-4001959,APP-1008561,In_App_Chat,Status_Inquiry_WhereIsMyAccount,23,8.5
TCK-4001960,APP-1008563,In_App_Chat,Status_Inquiry_WhereIsMyAccount,34,8.5
TCK-4001961,APP-1008566,In_App_Chat,Status_Inquiry_WhereIsMyAccount,14,8.5
TCK-4001962,APP-1008575,In_App_Chat,Status_Inquiry_WhereIsMyAccount,19,8.5
TCK-4001963,APP-1008576,In_App_Chat,Status_Inquiry_WhereIsMyAccount,40,8.5
TCK-4001964,APP-1008579,In_App_Chat,General_Clarification,35,8.5
TCK-4001965,APP-1008583,Phone_IVR,Document_Upload_Failure,14,18.0
TCK-4001966,APP-1008586,Email_Helpdesk,Status_Inquiry_WhereIsMyAccount,38,12.0
TCK-4001967,APP-1008587,In_App_Chat,Status_Inquiry_WhereIsMyAccount,38,8.5
TCK-4001968,APP-1008589,Phone_IVR,Status_Inquiry_WhereIsMyAccount,10,18.0
TCK-4001969,APP-1008590,In_App_Chat,Status_Inquiry_WhereIsMyAccount,28,8.5
TCK-4001970,APP-1008591,Phone_IVR,Status_Inquiry_WhereIsMyAccount,41,18.0
TCK-4001971,APP-1008593,In_App_Chat,General_Clarification,27,8.5
TCK-4001972,APP-1008598,In_App_Chat,General_Clarification,16,8.5
TCK-4001973,APP-1008599,In_App_Chat,Document_Upload_Failure,24,8.5
TCK-4001974,APP-1008605,Phone_IVR,Status_Inquiry_WhereIsMyAccount,37,18.0
TCK-4001975,APP-1008611,In_App_Chat,Status_Inquiry_WhereIsMyAccount,25,8.5
TCK-4001976,APP-1008614,In_App_Chat,Status_Inquiry_WhereIsMyAccount,21,8.5
TCK-4001977,APP-1008622,In_App_Chat,Status_Inquiry_WhereIsMyAccount,13,8.5
TCK-4001978,APP-1008623,Phone_IVR,General_Clarification,30,18.0
TCK-4001979,APP-1008624,In_App_Chat,Status_Inquiry_WhereIsMyAccount,25,8.5
TCK-4001980,APP-1008625,Phone_IVR,Status_Inquiry_WhereIsMyAccount,13,18.0
TCK-4001981,APP-1008628,In_App_Chat,Status_Inquiry_WhereIsMyAccount,23,8.5
TCK-4001982,APP-1008632,Phone_IVR,Status_Inquiry_WhereIsMyAccount,5,18.0
TCK-4001983,APP-1008640,Email_Helpdesk,Status_Inquiry_WhereIsMyAccount,10,12.0
TCK-4001984,APP-1008642,Email_Helpdesk,Status_Inquiry_WhereIsMyAccount,15,12.0
TCK-4001985,APP-1008644,Phone_IVR,Status_Inquiry_WhereIsMyAccount,15,18.0
TCK-4001986,APP-1008651,In_App_Chat,General_Clarification,23,8.5
TCK-4001987,APP-1008652,In_App_Chat,Status_Inquiry_WhereIsMyAccount,34,8.5
TCK-4001988,APP-1008653,Phone_IVR,Status_Inquiry_WhereIsMyAccount,8,18.0
TCK-4001989,APP-1008659,Phone_IVR,Status_Inquiry_WhereIsMyAccount,13,18.0
TCK-4001990,APP-1008660,In_App_Chat,General_Clarification,23,8.5
TCK-4001991,APP-1008661,In_App_Chat,Status_Inquiry_WhereIsMyAccount,28,8.5
TCK-4001992,APP-1008662,Phone_IVR,Status_Inquiry_WhereIsMyAccount,26,18.0
TCK-4001993,APP-1008666,In_App_Chat,Status_Inquiry_WhereIsMyAccount,33,8.5
TCK-4001994,APP-1008669,Email_Helpdesk,General_Clarification,42,12.0
TCK-4001995,APP-1008675,In_App_Chat,Status_Inquiry_WhereIsMyAccount,12,8.5
TCK-4001996,APP-1008678,In_App_Chat,Status_Inquiry_WhereIsMyAccount,16,8.5
TCK-4001997,APP-1008679,Phone_IVR,General_Clarification,27,18.0
TCK-4001998,APP-1008685,Phone_IVR,Status_Inquiry_WhereIsMyAccount,18,18.0
TCK-4001999,APP-1008695,In_App_Chat,Status_Inquiry_WhereIsMyAccount,18,8.5
TCK-4002000,APP-1008699,Email_Helpdesk,General_Clarification,29,12.0
TCK-4002001,APP-1008701,In_App_Chat,General_Clarification,14,8.5
TCK-4002002,APP-1008710,In_App_Chat,Status_Inquiry_WhereIsMyAccount,24,8.5
TCK-4002003,APP-1008712,Email_Helpdesk,Document_Upload_Failure,8,12.0
TCK-4002004,APP-1008714,In_App_Chat,Status_Inquiry_WhereIsMyAccount,5,8.5
TCK-4002005,APP-1008716,Phone_IVR,Status_Inquiry_WhereIsMyAccount,14,18.0
TCK-4002006,APP-1008718,In_App_Chat,Status_Inquiry_WhereIsMyAccount,15,8.5
TCK-4002007,APP-1008722,In_App_Chat,Status_Inquiry_WhereIsMyAccount,14,8.5
TCK-4002008,APP-1008727,Phone_IVR,Status_Inquiry_WhereIsMyAccount,22,18.0
TCK-4002009,APP-1008752,Phone_IVR,Status_Inquiry_WhereIsMyAccount,17,18.0
TCK-4002010,APP-1008756,Phone_IVR,Status_Inquiry_WhereIsMyAccount,12,18.0
TCK-4002011,APP-1008758,In_App_Chat,Status_Inquiry_WhereIsMyAccount,30,8.5
TCK-4002012,APP-1008761,In_App_Chat,Status_Inquiry_WhereIsMyAccount,41,8.5
TCK-4002013,APP-1008763,Phone_IVR,Status_Inquiry_WhereIsMyAccount,26,18.0
TCK-4002014,APP-1008764,Phone_IVR,Status_Inquiry_WhereIsMyAccount,10,18.0
TCK-4002015,APP-1008773,Email_Helpdesk,Status_Inquiry_WhereIsMyAccount,40,12.0
TCK-4002016,APP-1008774,In_App_Chat,Status_Inquiry_WhereIsMyAccount,23,8.5
TCK-4002017,APP-1008778,In_App_Chat,Status_Inquiry_WhereIsMyAccount,35,8.5
TCK-4002018,APP-1008779,In_App_Chat,Document_Upload_Failure,33,8.5
TCK-4002019,APP-1008785,Phone_IVR,Status_Inquiry_WhereIsMyAccount,22,18.0
TCK-4002020,APP-1008787,In_App_Chat,Status_Inquiry_WhereIsMyAccount,41,8.5
TCK-4002021,APP-1008790,In_App_Chat,Status_Inquiry_WhereIsMyAccount,39,8.5
TCK-4002022,APP-1008792,Phone_IVR,Status_Inquiry_WhereIsMyAccount,25,18.0
TCK-4002023,APP-1008805,Email_Helpdesk,Status_Inquiry_WhereIsMyAccount,36,12.0
TCK-4002024,APP-1008813,In_App_Chat,Status_Inquiry_WhereIsMyAccount,21,8.5
TCK-4002025,APP-1008821,In_App_Chat,Status_Inquiry_WhereIsMyAccount,8,8.5
TCK-4002026,APP-1008830,In_App_Chat,Status_Inquiry_WhereIsMyAccount,42,8.5
TCK-4002027,APP-1008833,Email_Helpdesk,General_Clarification,14,12.0
TCK-4002028,APP-1008834,In_App_Chat,Status_Inquiry_WhereIsMyAccount,42,8.5
TCK-4002029,APP-1008841,In_App_Chat,Status_Inquiry_WhereIsMyAccount,30,8.5
TCK-4002030,APP-1008845,In_App_Chat,Status_Inquiry_WhereIsMyAccount,7,8.5
TCK-4002031,APP-1008846,In_App_Chat,General_Clarification,9,8.5
TCK-4002032,APP-1008850,In_App_Chat,Status_Inquiry_WhereIsMyAccount,19,8.5
TCK-4002033,APP-1008856,In_App_Chat,Status_Inquiry_WhereIsMyAccount,32,8.5
TCK-4002034,APP-1008862,In_App_Chat,Status_Inquiry_WhereIsMyAccount,20,8.5
TCK-4002035,APP-1008868,Email_Helpdesk,Status_Inquiry_WhereIsMyAccount,41,12.0
TCK-4002036,APP-1008879,Phone_IVR,Status_Inquiry_WhereIsMyAccount,16,18.0
TCK-4002037,APP-1008884,Email_Helpdesk,Status_Inquiry_WhereIsMyAccount,43,12.0
TCK-4002038,APP-1008886,In_App_Chat,Status_Inquiry_WhereIsMyAccount,15,8.5
TCK-4002039,APP-1008892,Email_Helpdesk,Status_Inquiry_WhereIsMyAccount,41,12.0
TCK-4002040,APP-1008900,In_App_Chat,Status_Inquiry_WhereIsMyAccount,23,8.5
TCK-4002041,APP-1008906,Email_Helpdesk,Document_Upload_Failure,11,12.0
TCK-4002042,APP-1008920,In_App_Chat,Status_Inquiry_WhereIsMyAccount,10,8.5
TCK-4002043,APP-1008923,Phone_IVR,Status_Inquiry_WhereIsMyAccount,29,18.0
TCK-4002044,APP-1008925,In_App_Chat,Status_Inquiry_WhereIsMyAccount,21,8.5
TCK-4002045,APP-1008929,In_App_Chat,Status_Inquiry_WhereIsMyAccount,7,8.5
TCK-4002046,APP-1008930,Phone_IVR,Document_Upload_Failure,33,18.0
TCK-4002047,APP-1008931,In_App_Chat,Status_Inquiry_WhereIsMyAccount,6,8.5
TCK-4002048,APP-1008932,In_App_Chat,Status_Inquiry_WhereIsMyAccount,7,8.5
TCK-4002049,APP-1008944,In_App_Chat,Status_Inquiry_WhereIsMyAccount,12,8.5
TCK-4002050,APP-1008947,Phone_IVR,Status_Inquiry_WhereIsMyAccount,40,18.0
TCK-4002051,APP-1008949,Phone_IVR,Status_Inquiry_WhereIsMyAccount,9,18.0
TCK-4002052,APP-1008955,In_App_Chat,Status_Inquiry_WhereIsMyAccount,36,8.5
TCK-4002053,APP-1008969,Phone_IVR,Document_Upload_Failure,18,18.0
TCK-4002054,APP-1008974,In_App_Chat,Status_Inquiry_WhereIsMyAccount,23,8.5
TCK-4002055,APP-1008977,Email_Helpdesk,General_Clarification,18,12.0
TCK-4002056,APP-1008990,Phone_IVR,Status_Inquiry_WhereIsMyAccount,29,18.0
TCK-4002057,APP-1008996,Email_Helpdesk,Status_Inquiry_WhereIsMyAccount,28,12.0
TCK-4002058,APP-1009003,In_App_Chat,Status_Inquiry_WhereIsMyAccount,43,8.5
TCK-4002059,APP-1009005,In_App_Chat,Status_Inquiry_WhereIsMyAccount,30,8.5
TCK-4002060,APP-1009021,In_App_Chat,Status_Inquiry_WhereIsMyAccount,19,8.5
TCK-4002061,APP-1009022,In_App_Chat,General_Clarification,6,8.5
TCK-4002062,APP-1009025,Phone_IVR,Status_Inquiry_WhereIsMyAccount,19,18.0
TCK-4002063,APP-1009027,Phone_IVR,General_Clarification,38,18.0
TCK-4002064,APP-1009031,Phone_IVR,Status_Inquiry_WhereIsMyAccount,20,18.0
TCK-4002065,APP-1009034,Phone_IVR,Status_Inquiry_WhereIsMyAccount,24,18.0
TCK-4002066,APP-1009040,In_App_Chat,Document_Upload_Failure,28,8.5
TCK-4002067,APP-1009049,In_App_Chat,Status_Inquiry_WhereIsMyAccount,23,8.5
TCK-4002068,APP-1009050,Email_Helpdesk,Status_Inquiry_WhereIsMyAccount,9,12.0
TCK-4002069,APP-1009051,In_App_Chat,Status_Inquiry_WhereIsMyAccount,34,8.5
TCK-4002070,APP-1009052,Email_Helpdesk,Status_Inquiry_WhereIsMyAccount,43,12.0
TCK-4002071,APP-1009055,In_App_Chat,Status_Inquiry_WhereIsMyAccount,26,8.5
TCK-4002072,APP-1009056,In_App_Chat,Document_Upload_Failure,11,8.5
TCK-4002073,APP-1009065,Email_Helpdesk,Status_Inquiry_WhereIsMyAccount,7,12.0
TCK-4002074,APP-1009066,Phone_IVR,Status_Inquiry_WhereIsMyAccount,10,18.0
TCK-4002075,APP-1009076,Phone_IVR,Status_Inquiry_WhereIsMyAccount,10,18.0
TCK-4002076,APP-1009091,In_App_Chat,Status_Inquiry_WhereIsMyAccount,6,8.5
TCK-4002077,APP-1009097,Phone_IVR,Status_Inquiry_WhereIsMyAccount,20,18.0
TCK-4002078,APP-1009102,Email_Helpdesk,Status_Inquiry_WhereIsMyAccount,14,12.0
TCK-4002079,APP-1009118,In_App_Chat,Document_Upload_Failure,18,8.5
TCK-4002080,APP-1009119,Phone_IVR,Status_Inquiry_WhereIsMyAccount,21,18.0
TCK-4002081,APP-1009122,In_App_Chat,Status_Inquiry_WhereIsMyAccount,7,8.5
TCK-4002082,APP-1009137,In_App_Chat,Status_Inquiry_WhereIsMyAccount,24,8.5
TCK-4002083,APP-1009145,Phone_IVR,Status_Inquiry_WhereIsMyAccount,39,18.0
TCK-4002084,APP-1009157,In_App_Chat,Status_Inquiry_WhereIsMyAccount,25,8.5
TCK-4002085,APP-1009159,Email_Helpdesk,Document_Upload_Failure,26,12.0
TCK-4002086,APP-1009160,In_App_Chat,Status_Inquiry_WhereIsMyAccount,15,8.5
TCK-4002087,APP-1009164,In_App_Chat,Status_Inquiry_WhereIsMyAccount,12,8.5
TCK-4002088,APP-1009167,In_App_Chat,Status_Inquiry_WhereIsMyAccount,22,8.5
TCK-4002089,APP-1009171,In_App_Chat,Status_Inquiry_WhereIsMyAccount,36,8.5
TCK-4002090,APP-1009175,Email_Helpdesk,Status_Inquiry_WhereIsMyAccount,10,12.0
TCK-4002091,APP-1009194,Phone_IVR,Status_Inquiry_WhereIsMyAccount,34,18.0
TCK-4002092,APP-1009200,In_App_Chat,Status_Inquiry_WhereIsMyAccount,6,8.5
TCK-4002093,APP-1009202,In_App_Chat,Status_Inquiry_WhereIsMyAccount,32,8.5
TCK-4002094,APP-1009211,Email_Helpdesk,Status_Inquiry_WhereIsMyAccount,36,12.0
TCK-4002095,APP-1009215,Phone_IVR,Status_Inquiry_WhereIsMyAccount,31,18.0
TCK-4002096,APP-1009218,Phone_IVR,Status_Inquiry_WhereIsMyAccount,41,18.0
TCK-4002097,APP-1009223,Phone_IVR,Status_Inquiry_WhereIsMyAccount,19,18.0
TCK-4002098,APP-1009226,In_App_Chat,Status_Inquiry_WhereIsMyAccount,20,8.5
TCK-4002099,APP-1009231,In_App_Chat,Status_Inquiry_WhereIsMyAccount,34,8.5
TCK-4002100,APP-1009237,Phone_IVR,Status_Inquiry_WhereIsMyAccount,38,18.0
TCK-4002101,APP-1009248,In_App_Chat,Status_Inquiry_WhereIsMyAccount,36,8.5
TCK-4002102,APP-1009250,Phone_IVR,Status_Inquiry_WhereIsMyAccount,21,18.0
TCK-4002103,APP-1009256,In_App_Chat,Status_Inquiry_WhereIsMyAccount,44,8.5
TCK-4002104,APP-1009267,Email_Helpdesk,Status_Inquiry_WhereIsMyAccount,22,12.0
TCK-4002105,APP-1009271,In_App_Chat,Status_Inquiry_WhereIsMyAccount,43,8.5
TCK-4002106,APP-1009275,In_App_Chat,Status_Inquiry_WhereIsMyAccount,14,8.5
TCK-4002107,APP-1009276,Phone_IVR,Status_Inquiry_WhereIsMyAccount,6,18.0
TCK-4002108,APP-1009279,Phone_IVR,Status_Inquiry_WhereIsMyAccount,24,18.0
TCK-4002109,APP-1009281,Email_Helpdesk,Status_Inquiry_WhereIsMyAccount,14,12.0
TCK-4002110,APP-1009288,In_App_Chat,Status_Inquiry_WhereIsMyAccount,5,8.5
TCK-4002111,APP-1009289,In_App_Chat,General_Clarification,30,8.5
TCK-4002112,APP-1009298,In_App_Chat,Status_Inquiry_WhereIsMyAccount,36,8.5
TCK-4002113,APP-1009304,In_App_Chat,General_Clarification,27,8.5
TCK-4002114,APP-1009313,In_App_Chat,Status_Inquiry_WhereIsMyAccount,38,8.5
TCK-4002115,APP-1009314,In_App_Chat,Status_Inquiry_WhereIsMyAccount,43,8.5
TCK-4002116,APP-1009317,In_App_Chat,Status_Inquiry_WhereIsMyAccount,26,8.5
TCK-4002117,APP-1009325,In_App_Chat,Status_Inquiry_WhereIsMyAccount,19,8.5
TCK-4002118,APP-1009326,Email_Helpdesk,Status_Inquiry_WhereIsMyAccount,36,12.0
TCK-4002119,APP-1009329,In_App_Chat,Status_Inquiry_WhereIsMyAccount,8,8.5
TCK-4002120,APP-1009333,In_App_Chat,Status_Inquiry_WhereIsMyAccount,17,8.5
TCK-4002121,APP-1009338,In_App_Chat,Status_Inquiry_WhereIsMyAccount,44,8.5
TCK-4002122,APP-1009342,Email_Helpdesk,Status_Inquiry_WhereIsMyAccount,24,12.0
TCK-4002123,APP-1009343,Email_Helpdesk,Document_Upload_Failure,41,12.0
TCK-4002124,APP-1009346,In_App_Chat,Status_Inquiry_WhereIsMyAccount,39,8.5
TCK-4002125,APP-1009348,Email_Helpdesk,Status_Inquiry_WhereIsMyAccount,28,12.0
TCK-4002126,APP-1009352,In_App_Chat,General_Clarification,6,8.5
TCK-4002127,APP-1009353,In_App_Chat,Status_Inquiry_WhereIsMyAccount,14,8.5
TCK-4002128,APP-1009356,In_App_Chat,Status_Inquiry_WhereIsMyAccount,31,8.5
TCK-4002129,APP-1009358,Phone_IVR,Document_Upload_Failure,16,18.0
TCK-4002130,APP-1009365,In_App_Chat,Status_Inquiry_WhereIsMyAccount,7,8.5
TCK-4002131,APP-1009368,Phone_IVR,Status_Inquiry_WhereIsMyAccount,30,18.0
TCK-4002132,APP-1009369,Phone_IVR,Status_Inquiry_WhereIsMyAccount,11,18.0
TCK-4002133,APP-1009375,Phone_IVR,Status_Inquiry_WhereIsMyAccount,33,18.0
TCK-4002134,APP-1009376,Email_Helpdesk,Status_Inquiry_WhereIsMyAccount,13,12.0
TCK-4002135,APP-1009377,Phone_IVR,Status_Inquiry_WhereIsMyAccount,13,18.0
TCK-4002136,APP-1009381,In_App_Chat,Status_Inquiry_WhereIsMyAccount,41,8.5
TCK-4002137,APP-1009383,In_App_Chat,Document_Upload_Failure,5,8.5
TCK-4002138,APP-1009387,Phone_IVR,Status_Inquiry_WhereIsMyAccount,25,18.0
TCK-4002139,APP-1009392,Phone_IVR,General_Clarification,14,18.0
TCK-4002140,APP-1009394,In_App_Chat,Status_Inquiry_WhereIsMyAccount,13,8.5
TCK-4002141,APP-1009398,Phone_IVR,Status_Inquiry_WhereIsMyAccount,18,18.0
TCK-4002142,APP-1009399,In_App_Chat,Status_Inquiry_WhereIsMyAccount,22,8.5
TCK-4002143,APP-1009404,In_App_Chat,Status_Inquiry_WhereIsMyAccount,33,8.5
TCK-4002144,APP-1009411,Phone_IVR,Status_Inquiry_WhereIsMyAccount,7,18.0
TCK-4002145,APP-1009414,In_App_Chat,Status_Inquiry_WhereIsMyAccount,27,8.5
TCK-4002146,APP-1009419,Email_Helpdesk,Status_Inquiry_WhereIsMyAccount,19,12.0
TCK-4002147,APP-1009426,Phone_IVR,Status_Inquiry_WhereIsMyAccount,12,18.0
TCK-4002148,APP-1009430,In_App_Chat,Status_Inquiry_WhereIsMyAccount,25,8.5
TCK-4002149,APP-1009433,Phone_IVR,Status_Inquiry_WhereIsMyAccount,23,18.0
TCK-4002150,APP-1009435,In_App_Chat,Status_Inquiry_WhereIsMyAccount,23,8.5
TCK-4002151,APP-1009442,In_App_Chat,Status_Inquiry_WhereIsMyAccount,40,8.5
TCK-4002152,APP-1009448,In_App_Chat,General_Clarification,39,8.5
TCK-4002153,APP-1009449,Phone_IVR,Document_Upload_Failure,43,18.0
TCK-4002154,APP-1009456,In_App_Chat,Status_Inquiry_WhereIsMyAccount,25,8.5
TCK-4002155,APP-1009465,Email_Helpdesk,Status_Inquiry_WhereIsMyAccount,19,12.0
TCK-4002156,APP-1009468,In_App_Chat,Status_Inquiry_WhereIsMyAccount,9,8.5
TCK-4002157,APP-1009480,In_App_Chat,General_Clarification,31,8.5
TCK-4002158,APP-1009484,In_App_Chat,Status_Inquiry_WhereIsMyAccount,8,8.5
TCK-4002159,APP-1009487,In_App_Chat,Status_Inquiry_WhereIsMyAccount,16,8.5
TCK-4002160,APP-1009489,Email_Helpdesk,Status_Inquiry_WhereIsMyAccount,28,12.0
TCK-4002161,APP-1009493,Email_Helpdesk,Status_Inquiry_WhereIsMyAccount,28,12.0
TCK-4002162,APP-1009495,Phone_IVR,Status_Inquiry_WhereIsMyAccount,33,18.0
TCK-4002163,APP-1009497,Phone_IVR,Status_Inquiry_WhereIsMyAccount,18,18.0
TCK-4002164,APP-1009498,In_App_Chat,Status_Inquiry_WhereIsMyAccount,33,8.5
TCK-4002165,APP-1009502,In_App_Chat,Status_Inquiry_WhereIsMyAccount,21,8.5
TCK-4002166,APP-1009504,Phone_IVR,Document_Upload_Failure,42,18.0
TCK-4002167,APP-1009505,In_App_Chat,Status_Inquiry_WhereIsMyAccount,19,8.5
TCK-4002168,APP-1009506,Phone_IVR,Status_Inquiry_WhereIsMyAccount,32,18.0
TCK-4002169,APP-1009510,In_App_Chat,Status_Inquiry_WhereIsMyAccount,6,8.5
TCK-4002170,APP-1009512,In_App_Chat,Status_Inquiry_WhereIsMyAccount,5,8.5
TCK-4002171,APP-1009515,In_App_Chat,Status_Inquiry_WhereIsMyAccount,32,8.5
TCK-4002172,APP-1009520,Email_Helpdesk,General_Clarification,27,12.0
TCK-4002173,APP-1009526,In_App_Chat,General_Clarification,6,8.5
TCK-4002174,APP-1009527,In_App_Chat,Status_Inquiry_WhereIsMyAccount,39,8.5
TCK-4002175,APP-1009538,Email_Helpdesk,Status_Inquiry_WhereIsMyAccount,24,12.0
TCK-4002176,APP-1009542,Phone_IVR,Document_Upload_Failure,7,18.0
TCK-4002177,APP-1009557,Email_Helpdesk,Status_Inquiry_WhereIsMyAccount,37,12.0
TCK-4002178,APP-1009561,Phone_IVR,Status_Inquiry_WhereIsMyAccount,11,18.0
TCK-4002179,APP-1009566,In_App_Chat,General_Clarification,34,8.5
TCK-4002180,APP-1009573,In_App_Chat,Status_Inquiry_WhereIsMyAccount,15,8.5
TCK-4002181,APP-1009574,In_App_Chat,Status_Inquiry_WhereIsMyAccount,20,8.5
TCK-4002182,APP-1009582,Phone_IVR,Status_Inquiry_WhereIsMyAccount,18,18.0
TCK-4002183,APP-1009592,Phone_IVR,Status_Inquiry_WhereIsMyAccount,27,18.0
TCK-4002184,APP-1009593,Email_Helpdesk,Status_Inquiry_WhereIsMyAccount,7,12.0
TCK-4002185,APP-1009598,In_App_Chat,Status_Inquiry_WhereIsMyAccount,21,8.5
TCK-4002186,APP-1009605,In_App_Chat,Status_Inquiry_WhereIsMyAccount,40,8.5
TCK-4002187,APP-1009606,Phone_IVR,Status_Inquiry_WhereIsMyAccount,42,18.0
TCK-4002188,APP-1009608,Phone_IVR,Document_Upload_Failure,40,18.0
TCK-4002189,APP-1009614,In_App_Chat,General_Clarification,6,8.5
TCK-4002190,APP-1009617,In_App_Chat,Status_Inquiry_WhereIsMyAccount,17,8.5
TCK-4002191,APP-1009620,In_App_Chat,Status_Inquiry_WhereIsMyAccount,33,8.5
TCK-4002192,APP-1009628,In_App_Chat,Status_Inquiry_WhereIsMyAccount,6,8.5
TCK-4002193,APP-1009643,Email_Helpdesk,Status_Inquiry_WhereIsMyAccount,9,12.0
TCK-4002194,APP-1009647,Phone_IVR,Status_Inquiry_WhereIsMyAccount,19,18.0
TCK-4002195,APP-1009653,In_App_Chat,Status_Inquiry_WhereIsMyAccount,23,8.5
TCK-4002196,APP-1009658,In_App_Chat,Status_Inquiry_WhereIsMyAccount,12,8.5
TCK-4002197,APP-1009664,In_App_Chat,Status_Inquiry_WhereIsMyAccount,8,8.5
TCK-4002198,APP-1009665,Phone_IVR,Status_Inquiry_WhereIsMyAccount,13,18.0
TCK-4002199,APP-1009669,In_App_Chat,Status_Inquiry_WhereIsMyAccount,5,8.5
TCK-4002200,APP-1009670,In_App_Chat,Status_Inquiry_WhereIsMyAccount,8,8.5
TCK-4002201,APP-1009679,Email_Helpdesk,Status_Inquiry_WhereIsMyAccount,19,12.0
TCK-4002202,APP-1009687,In_App_Chat,Status_Inquiry_WhereIsMyAccount,6,8.5
TCK-4002203,APP-1009690,In_App_Chat,Document_Upload_Failure,38,8.5
TCK-4002204,APP-1009695,In_App_Chat,Status_Inquiry_WhereIsMyAccount,15,8.5
TCK-4002205,APP-1009697,In_App_Chat,Status_Inquiry_WhereIsMyAccount,14,8.5
TCK-4002206,APP-1009707,In_App_Chat,Status_Inquiry_WhereIsMyAccount,34,8.5
TCK-4002207,APP-1009710,In_App_Chat,General_Clarification,22,8.5
TCK-4002208,APP-1009711,Email_Helpdesk,General_Clarification,8,12.0
TCK-4002209,APP-1009713,Email_Helpdesk,General_Clarification,28,12.0
TCK-4002210,APP-1009717,In_App_Chat,Status_Inquiry_WhereIsMyAccount,11,8.5
TCK-4002211,APP-1009722,Email_Helpdesk,Status_Inquiry_WhereIsMyAccount,10,12.0
TCK-4002212,APP-1009725,Phone_IVR,Status_Inquiry_WhereIsMyAccount,44,18.0
TCK-4002213,APP-1009728,Phone_IVR,Status_Inquiry_WhereIsMyAccount,31,18.0
TCK-4002214,APP-1009730,Email_Helpdesk,Document_Upload_Failure,11,12.0
TCK-4002215,APP-1009737,Email_Helpdesk,General_Clarification,39,12.0
TCK-4002216,APP-1009744,In_App_Chat,Status_Inquiry_WhereIsMyAccount,35,8.5
TCK-4002217,APP-1009747,In_App_Chat,Status_Inquiry_WhereIsMyAccount,37,8.5
TCK-4002218,APP-1009758,Phone_IVR,Status_Inquiry_WhereIsMyAccount,28,18.0
TCK-4002219,APP-1009764,In_App_Chat,Status_Inquiry_WhereIsMyAccount,41,8.5
TCK-4002220,APP-1009782,In_App_Chat,Status_Inquiry_WhereIsMyAccount,9,8.5
TCK-4002221,APP-1009783,Phone_IVR,Status_Inquiry_WhereIsMyAccount,44,18.0
TCK-4002222,APP-1009784,In_App_Chat,Status_Inquiry_WhereIsMyAccount,14,8.5
TCK-4002223,APP-1009794,Phone_IVR,Status_Inquiry_WhereIsMyAccount,5,18.0
TCK-4002224,APP-1009795,Phone_IVR,General_Clarification,29,18.0
TCK-4002225,APP-1009797,In_App_Chat,Status_Inquiry_WhereIsMyAccount,13,8.5
TCK-4002226,APP-1009799,In_App_Chat,General_Clarification,35,8.5
TCK-4002227,APP-1009802,Phone_IVR,Status_Inquiry_WhereIsMyAccount,10,18.0
TCK-4002228,APP-1009806,In_App_Chat,Status_Inquiry_WhereIsMyAccount,15,8.5
TCK-4002229,APP-1009819,In_App_Chat,Status_Inquiry_WhereIsMyAccount,32,8.5
TCK-4002230,APP-1009821,Email_Helpdesk,Status_Inquiry_WhereIsMyAccount,14,12.0
TCK-4002231,APP-1009831,In_App_Chat,Status_Inquiry_WhereIsMyAccount,16,8.5
TCK-4002232,APP-1009844,In_App_Chat,Status_Inquiry_WhereIsMyAccount,15,8.5
TCK-4002233,APP-1009845,In_App_Chat,Status_Inquiry_WhereIsMyAccount,31,8.5
TCK-4002234,APP-1009852,In_App_Chat,Document_Upload_Failure,38,8.5
TCK-4002235,APP-1009854,In_App_Chat,Status_Inquiry_WhereIsMyAccount,7,8.5
TCK-4002236,APP-1009855,In_App_Chat,Status_Inquiry_WhereIsMyAccount,12,8.5
TCK-4002237,APP-1009858,In_App_Chat,Status_Inquiry_WhereIsMyAccount,30,8.5
TCK-4002238,APP-1009859,Email_Helpdesk,Status_Inquiry_WhereIsMyAccount,44,12.0
TCK-4002239,APP-1009864,Phone_IVR,Document_Upload_Failure,32,18.0
TCK-4002240,APP-1009867,Email_Helpdesk,General_Clarification,8,12.0
TCK-4002241,APP-1009872,In_App_Chat,Status_Inquiry_WhereIsMyAccount,11,8.5
TCK-4002242,APP-1009874,Email_Helpdesk,Status_Inquiry_WhereIsMyAccount,11,12.0
TCK-4002243,APP-1009878,In_App_Chat,Status_Inquiry_WhereIsMyAccount,9,8.5
TCK-4002244,APP-1009883,In_App_Chat,Document_Upload_Failure,43,8.5
TCK-4002245,APP-1009886,In_App_Chat,Status_Inquiry_WhereIsMyAccount,33,8.5
TCK-4002246,APP-1009887,In_App_Chat,Status_Inquiry_WhereIsMyAccount,41,8.5
TCK-4002247,APP-1009888,In_App_Chat,Status_Inquiry_WhereIsMyAccount,34,8.5
TCK-4002248,APP-1009889,In_App_Chat,General_Clarification,41,8.5
TCK-4002249,APP-1009897,In_App_Chat,Status_Inquiry_WhereIsMyAccount,14,8.5
TCK-4002250,APP-1009901,In_App_Chat,Document_Upload_Failure,8,8.5
TCK-4002251,APP-1009902,In_App_Chat,Status_Inquiry_WhereIsMyAccount,43,8.5
TCK-4002252,APP-1009906,In_App_Chat,Status_Inquiry_WhereIsMyAccount,30,8.5
TCK-4002253,APP-1009920,Email_Helpdesk,Status_Inquiry_WhereIsMyAccount,11,12.0
TCK-4002254,APP-1009921,Phone_IVR,General_Clarification,42,18.0
TCK-4002255,APP-1009936,In_App_Chat,Status_Inquiry_WhereIsMyAccount,8,8.5
TCK-4002256,APP-1009937,Phone_IVR,Status_Inquiry_WhereIsMyAccount,25,18.0
TCK-4002257,APP-1009944,In_App_Chat,Status_Inquiry_WhereIsMyAccount,43,8.5
TCK-4002258,APP-1009950,In_App_Chat,Status_Inquiry_WhereIsMyAccount,5,8.5
TCK-4002259,APP-1009953,In_App_Chat,Status_Inquiry_WhereIsMyAccount,10,8.5
TCK-4002260,APP-1009963,Phone_IVR,Status_Inquiry_WhereIsMyAccount,34,18.0
TCK-4002261,APP-1009964,In_App_Chat,Status_Inquiry_WhereIsMyAccount,35,8.5
TCK-4002262,APP-1009965,In_App_Chat,Status_Inquiry_WhereIsMyAccount,38,8.5
TCK-4002263,APP-1009968,Phone_IVR,Status_Inquiry_WhereIsMyAccount,32,18.0
TCK-4002264,APP-1009974,In_App_Chat,Status_Inquiry_WhereIsMyAccount,14,8.5
TCK-4002265,APP-1009994,In_App_Chat,General_Clarification,39,8.5
TCK-4002266,APP-1010006,Email_Helpdesk,Status_Inquiry_WhereIsMyAccount,30,12.0
TCK-4002267,APP-1010016,Phone_IVR,Document_Upload_Failure,10,18.0
TCK-4002268,APP-1010018,Phone_IVR,Status_Inquiry_WhereIsMyAccount,32,18.0
TCK-4002269,APP-1010020,Phone_IVR,Status_Inquiry_WhereIsMyAccount,43,18.0
TCK-4002270,APP-1010022,In_App_Chat,Status_Inquiry_WhereIsMyAccount,17,8.5
TCK-4002271,APP-1010029,Phone_IVR,Status_Inquiry_WhereIsMyAccount,8,18.0
TCK-4002272,APP-1010030,Email_Helpdesk,Status_Inquiry_WhereIsMyAccount,37,12.0
TCK-4002273,APP-1010035,In_App_Chat,General_Clarification,25,8.5
TCK-4002274,APP-1010038,In_App_Chat,Document_Upload_Failure,31,8.5
TCK-4002275,APP-1010043,Phone_IVR,General_Clarification,23,18.0
TCK-4002276,APP-1010045,In_App_Chat,Status_Inquiry_WhereIsMyAccount,37,8.5
TCK-4002277,APP-1010050,Email_Helpdesk,Status_Inquiry_WhereIsMyAccount,44,12.0
TCK-4002278,APP-1010056,In_App_Chat,Status_Inquiry_WhereIsMyAccount,32,8.5
TCK-4002279,APP-1010057,In_App_Chat,Status_Inquiry_WhereIsMyAccount,28,8.5
TCK-4002280,APP-1010061,In_App_Chat,Status_Inquiry_WhereIsMyAccount,20,8.5
TCK-4002281,APP-1010063,In_App_Chat,Status_Inquiry_WhereIsMyAccount,29,8.5
TCK-4002282,APP-1010066,Phone_IVR,Status_Inquiry_WhereIsMyAccount,14,18.0
TCK-4002283,APP-1010067,In_App_Chat,Status_Inquiry_WhereIsMyAccount,8,8.5
TCK-4002284,APP-1010079,In_App_Chat,Status_Inquiry_WhereIsMyAccount,21,8.5
TCK-4002285,APP-1010085,In_App_Chat,General_Clarification,8,8.5
TCK-4002286,APP-1010086,In_App_Chat,Status_Inquiry_WhereIsMyAccount,19,8.5
TCK-4002287,APP-1010091,Email_Helpdesk,Status_Inquiry_WhereIsMyAccount,5,12.0
TCK-4002288,APP-1010092,In_App_Chat,Status_Inquiry_WhereIsMyAccount,10,8.5
TCK-4002289,APP-1010098,Phone_IVR,Status_Inquiry_WhereIsMyAccount,8,18.0
TCK-4002290,APP-1010101,In_App_Chat,Status_Inquiry_WhereIsMyAccount,18,8.5
TCK-4002291,APP-1010103,In_App_Chat,Status_Inquiry_WhereIsMyAccount,17,8.5
TCK-4002292,APP-1010112,Phone_IVR,Status_Inquiry_WhereIsMyAccount,41,18.0
TCK-4002293,APP-1010126,Phone_IVR,Status_Inquiry_WhereIsMyAccount,17,18.0
TCK-4002294,APP-1010127,In_App_Chat,Status_Inquiry_WhereIsMyAccount,22,8.5
TCK-4002295,APP-1010129,In_App_Chat,Status_Inquiry_WhereIsMyAccount,42,8.5
TCK-4002296,APP-1010130,In_App_Chat,Status_Inquiry_WhereIsMyAccount,16,8.5
TCK-4002297,APP-1010131,In_App_Chat,Status_Inquiry_WhereIsMyAccount,40,8.5
TCK-4002298,APP-1010134,In_App_Chat,Status_Inquiry_WhereIsMyAccount,17,8.5
TCK-4002299,APP-1010136,Phone_IVR,Status_Inquiry_WhereIsMyAccount,13,18.0
TCK-4002300,APP-1010148,Phone_IVR,Status_Inquiry_WhereIsMyAccount,32,18.0
TCK-4002301,APP-1010156,Phone_IVR,Status_Inquiry_WhereIsMyAccount,29,18.0
TCK-4002302,APP-1010157,Email_Helpdesk,General_Clarification,9,12.0
TCK-4002303,APP-1010161,Phone_IVR,Status_Inquiry_WhereIsMyAccount,5,18.0
TCK-4002304,APP-1010162,In_App_Chat,Status_Inquiry_WhereIsMyAccount,25,8.5
TCK-4002305,APP-1010166,In_App_Chat,Status_Inquiry_WhereIsMyAccount,14,8.5
TCK-4002306,APP-1010168,In_App_Chat,Status_Inquiry_WhereIsMyAccount,27,8.5
TCK-4002307,APP-1010173,Phone_IVR,Status_Inquiry_WhereIsMyAccount,39,18.0
TCK-4002308,APP-1010176,In_App_Chat,Status_Inquiry_WhereIsMyAccount,43,8.5
TCK-4002309,APP-1010180,In_App_Chat,Status_Inquiry_WhereIsMyAccount,40,8.5
TCK-4002310,APP-1010183,Phone_IVR,Status_Inquiry_WhereIsMyAccount,17,18.0
TCK-4002311,APP-1010186,Phone_IVR,Status_Inquiry_WhereIsMyAccount,36,18.0
TCK-4002312,APP-1010190,In_App_Chat,Status_Inquiry_WhereIsMyAccount,10,8.5
TCK-4002313,APP-1010192,In_App_Chat,Status_Inquiry_WhereIsMyAccount,6,8.5
TCK-4002314,APP-1010195,In_App_Chat,General_Clarification,31,8.5
TCK-4002315,APP-1010196,Email_Helpdesk,Status_Inquiry_WhereIsMyAccount,34,12.0
TCK-4002316,APP-1010199,Phone_IVR,Document_Upload_Failure,15,18.0
TCK-4002317,APP-1010221,In_App_Chat,Status_Inquiry_WhereIsMyAccount,5,8.5
TCK-4002318,APP-1010225,In_App_Chat,Status_Inquiry_WhereIsMyAccount,21,8.5
TCK-4002319,APP-1010226,In_App_Chat,Status_Inquiry_WhereIsMyAccount,8,8.5
TCK-4002320,APP-1010231,In_App_Chat,Status_Inquiry_WhereIsMyAccount,16,8.5
TCK-4002321,APP-1010243,In_App_Chat,Status_Inquiry_WhereIsMyAccount,10,8.5
TCK-4002322,APP-1010247,Phone_IVR,Status_Inquiry_WhereIsMyAccount,22,18.0
TCK-4002323,APP-1010260,In_App_Chat,Status_Inquiry_WhereIsMyAccount,14,8.5
TCK-4002324,APP-1010262,Email_Helpdesk,Status_Inquiry_WhereIsMyAccount,32,12.0
TCK-4002325,APP-1010273,Phone_IVR,Status_Inquiry_WhereIsMyAccount,28,18.0
TCK-4002326,APP-1010275,In_App_Chat,Status_Inquiry_WhereIsMyAccount,23,8.5
TCK-4002327,APP-1010277,Email_Helpdesk,Status_Inquiry_WhereIsMyAccount,21,12.0
TCK-4002328,APP-1010281,In_App_Chat,Status_Inquiry_WhereIsMyAccount,39,8.5
TCK-4002329,APP-1010282,Email_Helpdesk,Status_Inquiry_WhereIsMyAccount,34,12.0
TCK-4002330,APP-1010290,Phone_IVR,Status_Inquiry_WhereIsMyAccount,23,18.0
TCK-4002331,APP-1010294,Email_Helpdesk,Status_Inquiry_WhereIsMyAccount,10,12.0
TCK-4002332,APP-1010299,In_App_Chat,General_Clarification,34,8.5
TCK-4002333,APP-1010301,Phone_IVR,Status_Inquiry_WhereIsMyAccount,39,18.0
TCK-4002334,APP-1010302,In_App_Chat,Status_Inquiry_WhereIsMyAccount,35,8.5
TCK-4002335,APP-1010303,In_App_Chat,Status_Inquiry_WhereIsMyAccount,12,8.5
TCK-4002336,APP-1010309,In_App_Chat,Status_Inquiry_WhereIsMyAccount,10,8.5
TCK-4002337,APP-1010316,In_App_Chat,Status_Inquiry_WhereIsMyAccount,32,8.5
TCK-4002338,APP-1010323,Email_Helpdesk,Status_Inquiry_WhereIsMyAccount,24,12.0
TCK-4002339,APP-1010329,In_App_Chat,Status_Inquiry_WhereIsMyAccount,15,8.5
TCK-4002340,APP-1010337,In_App_Chat,General_Clarification,23,8.5
TCK-4002341,APP-1010339,Phone_IVR,Status_Inquiry_WhereIsMyAccount,23,18.0
TCK-4002342,APP-1010346,In_App_Chat,Status_Inquiry_WhereIsMyAccount,10,8.5
TCK-4002343,APP-1010350,In_App_Chat,Status_Inquiry_WhereIsMyAccount,7,8.5
TCK-4002344,APP-1010351,In_App_Chat,Status_Inquiry_WhereIsMyAccount,35,8.5
TCK-4002345,APP-1010352,In_App_Chat,Document_Upload_Failure,32,8.5
TCK-4002346,APP-1010357,Phone_IVR,Status_Inquiry_WhereIsMyAccount,42,18.0
TCK-4002347,APP-1010359,In_App_Chat,Status_Inquiry_WhereIsMyAccount,23,8.5
TCK-4002348,APP-1010370,In_App_Chat,Status_Inquiry_WhereIsMyAccount,21,8.5
TCK-4002349,APP-1010381,In_App_Chat,Status_Inquiry_WhereIsMyAccount,20,8.5
TCK-4002350,APP-1010387,Phone_IVR,Status_Inquiry_WhereIsMyAccount,41,18.0
TCK-4002351,APP-1010391,Phone_IVR,Status_Inquiry_WhereIsMyAccount,40,18.0
TCK-4002352,APP-1010402,In_App_Chat,Status_Inquiry_WhereIsMyAccount,16,8.5
TCK-4002353,APP-1010405,In_App_Chat,Status_Inquiry_WhereIsMyAccount,18,8.5
TCK-4002354,APP-1010407,Phone_IVR,Status_Inquiry_WhereIsMyAccount,31,18.0
TCK-4002355,APP-1010409,Email_Helpdesk,Status_Inquiry_WhereIsMyAccount,42,12.0
TCK-4002356,APP-1010412,Phone_IVR,Status_Inquiry_WhereIsMyAccount,9,18.0
TCK-4002357,APP-1010414,Phone_IVR,Status_Inquiry_WhereIsMyAccount,29,18.0
TCK-4002358,APP-1010418,In_App_Chat,Status_Inquiry_WhereIsMyAccount,20,8.5
TCK-4002359,APP-1010430,Phone_IVR,Status_Inquiry_WhereIsMyAccount,28,18.0
TCK-4002360,APP-1010431,Phone_IVR,Status_Inquiry_WhereIsMyAccount,17,18.0
TCK-4002361,APP-1010432,Email_Helpdesk,Status_Inquiry_WhereIsMyAccount,5,12.0
TCK-4002362,APP-1010434,In_App_Chat,Status_Inquiry_WhereIsMyAccount,32,8.5
TCK-4002363,APP-1010436,Email_Helpdesk,Status_Inquiry_WhereIsMyAccount,36,12.0
TCK-4002364,APP-1010437,In_App_Chat,Status_Inquiry_WhereIsMyAccount,5,8.5
TCK-4002365,APP-1010443,In_App_Chat,Status_Inquiry_WhereIsMyAccount,27,8.5
TCK-4002366,APP-1010450,In_App_Chat,Status_Inquiry_WhereIsMyAccount,24,8.5
TCK-4002367,APP-1010452,In_App_Chat,Status_Inquiry_WhereIsMyAccount,12,8.5
TCK-4002368,APP-1010456,In_App_Chat,Status_Inquiry_WhereIsMyAccount,43,8.5
TCK-4002369,APP-1010461,Phone_IVR,Status_Inquiry_WhereIsMyAccount,42,18.0
TCK-4002370,APP-1010467,In_App_Chat,General_Clarification,29,8.5
TCK-4002371,APP-1010469,Email_Helpdesk,Document_Upload_Failure,6,12.0
TCK-4002372,APP-1010483,Email_Helpdesk,Status_Inquiry_WhereIsMyAccount,32,12.0
TCK-4002373,APP-1010485,In_App_Chat,Status_Inquiry_WhereIsMyAccount,36,8.5
TCK-4002374,APP-1010489,Email_Helpdesk,Status_Inquiry_WhereIsMyAccount,18,12.0
TCK-4002375,APP-1010491,In_App_Chat,Status_Inquiry_WhereIsMyAccount,10,8.5
TCK-4002376,APP-1010496,Email_Helpdesk,Status_Inquiry_WhereIsMyAccount,7,12.0
TCK-4002377,APP-1010497,Phone_IVR,Status_Inquiry_WhereIsMyAccount,24,18.0
TCK-4002378,APP-1010500,In_App_Chat,Status_Inquiry_WhereIsMyAccount,17,8.5
TCK-4002379,APP-1010504,In_App_Chat,Status_Inquiry_WhereIsMyAccount,19,8.5
TCK-4002380,APP-1010508,In_App_Chat,Status_Inquiry_WhereIsMyAccount,32,8.5
TCK-4002381,APP-1010513,Phone_IVR,Status_Inquiry_WhereIsMyAccount,26,18.0
TCK-4002382,APP-1010514,Phone_IVR,Status_Inquiry_WhereIsMyAccount,17,18.0
TCK-4002383,APP-1010518,In_App_Chat,Status_Inquiry_WhereIsMyAccount,44,8.5
TCK-4002384,APP-1010528,Phone_IVR,Status_Inquiry_WhereIsMyAccount,16,18.0
TCK-4002385,APP-1010529,In_App_Chat,Status_Inquiry_WhereIsMyAccount,7,8.5
TCK-4002386,APP-1010531,In_App_Chat,Status_Inquiry_WhereIsMyAccount,21,8.5
TCK-4002387,APP-1010533,In_App_Chat,Status_Inquiry_WhereIsMyAccount,39,8.5
TCK-4002388,APP-1010534,In_App_Chat,Document_Upload_Failure,6,8.5
TCK-4002389,APP-1010538,In_App_Chat,Status_Inquiry_WhereIsMyAccount,29,8.5
TCK-4002390,APP-1010542,In_App_Chat,Status_Inquiry_WhereIsMyAccount,15,8.5
TCK-4002391,APP-1010550,In_App_Chat,Document_Upload_Failure,33,8.5
TCK-4002392,APP-1010556,Email_Helpdesk,Status_Inquiry_WhereIsMyAccount,28,12.0
TCK-4002393,APP-1010562,Phone_IVR,Status_Inquiry_WhereIsMyAccount,25,18.0
TCK-4002394,APP-1010571,In_App_Chat,General_Clarification,9,8.5
TCK-4002395,APP-1010574,In_App_Chat,Status_Inquiry_WhereIsMyAccount,30,8.5
TCK-4002396,APP-1010579,Email_Helpdesk,Status_Inquiry_WhereIsMyAccount,24,12.0
TCK-4002397,APP-1010586,In_App_Chat,Status_Inquiry_WhereIsMyAccount,7,8.5
TCK-4002398,APP-1010588,In_App_Chat,Status_Inquiry_WhereIsMyAccount,43,8.5
TCK-4002399,APP-1010591,In_App_Chat,General_Clarification,40,8.5
TCK-4002400,APP-1010594,In_App_Chat,Document_Upload_Failure,25,8.5
TCK-4002401,APP-1010596,In_App_Chat,Status_Inquiry_WhereIsMyAccount,39,8.5
TCK-4002402,APP-1010598,In_App_Chat,Status_Inquiry_WhereIsMyAccount,6,8.5
TCK-4002403,APP-1010603,In_App_Chat,Status_Inquiry_WhereIsMyAccount,23,8.5
TCK-4002404,APP-1010605,In_App_Chat,Status_Inquiry_WhereIsMyAccount,16,8.5
TCK-4002405,APP-1010606,In_App_Chat,Status_Inquiry_WhereIsMyAccount,8,8.5
TCK-4002406,APP-1010609,Email_Helpdesk,Status_Inquiry_WhereIsMyAccount,35,12.0
TCK-4002407,APP-1010612,In_App_Chat,Status_Inquiry_WhereIsMyAccount,37,8.5
TCK-4002408,APP-1010618,In_App_Chat,Status_Inquiry_WhereIsMyAccount,40,8.5
TCK-4002409,APP-1010626,In_App_Chat,Status_Inquiry_WhereIsMyAccount,20,8.5
TCK-4002410,APP-1010636,In_App_Chat,Status_Inquiry_WhereIsMyAccount,42,8.5
TCK-4002411,APP-1010639,In_App_Chat,Status_Inquiry_WhereIsMyAccount,24,8.5
TCK-4002412,APP-1010644,Phone_IVR,Status_Inquiry_WhereIsMyAccount,10,18.0
TCK-4002413,APP-1010651,In_App_Chat,Status_Inquiry_WhereIsMyAccount,44,8.5
TCK-4002414,APP-1010655,In_App_Chat,Status_Inquiry_WhereIsMyAccount,11,8.5
TCK-4002415,APP-1010667,In_App_Chat,Status_Inquiry_WhereIsMyAccount,26,8.5
TCK-4002416,APP-1010671,Phone_IVR,Status_Inquiry_WhereIsMyAccount,29,18.0
TCK-4002417,APP-1010682,In_App_Chat,General_Clarification,22,8.5
TCK-4002418,APP-1010684,Email_Helpdesk,Status_Inquiry_WhereIsMyAccount,25,12.0
TCK-4002419,APP-1010699,In_App_Chat,General_Clarification,12,8.5
TCK-4002420,APP-1010708,In_App_Chat,Status_Inquiry_WhereIsMyAccount,39,8.5
TCK-4002421,APP-1010710,In_App_Chat,General_Clarification,15,8.5
TCK-4002422,APP-1010714,In_App_Chat,Status_Inquiry_WhereIsMyAccount,5,8.5
TCK-4002423,APP-1010722,Email_Helpdesk,Status_Inquiry_WhereIsMyAccount,40,12.0
TCK-4002424,APP-1010724,Email_Helpdesk,Status_Inquiry_WhereIsMyAccount,7,12.0
TCK-4002425,APP-1010726,In_App_Chat,Document_Upload_Failure,18,8.5
TCK-4002426,APP-1010731,In_App_Chat,General_Clarification,5,8.5
TCK-4002427,APP-1010732,In_App_Chat,Document_Upload_Failure,44,8.5
TCK-4002428,APP-1010733,Phone_IVR,Status_Inquiry_WhereIsMyAccount,9,18.0
TCK-4002429,APP-1010734,Phone_IVR,Document_Upload_Failure,5,18.0
TCK-4002430,APP-1010736,In_App_Chat,Status_Inquiry_WhereIsMyAccount,22,8.5
TCK-4002431,APP-1010744,In_App_Chat,Status_Inquiry_WhereIsMyAccount,36,8.5
TCK-4002432,APP-1010747,Email_Helpdesk,Status_Inquiry_WhereIsMyAccount,16,12.0
TCK-4002433,APP-1010749,In_App_Chat,Status_Inquiry_WhereIsMyAccount,12,8.5
TCK-4002434,APP-1010752,In_App_Chat,Status_Inquiry_WhereIsMyAccount,20,8.5
TCK-4002435,APP-1010753,Phone_IVR,Status_Inquiry_WhereIsMyAccount,42,18.0
TCK-4002436,APP-1010757,Email_Helpdesk,Status_Inquiry_WhereIsMyAccount,33,12.0
TCK-4002437,APP-1010758,In_App_Chat,Status_Inquiry_WhereIsMyAccount,43,8.5
TCK-4002438,APP-1010766,In_App_Chat,Status_Inquiry_WhereIsMyAccount,10,8.5
TCK-4002439,APP-1010773,Email_Helpdesk,General_Clarification,19,12.0
TCK-4002440,APP-1010775,In_App_Chat,Status_Inquiry_WhereIsMyAccount,35,8.5
TCK-4002441,APP-1010776,Phone_IVR,Status_Inquiry_WhereIsMyAccount,23,18.0
TCK-4002442,APP-1010778,In_App_Chat,Status_Inquiry_WhereIsMyAccount,32,8.5
TCK-4002443,APP-1010790,In_App_Chat,Status_Inquiry_WhereIsMyAccount,33,8.5
TCK-4002444,APP-1010795,Phone_IVR,Status_Inquiry_WhereIsMyAccount,18,18.0
TCK-4002445,APP-1010800,In_App_Chat,Status_Inquiry_WhereIsMyAccount,27,8.5
TCK-4002446,APP-1010805,In_App_Chat,Status_Inquiry_WhereIsMyAccount,21,8.5
TCK-4002447,APP-1010807,In_App_Chat,Status_Inquiry_WhereIsMyAccount,32,8.5
TCK-4002448,APP-1010813,In_App_Chat,Document_Upload_Failure,28,8.5
TCK-4002449,APP-1010819,In_App_Chat,Status_Inquiry_WhereIsMyAccount,35,8.5
TCK-4002450,APP-1010825,In_App_Chat,Status_Inquiry_WhereIsMyAccount,37,8.5
TCK-4002451,APP-1010826,In_App_Chat,Status_Inquiry_WhereIsMyAccount,10,8.5
TCK-4002452,APP-1010831,In_App_Chat,Status_Inquiry_WhereIsMyAccount,12,8.5
TCK-4002453,APP-1010832,In_App_Chat,Status_Inquiry_WhereIsMyAccount,12,8.5
TCK-4002454,APP-1010841,Phone_IVR,Status_Inquiry_WhereIsMyAccount,27,18.0
TCK-4002455,APP-1010844,Email_Helpdesk,Status_Inquiry_WhereIsMyAccount,9,12.0
TCK-4002456,APP-1010848,In_App_Chat,Status_Inquiry_WhereIsMyAccount,29,8.5
TCK-4002457,APP-1010851,In_App_Chat,Status_Inquiry_WhereIsMyAccount,14,8.5
TCK-4002458,APP-1010853,Phone_IVR,Status_Inquiry_WhereIsMyAccount,22,18.0
TCK-4002459,APP-1010856,In_App_Chat,Status_Inquiry_WhereIsMyAccount,36,8.5
TCK-4002460,APP-1010857,In_App_Chat,Status_Inquiry_WhereIsMyAccount,5,8.5
TCK-4002461,APP-1010859,Phone_IVR,Status_Inquiry_WhereIsMyAccount,32,18.0
TCK-4002462,APP-1010860,Email_Helpdesk,General_Clarification,14,12.0
TCK-4002463,APP-1010870,In_App_Chat,Status_Inquiry_WhereIsMyAccount,17,8.5
TCK-4002464,APP-1010881,Phone_IVR,Status_Inquiry_WhereIsMyAccount,44,18.0
TCK-4002465,APP-1010885,Email_Helpdesk,Status_Inquiry_WhereIsMyAccount,16,12.0
TCK-4002466,APP-1010887,Email_Helpdesk,Status_Inquiry_WhereIsMyAccount,21,12.0
TCK-4002467,APP-1010888,Phone_IVR,Status_Inquiry_WhereIsMyAccount,6,18.0
TCK-4002468,APP-1010913,Email_Helpdesk,Status_Inquiry_WhereIsMyAccount,26,12.0
TCK-4002469,APP-1010931,Phone_IVR,Status_Inquiry_WhereIsMyAccount,24,18.0
TCK-4002470,APP-1010932,In_App_Chat,Status_Inquiry_WhereIsMyAccount,18,8.5
TCK-4002471,APP-1010933,In_App_Chat,Status_Inquiry_WhereIsMyAccount,23,8.5
TCK-4002472,APP-1010938,In_App_Chat,Status_Inquiry_WhereIsMyAccount,7,8.5
TCK-4002473,APP-1010941,In_App_Chat,Status_Inquiry_WhereIsMyAccount,30,8.5
TCK-4002474,APP-1010942,In_App_Chat,Status_Inquiry_WhereIsMyAccount,28,8.5
TCK-4002475,APP-1010944,In_App_Chat,General_Clarification,28,8.5
TCK-4002476,APP-1010957,In_App_Chat,Status_Inquiry_WhereIsMyAccount,19,8.5
TCK-4002477,APP-1010960,In_App_Chat,Status_Inquiry_WhereIsMyAccount,29,8.5
TCK-4002478,APP-1010962,In_App_Chat,Status_Inquiry_WhereIsMyAccount,33,8.5
TCK-4002479,APP-1010963,In_App_Chat,Document_Upload_Failure,22,8.5
TCK-4002480,APP-1010967,In_App_Chat,Status_Inquiry_WhereIsMyAccount,8,8.5
TCK-4002481,APP-1010968,In_App_Chat,Status_Inquiry_WhereIsMyAccount,36,8.5
TCK-4002482,APP-1010969,Email_Helpdesk,Status_Inquiry_WhereIsMyAccount,20,12.0
TCK-4002483,APP-1010970,Email_Helpdesk,Status_Inquiry_WhereIsMyAccount,40,12.0
TCK-4002484,APP-1010972,In_App_Chat,Status_Inquiry_WhereIsMyAccount,16,8.5
TCK-4002485,APP-1010974,Email_Helpdesk,General_Clarification,21,12.0
TCK-4002486,APP-1010977,Phone_IVR,Status_Inquiry_WhereIsMyAccount,34,18.0
TCK-4002487,APP-1010981,Phone_IVR,Status_Inquiry_WhereIsMyAccount,38,18.0
TCK-4002488,APP-1010988,Phone_IVR,Document_Upload_Failure,29,18.0
TCK-4002489,APP-1010994,In_App_Chat,Status_Inquiry_WhereIsMyAccount,32,8.5
TCK-4002490,APP-1011000,In_App_Chat,Status_Inquiry_WhereIsMyAccount,9,8.5
TCK-4002491,APP-1011002,In_App_Chat,Status_Inquiry_WhereIsMyAccount,43,8.5
TCK-4002492,APP-1011006,In_App_Chat,Status_Inquiry_WhereIsMyAccount,37,8.5
TCK-4002493,APP-1011007,In_App_Chat,Status_Inquiry_WhereIsMyAccount,36,8.5
TCK-4002494,APP-1011011,In_App_Chat,Status_Inquiry_WhereIsMyAccount,11,8.5
TCK-4002495,APP-1011026,In_App_Chat,Status_Inquiry_WhereIsMyAccount,8,8.5
TCK-4002496,APP-1011031,Email_Helpdesk,Status_Inquiry_WhereIsMyAccount,36,12.0
TCK-4002497,APP-1011033,In_App_Chat,Status_Inquiry_WhereIsMyAccount,5,8.5
TCK-4002498,APP-1011036,Phone_IVR,Status_Inquiry_WhereIsMyAccount,32,18.0
TCK-4002499,APP-1011043,In_App_Chat,Status_Inquiry_WhereIsMyAccount,11,8.5
TCK-4002500,APP-1011049,In_App_Chat,Status_Inquiry_WhereIsMyAccount,17,8.5
TCK-4002501,APP-1011050,Phone_IVR,Status_Inquiry_WhereIsMyAccount,28,18.0
TCK-4002502,APP-1011053,Phone_IVR,General_Clarification,24,18.0
TCK-4002503,APP-1011057,In_App_Chat,Status_Inquiry_WhereIsMyAccount,26,8.5
TCK-4002504,APP-1011072,In_App_Chat,Status_Inquiry_WhereIsMyAccount,13,8.5
TCK-4002505,APP-1011075,Phone_IVR,General_Clarification,14,18.0
TCK-4002506,APP-1011079,In_App_Chat,Status_Inquiry_WhereIsMyAccount,32,8.5
TCK-4002507,APP-1011085,Phone_IVR,Status_Inquiry_WhereIsMyAccount,18,18.0
TCK-4002508,APP-1011086,In_App_Chat,Document_Upload_Failure,28,8.5
TCK-4002509,APP-1011088,Phone_IVR,Status_Inquiry_WhereIsMyAccount,37,18.0
TCK-4002510,APP-1011091,In_App_Chat,Status_Inquiry_WhereIsMyAccount,37,8.5
TCK-4002511,APP-1011093,In_App_Chat,Status_Inquiry_WhereIsMyAccount,5,8.5
TCK-4002512,APP-1011098,In_App_Chat,Status_Inquiry_WhereIsMyAccount,6,8.5
TCK-4002513,APP-1011100,Phone_IVR,Status_Inquiry_WhereIsMyAccount,5,18.0
TCK-4002514,APP-1011106,Email_Helpdesk,Status_Inquiry_WhereIsMyAccount,14,12.0
TCK-4002515,APP-1011110,In_App_Chat,Document_Upload_Failure,37,8.5
TCK-4002516,APP-1011113,In_App_Chat,Status_Inquiry_WhereIsMyAccount,19,8.5
TCK-4002517,APP-1011118,In_App_Chat,Status_Inquiry_WhereIsMyAccount,37,8.5
TCK-4002518,APP-1011123,Email_Helpdesk,Status_Inquiry_WhereIsMyAccount,36,12.0
TCK-4002519,APP-1011130,In_App_Chat,General_Clarification,32,8.5
TCK-4002520,APP-1011141,In_App_Chat,General_Clarification,42,8.5
TCK-4002521,APP-1011144,Phone_IVR,Status_Inquiry_WhereIsMyAccount,11,18.0
TCK-4002522,APP-1011147,In_App_Chat,Status_Inquiry_WhereIsMyAccount,25,8.5
TCK-4002523,APP-1011158,In_App_Chat,Status_Inquiry_WhereIsMyAccount,41,8.5
TCK-4002524,APP-1011166,In_App_Chat,Status_Inquiry_WhereIsMyAccount,18,8.5
TCK-4002525,APP-1011167,Phone_IVR,Status_Inquiry_WhereIsMyAccount,25,18.0
TCK-4002526,APP-1011169,In_App_Chat,Status_Inquiry_WhereIsMyAccount,15,8.5
TCK-4002527,APP-1011180,In_App_Chat,General_Clarification,32,8.5
TCK-4002528,APP-1011181,In_App_Chat,Status_Inquiry_WhereIsMyAccount,37,8.5
TCK-4002529,APP-1011182,In_App_Chat,Status_Inquiry_WhereIsMyAccount,23,8.5
TCK-4002530,APP-1011184,Email_Helpdesk,Status_Inquiry_WhereIsMyAccount,23,12.0
TCK-4002531,APP-1011191,Email_Helpdesk,Status_Inquiry_WhereIsMyAccount,26,12.0
TCK-4002532,APP-1011197,Email_Helpdesk,Document_Upload_Failure,35,12.0
TCK-4002533,APP-1011219,In_App_Chat,General_Clarification,29,8.5
TCK-4002534,APP-1011224,Email_Helpdesk,Status_Inquiry_WhereIsMyAccount,18,12.0
TCK-4002535,APP-1011232,In_App_Chat,Status_Inquiry_WhereIsMyAccount,13,8.5
TCK-4002536,APP-1011237,Phone_IVR,Status_Inquiry_WhereIsMyAccount,8,18.0
TCK-4002537,APP-1011238,In_App_Chat,Status_Inquiry_WhereIsMyAccount,29,8.5
TCK-4002538,APP-1011240,In_App_Chat,Status_Inquiry_WhereIsMyAccount,28,8.5
TCK-4002539,APP-1011242,In_App_Chat,Document_Upload_Failure,14,8.5
TCK-4002540,APP-1011243,In_App_Chat,General_Clarification,16,8.5
TCK-4002541,APP-1011244,In_App_Chat,Status_Inquiry_WhereIsMyAccount,35,8.5
TCK-4002542,APP-1011245,Phone_IVR,Status_Inquiry_WhereIsMyAccount,11,18.0
TCK-4002543,APP-1011249,Phone_IVR,Status_Inquiry_WhereIsMyAccount,23,18.0
TCK-4002544,APP-1011258,Email_Helpdesk,Status_Inquiry_WhereIsMyAccount,41,12.0
TCK-4002545,APP-1011260,Email_Helpdesk,Status_Inquiry_WhereIsMyAccount,33,12.0
TCK-4002546,APP-1011265,Phone_IVR,Status_Inquiry_WhereIsMyAccount,9,18.0
TCK-4002547,APP-1011266,In_App_Chat,Status_Inquiry_WhereIsMyAccount,19,8.5
TCK-4002548,APP-1011269,In_App_Chat,Status_Inquiry_WhereIsMyAccount,6,8.5
TCK-4002549,APP-1011275,Email_Helpdesk,Status_Inquiry_WhereIsMyAccount,13,12.0
TCK-4002550,APP-1011276,In_App_Chat,Status_Inquiry_WhereIsMyAccount,23,8.5
TCK-4002551,APP-1011281,In_App_Chat,Document_Upload_Failure,39,8.5
TCK-4002552,APP-1011287,In_App_Chat,Status_Inquiry_WhereIsMyAccount,27,8.5
TCK-4002553,APP-1011288,Email_Helpdesk,Document_Upload_Failure,5,12.0
TCK-4002554,APP-1011289,In_App_Chat,Status_Inquiry_WhereIsMyAccount,42,8.5
TCK-4002555,APP-1011296,Email_Helpdesk,Status_Inquiry_WhereIsMyAccount,28,12.0
TCK-4002556,APP-1011307,In_App_Chat,General_Clarification,33,8.5
TCK-4002557,APP-1011315,In_App_Chat,Status_Inquiry_WhereIsMyAccount,39,8.5
TCK-4002558,APP-1011319,In_App_Chat,Status_Inquiry_WhereIsMyAccount,37,8.5
TCK-4002559,APP-1011321,Email_Helpdesk,Status_Inquiry_WhereIsMyAccount,27,12.0
TCK-4002560,APP-1011326,Phone_IVR,Status_Inquiry_WhereIsMyAccount,24,18.0
TCK-4002561,APP-1011330,In_App_Chat,Status_Inquiry_WhereIsMyAccount,31,8.5
TCK-4002562,APP-1011334,Email_Helpdesk,Status_Inquiry_WhereIsMyAccount,8,12.0
TCK-4002563,APP-1011335,In_App_Chat,Status_Inquiry_WhereIsMyAccount,17,8.5
TCK-4002564,APP-1011339,Phone_IVR,Status_Inquiry_WhereIsMyAccount,7,18.0
TCK-4002565,APP-1011340,In_App_Chat,Document_Upload_Failure,36,8.5
TCK-4002566,APP-1011344,In_App_Chat,Status_Inquiry_WhereIsMyAccount,36,8.5
TCK-4002567,APP-1011345,Phone_IVR,Status_Inquiry_WhereIsMyAccount,33,18.0
TCK-4002568,APP-1011347,In_App_Chat,Status_Inquiry_WhereIsMyAccount,33,8.5
TCK-4002569,APP-1011349,In_App_Chat,General_Clarification,17,8.5
TCK-4002570,APP-1011350,In_App_Chat,Status_Inquiry_WhereIsMyAccount,22,8.5
TCK-4002571,APP-1011355,In_App_Chat,Status_Inquiry_WhereIsMyAccount,18,8.5
TCK-4002572,APP-1011357,Phone_IVR,Status_Inquiry_WhereIsMyAccount,5,18.0
TCK-4002573,APP-1011359,In_App_Chat,General_Clarification,15,8.5
TCK-4002574,APP-1011367,In_App_Chat,Status_Inquiry_WhereIsMyAccount,16,8.5
TCK-4002575,APP-1011370,Email_Helpdesk,Document_Upload_Failure,43,12.0
TCK-4002576,APP-1011373,In_App_Chat,Status_Inquiry_WhereIsMyAccount,27,8.5
TCK-4002577,APP-1011374,In_App_Chat,Status_Inquiry_WhereIsMyAccount,39,8.5
TCK-4002578,APP-1011384,Phone_IVR,Status_Inquiry_WhereIsMyAccount,10,18.0
TCK-4002579,APP-1011386,Phone_IVR,Document_Upload_Failure,31,18.0
TCK-4002580,APP-1011389,Email_Helpdesk,Status_Inquiry_WhereIsMyAccount,19,12.0
TCK-4002581,APP-1011396,Phone_IVR,Document_Upload_Failure,20,18.0
TCK-4002582,APP-1011398,Phone_IVR,Document_Upload_Failure,5,18.0
TCK-4002583,APP-1011400,Email_Helpdesk,Status_Inquiry_WhereIsMyAccount,15,12.0
TCK-4002584,APP-1011402,In_App_Chat,Status_Inquiry_WhereIsMyAccount,35,8.5
TCK-4002585,APP-1011403,In_App_Chat,Status_Inquiry_WhereIsMyAccount,21,8.5
TCK-4002586,APP-1011410,In_App_Chat,General_Clarification,15,8.5
TCK-4002587,APP-1011412,Phone_IVR,Status_Inquiry_WhereIsMyAccount,40,18.0
TCK-4002588,APP-1011420,In_App_Chat,Document_Upload_Failure,11,8.5
TCK-4002589,APP-1011424,In_App_Chat,Status_Inquiry_WhereIsMyAccount,29,8.5
TCK-4002590,APP-1011426,Phone_IVR,Status_Inquiry_WhereIsMyAccount,35,18.0
TCK-4002591,APP-1011427,In_App_Chat,Status_Inquiry_WhereIsMyAccount,15,8.5
TCK-4002592,APP-1011429,Phone_IVR,Status_Inquiry_WhereIsMyAccount,27,18.0
TCK-4002593,APP-1011430,Email_Helpdesk,Status_Inquiry_WhereIsMyAccount,41,12.0
TCK-4002594,APP-1011432,In_App_Chat,Status_Inquiry_WhereIsMyAccount,17,8.5
TCK-4002595,APP-1011433,In_App_Chat,Status_Inquiry_WhereIsMyAccount,24,8.5
TCK-4002596,APP-1011434,In_App_Chat,Status_Inquiry_WhereIsMyAccount,37,8.5
TCK-4002597,APP-1011437,Phone_IVR,Status_Inquiry_WhereIsMyAccount,15,18.0
TCK-4002598,APP-1011442,Email_Helpdesk,Status_Inquiry_WhereIsMyAccount,28,12.0
TCK-4002599,APP-1011447,Email_Helpdesk,Status_Inquiry_WhereIsMyAccount,38,12.0
TCK-4002600,APP-1011448,Phone_IVR,Document_Upload_Failure,38,18.0
TCK-4002601,APP-1011449,In_App_Chat,Status_Inquiry_WhereIsMyAccount,39,8.5
TCK-4002602,APP-1011451,In_App_Chat,Status_Inquiry_WhereIsMyAccount,5,8.5
TCK-4002603,APP-1011452,Phone_IVR,Status_Inquiry_WhereIsMyAccount,30,18.0
TCK-4002604,APP-1011454,In_App_Chat,Status_Inquiry_WhereIsMyAccount,25,8.5
TCK-4002605,APP-1011457,In_App_Chat,Status_Inquiry_WhereIsMyAccount,25,8.5
TCK-4002606,APP-1011464,In_App_Chat,Status_Inquiry_WhereIsMyAccount,20,8.5
TCK-4002607,APP-1011467,In_App_Chat,Status_Inquiry_WhereIsMyAccount,20,8.5
TCK-4002608,APP-1011469,In_App_Chat,Status_Inquiry_WhereIsMyAccount,16,8.5
TCK-4002609,APP-1011473,In_App_Chat,Status_Inquiry_WhereIsMyAccount,19,8.5
TCK-4002610,APP-1011475,Phone_IVR,Status_Inquiry_WhereIsMyAccount,7,18.0
TCK-4002611,APP-1011477,In_App_Chat,Status_Inquiry_WhereIsMyAccount,35,8.5
TCK-4002612,APP-1011480,Phone_IVR,Status_Inquiry_WhereIsMyAccount,8,18.0
TCK-4002613,APP-1011500,Phone_IVR,Status_Inquiry_WhereIsMyAccount,44,18.0
TCK-4002614,APP-1011503,In_App_Chat,Status_Inquiry_WhereIsMyAccount,31,8.5
TCK-4002615,APP-1011506,In_App_Chat,Status_Inquiry_WhereIsMyAccount,18,8.5
TCK-4002616,APP-1011509,In_App_Chat,Status_Inquiry_WhereIsMyAccount,6,8.5
TCK-4002617,APP-1011518,In_App_Chat,Status_Inquiry_WhereIsMyAccount,42,8.5
TCK-4002618,APP-1011519,In_App_Chat,Status_Inquiry_WhereIsMyAccount,27,8.5
TCK-4002619,APP-1011521,In_App_Chat,Status_Inquiry_WhereIsMyAccount,28,8.5
TCK-4002620,APP-1011522,Email_Helpdesk,Status_Inquiry_WhereIsMyAccount,35,12.0
TCK-4002621,APP-1011529,In_App_Chat,Status_Inquiry_WhereIsMyAccount,8,8.5
TCK-4002622,APP-1011532,In_App_Chat,Status_Inquiry_WhereIsMyAccount,31,8.5
TCK-4002623,APP-1011535,Phone_IVR,Status_Inquiry_WhereIsMyAccount,11,18.0
TCK-4002624,APP-1011541,In_App_Chat,Status_Inquiry_WhereIsMyAccount,16,8.5
TCK-4002625,APP-1011542,Phone_IVR,Status_Inquiry_WhereIsMyAccount,10,18.0
TCK-4002626,APP-1011544,Phone_IVR,Status_Inquiry_WhereIsMyAccount,34,18.0
TCK-4002627,APP-1011548,In_App_Chat,Status_Inquiry_WhereIsMyAccount,17,8.5
TCK-4002628,APP-1011551,In_App_Chat,Status_Inquiry_WhereIsMyAccount,26,8.5
TCK-4002629,APP-1011558,In_App_Chat,Status_Inquiry_WhereIsMyAccount,13,8.5
TCK-4002630,APP-1011560,Phone_IVR,Status_Inquiry_WhereIsMyAccount,30,18.0
TCK-4002631,APP-1011561,Phone_IVR,Status_Inquiry_WhereIsMyAccount,20,18.0
TCK-4002632,APP-1011564,In_App_Chat,Status_Inquiry_WhereIsMyAccount,24,8.5
TCK-4002633,APP-1011567,Email_Helpdesk,Status_Inquiry_WhereIsMyAccount,19,12.0
TCK-4002634,APP-1011570,In_App_Chat,Status_Inquiry_WhereIsMyAccount,40,8.5
TCK-4002635,APP-1011582,In_App_Chat,Status_Inquiry_WhereIsMyAccount,34,8.5
TCK-4002636,APP-1011585,Phone_IVR,Status_Inquiry_WhereIsMyAccount,27,18.0
TCK-4002637,APP-1011586,In_App_Chat,Status_Inquiry_WhereIsMyAccount,39,8.5
TCK-4002638,APP-1011594,Email_Helpdesk,General_Clarification,25,12.0
TCK-4002639,APP-1011603,In_App_Chat,Status_Inquiry_WhereIsMyAccount,33,8.5
TCK-4002640,APP-1011605,In_App_Chat,Document_Upload_Failure,23,8.5
TCK-4002641,APP-1011608,Phone_IVR,Status_Inquiry_WhereIsMyAccount,19,18.0
TCK-4002642,APP-1011614,In_App_Chat,Status_Inquiry_WhereIsMyAccount,6,8.5
TCK-4002643,APP-1011618,In_App_Chat,General_Clarification,5,8.5
TCK-4002644,APP-1011619,In_App_Chat,General_Clarification,34,8.5
TCK-4002645,APP-1011628,Phone_IVR,Status_Inquiry_WhereIsMyAccount,28,18.0
TCK-4002646,APP-1011633,Email_Helpdesk,Status_Inquiry_WhereIsMyAccount,34,12.0
TCK-4002647,APP-1011634,In_App_Chat,Status_Inquiry_WhereIsMyAccount,41,8.5
TCK-4002648,APP-1011639,Email_Helpdesk,Status_Inquiry_WhereIsMyAccount,38,12.0
TCK-4002649,APP-1011640,In_App_Chat,Status_Inquiry_WhereIsMyAccount,14,8.5
TCK-4002650,APP-1011644,Phone_IVR,General_Clarification,41,18.0
TCK-4002651,APP-1011647,In_App_Chat,Document_Upload_Failure,15,8.5
TCK-4002652,APP-1011649,In_App_Chat,Status_Inquiry_WhereIsMyAccount,17,8.5
TCK-4002653,APP-1011652,In_App_Chat,Status_Inquiry_WhereIsMyAccount,7,8.5
TCK-4002654,APP-1011661,In_App_Chat,Status_Inquiry_WhereIsMyAccount,27,8.5
TCK-4002655,APP-1011674,In_App_Chat,Status_Inquiry_WhereIsMyAccount,38,8.5
TCK-4002656,APP-1011681,In_App_Chat,Status_Inquiry_WhereIsMyAccount,15,8.5
TCK-4002657,APP-1011686,In_App_Chat,Status_Inquiry_WhereIsMyAccount,18,8.5
TCK-4002658,APP-1011687,Email_Helpdesk,Status_Inquiry_WhereIsMyAccount,15,12.0
TCK-4002659,APP-1011691,Phone_IVR,Status_Inquiry_WhereIsMyAccount,36,18.0
TCK-4002660,APP-1011693,In_App_Chat,Status_Inquiry_WhereIsMyAccount,36,8.5
TCK-4002661,APP-1011705,In_App_Chat,Status_Inquiry_WhereIsMyAccount,39,8.5
TCK-4002662,APP-1011726,In_App_Chat,Status_Inquiry_WhereIsMyAccount,34,8.5
TCK-4002663,APP-1011750,Phone_IVR,Status_Inquiry_WhereIsMyAccount,6,18.0
TCK-4002664,APP-1011761,In_App_Chat,Status_Inquiry_WhereIsMyAccount,20,8.5
TCK-4002665,APP-1011768,In_App_Chat,Status_Inquiry_WhereIsMyAccount,44,8.5
TCK-4002666,APP-1011769,In_App_Chat,Status_Inquiry_WhereIsMyAccount,11,8.5
TCK-4002667,APP-1011773,Phone_IVR,Status_Inquiry_WhereIsMyAccount,36,18.0
TCK-4002668,APP-1011774,In_App_Chat,Status_Inquiry_WhereIsMyAccount,29,8.5
TCK-4002669,APP-1011776,Phone_IVR,Status_Inquiry_WhereIsMyAccount,31,18.0
TCK-4002670,APP-1011779,Email_Helpdesk,Status_Inquiry_WhereIsMyAccount,21,12.0
TCK-4002671,APP-1011780,Phone_IVR,Status_Inquiry_WhereIsMyAccount,9,18.0
TCK-4002672,APP-1011787,Phone_IVR,Status_Inquiry_WhereIsMyAccount,32,18.0
TCK-4002673,APP-1011790,Email_Helpdesk,Status_Inquiry_WhereIsMyAccount,22,12.0
TCK-4002674,APP-1011792,Phone_IVR,Status_Inquiry_WhereIsMyAccount,5,18.0
TCK-4002675,APP-1011794,Email_Helpdesk,Status_Inquiry_WhereIsMyAccount,16,12.0
TCK-4002676,APP-1011800,In_App_Chat,Status_Inquiry_WhereIsMyAccount,22,8.5
TCK-4002677,APP-1011803,Phone_IVR,Status_Inquiry_WhereIsMyAccount,20,18.0
TCK-4002678,APP-1011805,Email_Helpdesk,Document_Upload_Failure,18,12.0
TCK-4002679,APP-1011806,Email_Helpdesk,Status_Inquiry_WhereIsMyAccount,22,12.0
TCK-4002680,APP-1011808,Phone_IVR,Status_Inquiry_WhereIsMyAccount,34,18.0
TCK-4002681,APP-1011813,In_App_Chat,Document_Upload_Failure,32,8.5
TCK-4002682,APP-1011822,Phone_IVR,Status_Inquiry_WhereIsMyAccount,23,18.0
TCK-4002683,APP-1011825,In_App_Chat,General_Clarification,30,8.5
TCK-4002684,APP-1011832,Email_Helpdesk,Document_Upload_Failure,33,12.0
TCK-4002685,APP-1011833,In_App_Chat,General_Clarification,35,8.5
TCK-4002686,APP-1011835,In_App_Chat,Status_Inquiry_WhereIsMyAccount,6,8.5
TCK-4002687,APP-1011847,In_App_Chat,Status_Inquiry_WhereIsMyAccount,7,8.5
TCK-4002688,APP-1011848,Phone_IVR,Status_Inquiry_WhereIsMyAccount,40,18.0
TCK-4002689,APP-1011858,Phone_IVR,Status_Inquiry_WhereIsMyAccount,15,18.0
TCK-4002690,APP-1011861,In_App_Chat,Status_Inquiry_WhereIsMyAccount,13,8.5
TCK-4002691,APP-1011862,In_App_Chat,Status_Inquiry_WhereIsMyAccount,13,8.5
TCK-4002692,APP-1011866,In_App_Chat,Status_Inquiry_WhereIsMyAccount,11,8.5
TCK-4002693,APP-1011868,In_App_Chat,Status_Inquiry_WhereIsMyAccount,23,8.5
TCK-4002694,APP-1011871,In_App_Chat,Status_Inquiry_WhereIsMyAccount,27,8.5
TCK-4002695,APP-1011872,In_App_Chat,Status_Inquiry_WhereIsMyAccount,43,8.5
TCK-4002696,APP-1011876,Phone_IVR,Status_Inquiry_WhereIsMyAccount,40,18.0
TCK-4002697,APP-1011877,Phone_IVR,Status_Inquiry_WhereIsMyAccount,33,18.0
TCK-4002698,APP-1011881,In_App_Chat,Status_Inquiry_WhereIsMyAccount,11,8.5
TCK-4002699,APP-1011884,Phone_IVR,Status_Inquiry_WhereIsMyAccount,13,18.0
TCK-4002700,APP-1011888,In_App_Chat,Status_Inquiry_WhereIsMyAccount,9,8.5
TCK-4002701,APP-1011894,Phone_IVR,Status_Inquiry_WhereIsMyAccount,34,18.0
TCK-4002702,APP-1011895,Phone_IVR,Status_Inquiry_WhereIsMyAccount,30,18.0
TCK-4002703,APP-1011897,In_App_Chat,General_Clarification,9,8.5
TCK-4002704,APP-1011901,In_App_Chat,General_Clarification,33,8.5
TCK-4002705,APP-1011909,In_App_Chat,Status_Inquiry_WhereIsMyAccount,16,8.5
TCK-4002706,APP-1011911,In_App_Chat,Status_Inquiry_WhereIsMyAccount,12,8.5
TCK-4002707,APP-1011916,Phone_IVR,General_Clarification,31,18.0
TCK-4002708,APP-1011917,In_App_Chat,Status_Inquiry_WhereIsMyAccount,33,8.5
TCK-4002709,APP-1011921,In_App_Chat,General_Clarification,28,8.5
TCK-4002710,APP-1011930,Phone_IVR,Status_Inquiry_WhereIsMyAccount,8,18.0
TCK-4002711,APP-1011931,In_App_Chat,Document_Upload_Failure,9,8.5
TCK-4002712,APP-1011934,Email_Helpdesk,Status_Inquiry_WhereIsMyAccount,5,12.0
TCK-4002713,APP-1011946,In_App_Chat,General_Clarification,22,8.5
TCK-4002714,APP-1011950,Phone_IVR,Document_Upload_Failure,12,18.0
TCK-4002715,APP-1011956,Phone_IVR,Status_Inquiry_WhereIsMyAccount,18,18.0
TCK-4002716,APP-1011959,In_App_Chat,General_Clarification,10,8.5
TCK-4002717,APP-1011963,In_App_Chat,Document_Upload_Failure,11,8.5
TCK-4002718,APP-1011965,Email_Helpdesk,Status_Inquiry_WhereIsMyAccount,27,12.0
TCK-4002719,APP-1011972,In_App_Chat,General_Clarification,37,8.5
TCK-4002720,APP-1011973,In_App_Chat,Status_Inquiry_WhereIsMyAccount,42,8.5
TCK-4002721,APP-1011976,In_App_Chat,Status_Inquiry_WhereIsMyAccount,5,8.5
TCK-4002722,APP-1011981,In_App_Chat,Document_Upload_Failure,17,8.5
TCK-4002723,APP-1011982,Phone_IVR,Status_Inquiry_WhereIsMyAccount,14,18.0
TCK-4002724,APP-1012000,Phone_IVR,Status_Inquiry_WhereIsMyAccount,7,18.0
TCK-4002725,APP-1012003,In_App_Chat,Status_Inquiry_WhereIsMyAccount,26,8.5
TCK-4002726,APP-1012006,Email_Helpdesk,Status_Inquiry_WhereIsMyAccount,42,12.0
TCK-4002727,APP-1012007,Phone_IVR,Status_Inquiry_WhereIsMyAccount,10,18.0
TCK-4002728,APP-1012014,In_App_Chat,Status_Inquiry_WhereIsMyAccount,34,8.5
TCK-4002729,APP-1012015,In_App_Chat,Document_Upload_Failure,13,8.5
TCK-4002730,APP-1012020,In_App_Chat,Status_Inquiry_WhereIsMyAccount,42,8.5
TCK-4002731,APP-1012027,Email_Helpdesk,Document_Upload_Failure,33,12.0
TCK-4002732,APP-1012034,Email_Helpdesk,Status_Inquiry_WhereIsMyAccount,23,12.0
TCK-4002733,APP-1012037,In_App_Chat,Status_Inquiry_WhereIsMyAccount,19,8.5
TCK-4002734,APP-1012041,In_App_Chat,Status_Inquiry_WhereIsMyAccount,29,8.5
TCK-4002735,APP-1012044,In_App_Chat,General_Clarification,38,8.5
TCK-4002736,APP-1012046,In_App_Chat,Status_Inquiry_WhereIsMyAccount,32,8.5
TCK-4002737,APP-1012049,In_App_Chat,General_Clarification,34,8.5
TCK-4002738,APP-1012061,Email_Helpdesk,Status_Inquiry_WhereIsMyAccount,26,12.0
TCK-4002739,APP-1012069,Phone_IVR,Status_Inquiry_WhereIsMyAccount,32,18.0
TCK-4002740,APP-1012077,Email_Helpdesk,General_Clarification,10,12.0
TCK-4002741,APP-1012079,In_App_Chat,Status_Inquiry_WhereIsMyAccount,18,8.5
TCK-4002742,APP-1012082,In_App_Chat,Status_Inquiry_WhereIsMyAccount,29,8.5
TCK-4002743,APP-1012083,Phone_IVR,Status_Inquiry_WhereIsMyAccount,10,18.0
TCK-4002744,APP-1012088,Phone_IVR,Status_Inquiry_WhereIsMyAccount,30,18.0
TCK-4002745,APP-1012089,Phone_IVR,Status_Inquiry_WhereIsMyAccount,37,18.0
TCK-4002746,APP-1012103,In_App_Chat,Status_Inquiry_WhereIsMyAccount,24,8.5
TCK-4002747,APP-1012105,In_App_Chat,Status_Inquiry_WhereIsMyAccount,21,8.5
TCK-4002748,APP-1012107,Phone_IVR,Status_Inquiry_WhereIsMyAccount,9,18.0
TCK-4002749,APP-1012111,Phone_IVR,Status_Inquiry_WhereIsMyAccount,7,18.0
TCK-4002750,APP-1012112,Phone_IVR,Status_Inquiry_WhereIsMyAccount,24,18.0
TCK-4002751,APP-1012113,Email_Helpdesk,Status_Inquiry_WhereIsMyAccount,12,12.0
TCK-4002752,APP-1012120,Phone_IVR,Document_Upload_Failure,42,18.0
TCK-4002753,APP-1012125,In_App_Chat,General_Clarification,9,8.5
TCK-4002754,APP-1012127,Email_Helpdesk,Status_Inquiry_WhereIsMyAccount,28,12.0
TCK-4002755,APP-1012128,In_App_Chat,Status_Inquiry_WhereIsMyAccount,19,8.5
TCK-4002756,APP-1012132,In_App_Chat,Status_Inquiry_WhereIsMyAccount,19,8.5
TCK-4002757,APP-1012139,In_App_Chat,Status_Inquiry_WhereIsMyAccount,20,8.5
TCK-4002758,APP-1012146,Email_Helpdesk,Status_Inquiry_WhereIsMyAccount,26,12.0
TCK-4002759,APP-1012148,Email_Helpdesk,General_Clarification,10,12.0
TCK-4002760,APP-1012149,Phone_IVR,Status_Inquiry_WhereIsMyAccount,20,18.0
TCK-4002761,APP-1012151,Phone_IVR,Status_Inquiry_WhereIsMyAccount,15,18.0
TCK-4002762,APP-1012161,In_App_Chat,Status_Inquiry_WhereIsMyAccount,7,8.5
TCK-4002763,APP-1012164,In_App_Chat,General_Clarification,7,8.5
TCK-4002764,APP-1012166,Phone_IVR,Status_Inquiry_WhereIsMyAccount,15,18.0
TCK-4002765,APP-1012173,Email_Helpdesk,General_Clarification,7,12.0
TCK-4002766,APP-1012175,Email_Helpdesk,Status_Inquiry_WhereIsMyAccount,18,12.0
TCK-4002767,APP-1012178,Phone_IVR,Status_Inquiry_WhereIsMyAccount,40,18.0
TCK-4002768,APP-1012195,In_App_Chat,Status_Inquiry_WhereIsMyAccount,5,8.5
TCK-4002769,APP-1012200,In_App_Chat,Status_Inquiry_WhereIsMyAccount,16,8.5
TCK-4002770,APP-1012205,In_App_Chat,Status_Inquiry_WhereIsMyAccount,24,8.5
TCK-4002771,APP-1012217,In_App_Chat,Status_Inquiry_WhereIsMyAccount,33,8.5
TCK-4002772,APP-1012225,In_App_Chat,Status_Inquiry_WhereIsMyAccount,21,8.5
TCK-4002773,APP-1012241,In_App_Chat,Status_Inquiry_WhereIsMyAccount,23,8.5
TCK-4002774,APP-1012242,In_App_Chat,Status_Inquiry_WhereIsMyAccount,40,8.5
TCK-4002775,APP-1012249,Phone_IVR,Status_Inquiry_WhereIsMyAccount,13,18.0
TCK-4002776,APP-1012251,In_App_Chat,Status_Inquiry_WhereIsMyAccount,36,8.5
TCK-4002777,APP-1012255,Email_Helpdesk,Status_Inquiry_WhereIsMyAccount,23,12.0
TCK-4002778,APP-1012258,In_App_Chat,Status_Inquiry_WhereIsMyAccount,16,8.5
TCK-4002779,APP-1012260,Email_Helpdesk,General_Clarification,25,12.0
TCK-4002780,APP-1012266,Email_Helpdesk,Status_Inquiry_WhereIsMyAccount,27,12.0
TCK-4002781,APP-1012273,Email_Helpdesk,Status_Inquiry_WhereIsMyAccount,32,12.0
TCK-4002782,APP-1012276,Phone_IVR,Status_Inquiry_WhereIsMyAccount,24,18.0
TCK-4002783,APP-1012285,In_App_Chat,Status_Inquiry_WhereIsMyAccount,22,8.5
TCK-4002784,APP-1012286,In_App_Chat,Status_Inquiry_WhereIsMyAccount,12,8.5
TCK-4002785,APP-1012291,In_App_Chat,Status_Inquiry_WhereIsMyAccount,31,8.5
TCK-4002786,APP-1012293,In_App_Chat,Status_Inquiry_WhereIsMyAccount,38,8.5
TCK-4002787,APP-1012299,Phone_IVR,Status_Inquiry_WhereIsMyAccount,28,18.0
TCK-4002788,APP-1012305,In_App_Chat,General_Clarification,26,8.5
TCK-4002789,APP-1012310,Phone_IVR,Status_Inquiry_WhereIsMyAccount,11,18.0
TCK-4002790,APP-1012318,In_App_Chat,Status_Inquiry_WhereIsMyAccount,5,8.5
TCK-4002791,APP-1012324,Phone_IVR,Status_Inquiry_WhereIsMyAccount,34,18.0
TCK-4002792,APP-1012325,Phone_IVR,General_Clarification,7,18.0
TCK-4002793,APP-1012332,In_App_Chat,Status_Inquiry_WhereIsMyAccount,14,8.5
TCK-4002794,APP-1012334,Phone_IVR,General_Clarification,30,18.0
TCK-4002795,APP-1012335,Email_Helpdesk,General_Clarification,26,12.0
TCK-4002796,APP-1012344,In_App_Chat,Document_Upload_Failure,24,8.5
TCK-4002797,APP-1012345,In_App_Chat,Status_Inquiry_WhereIsMyAccount,39,8.5
TCK-4002798,APP-1012348,In_App_Chat,Status_Inquiry_WhereIsMyAccount,26,8.5
TCK-4002799,APP-1012351,Phone_IVR,Status_Inquiry_WhereIsMyAccount,10,18.0
TCK-4002800,APP-1012360,In_App_Chat,Status_Inquiry_WhereIsMyAccount,21,8.5
TCK-4002801,APP-1012361,In_App_Chat,Status_Inquiry_WhereIsMyAccount,21,8.5
TCK-4002802,APP-1012368,In_App_Chat,Status_Inquiry_WhereIsMyAccount,43,8.5
TCK-4002803,APP-1012369,In_App_Chat,Status_Inquiry_WhereIsMyAccount,43,8.5
TCK-4002804,APP-1012373,Phone_IVR,Status_Inquiry_WhereIsMyAccount,21,18.0
TCK-4002805,APP-1012375,Email_Helpdesk,Status_Inquiry_WhereIsMyAccount,17,12.0
TCK-4002806,APP-1012379,In_App_Chat,Document_Upload_Failure,11,8.5
TCK-4002807,APP-1012391,In_App_Chat,Status_Inquiry_WhereIsMyAccount,39,8.5
TCK-4002808,APP-1012397,In_App_Chat,Document_Upload_Failure,11,8.5
TCK-4002809,APP-1012406,Phone_IVR,Status_Inquiry_WhereIsMyAccount,6,18.0
TCK-4002810,APP-1012417,Phone_IVR,Status_Inquiry_WhereIsMyAccount,24,18.0
TCK-4002811,APP-1012424,Email_Helpdesk,Document_Upload_Failure,11,12.0
TCK-4002812,APP-1012429,Email_Helpdesk,Status_Inquiry_WhereIsMyAccount,5,12.0
TCK-4002813,APP-1012430,In_App_Chat,Status_Inquiry_WhereIsMyAccount,27,8.5
TCK-4002814,APP-1012431,In_App_Chat,Status_Inquiry_WhereIsMyAccount,41,8.5
TCK-4002815,APP-1012441,Email_Helpdesk,Status_Inquiry_WhereIsMyAccount,25,12.0
TCK-4002816,APP-1012442,In_App_Chat,General_Clarification,32,8.5
TCK-4002817,APP-1012444,Phone_IVR,Status_Inquiry_WhereIsMyAccount,11,18.0
TCK-4002818,APP-1012448,In_App_Chat,Status_Inquiry_WhereIsMyAccount,9,8.5
TCK-4002819,APP-1012449,In_App_Chat,General_Clarification,17,8.5
TCK-4002820,APP-1012450,Phone_IVR,Status_Inquiry_WhereIsMyAccount,10,18.0
TCK-4002821,APP-1012457,In_App_Chat,Status_Inquiry_WhereIsMyAccount,27,8.5
TCK-4002822,APP-1012469,Phone_IVR,Status_Inquiry_WhereIsMyAccount,25,18.0
TCK-4002823,APP-1012470,Phone_IVR,Status_Inquiry_WhereIsMyAccount,14,18.0
TCK-4002824,APP-1012475,Phone_IVR,Status_Inquiry_WhereIsMyAccount,41,18.0
TCK-4002825,APP-1012476,Phone_IVR,Status_Inquiry_WhereIsMyAccount,32,18.0
TCK-4002826,APP-1012477,Phone_IVR,Document_Upload_Failure,38,18.0
TCK-4002827,APP-1012479,In_App_Chat,Status_Inquiry_WhereIsMyAccount,30,8.5
TCK-4002828,APP-1012481,Email_Helpdesk,Status_Inquiry_WhereIsMyAccount,30,12.0
TCK-4002829,APP-1012483,In_App_Chat,Status_Inquiry_WhereIsMyAccount,43,8.5
TCK-4002830,APP-1012484,Phone_IVR,Status_Inquiry_WhereIsMyAccount,21,18.0
TCK-4002831,APP-1012486,In_App_Chat,Status_Inquiry_WhereIsMyAccount,10,8.5
TCK-4002832,APP-1012489,Phone_IVR,Status_Inquiry_WhereIsMyAccount,21,18.0
TCK-4002833,APP-1012490,In_App_Chat,Status_Inquiry_WhereIsMyAccount,32,8.5
TCK-4002834,APP-1012492,Email_Helpdesk,Status_Inquiry_WhereIsMyAccount,26,12.0
TCK-4002835,APP-1012498,In_App_Chat,Status_Inquiry_WhereIsMyAccount,8,8.5
TCK-4002836,APP-1012505,Email_Helpdesk,General_Clarification,18,12.0
TCK-4002837,APP-1012506,In_App_Chat,Status_Inquiry_WhereIsMyAccount,37,8.5
TCK-4002838,APP-1012507,In_App_Chat,Status_Inquiry_WhereIsMyAccount,40,8.5
TCK-4002839,APP-1012508,Email_Helpdesk,Status_Inquiry_WhereIsMyAccount,13,12.0
TCK-4002840,APP-1012509,Phone_IVR,Status_Inquiry_WhereIsMyAccount,25,18.0
TCK-4002841,APP-1012510,Phone_IVR,Status_Inquiry_WhereIsMyAccount,41,18.0
TCK-4002842,APP-1012511,Phone_IVR,Status_Inquiry_WhereIsMyAccount,21,18.0
TCK-4002843,APP-1012518,Email_Helpdesk,Status_Inquiry_WhereIsMyAccount,41,12.0
TCK-4002844,APP-1012519,In_App_Chat,General_Clarification,35,8.5
TCK-4002845,APP-1012535,Phone_IVR,Status_Inquiry_WhereIsMyAccount,12,18.0
TCK-4002846,APP-1012540,Phone_IVR,Status_Inquiry_WhereIsMyAccount,18,18.0
TCK-4002847,APP-1012544,In_App_Chat,Status_Inquiry_WhereIsMyAccount,5,8.5
TCK-4002848,APP-1012548,Phone_IVR,Status_Inquiry_WhereIsMyAccount,15,18.0
TCK-4002849,APP-1012549,Email_Helpdesk,Status_Inquiry_WhereIsMyAccount,13,12.0
TCK-4002850,APP-1012554,In_App_Chat,Status_Inquiry_WhereIsMyAccount,10,8.5
TCK-4002851,APP-1012556,In_App_Chat,Status_Inquiry_WhereIsMyAccount,7,8.5
TCK-4002852,APP-1012566,Phone_IVR,Status_Inquiry_WhereIsMyAccount,33,18.0
TCK-4002853,APP-1012568,Phone_IVR,General_Clarification,21,18.0
TCK-4002854,APP-1012569,Phone_IVR,Status_Inquiry_WhereIsMyAccount,22,18.0
TCK-4002855,APP-1012583,In_App_Chat,Status_Inquiry_WhereIsMyAccount,26,8.5
TCK-4002856,APP-1012602,Email_Helpdesk,Status_Inquiry_WhereIsMyAccount,41,12.0
TCK-4002857,APP-1012613,Email_Helpdesk,Status_Inquiry_WhereIsMyAccount,23,12.0
TCK-4002858,APP-1012621,Phone_IVR,Status_Inquiry_WhereIsMyAccount,12,18.0
TCK-4002859,APP-1012625,In_App_Chat,Document_Upload_Failure,44,8.5
TCK-4002860,APP-1012632,In_App_Chat,Status_Inquiry_WhereIsMyAccount,30,8.5
TCK-4002861,APP-1012639,In_App_Chat,Status_Inquiry_WhereIsMyAccount,26,8.5
TCK-4002862,APP-1012643,Phone_IVR,General_Clarification,33,18.0
TCK-4002863,APP-1012647,In_App_Chat,Status_Inquiry_WhereIsMyAccount,9,8.5
TCK-4002864,APP-1012657,In_App_Chat,Status_Inquiry_WhereIsMyAccount,32,8.5
TCK-4002865,APP-1012660,In_App_Chat,Status_Inquiry_WhereIsMyAccount,44,8.5
TCK-4002866,APP-1012668,Email_Helpdesk,Status_Inquiry_WhereIsMyAccount,10,12.0
TCK-4002867,APP-1012672,Phone_IVR,Status_Inquiry_WhereIsMyAccount,11,18.0
TCK-4002868,APP-1012673,Phone_IVR,Status_Inquiry_WhereIsMyAccount,11,18.0
TCK-4002869,APP-1012677,Phone_IVR,Status_Inquiry_WhereIsMyAccount,5,18.0
TCK-4002870,APP-1012678,In_App_Chat,Status_Inquiry_WhereIsMyAccount,18,8.5
TCK-4002871,APP-1012680,Email_Helpdesk,Status_Inquiry_WhereIsMyAccount,8,12.0
TCK-4002872,APP-1012681,In_App_Chat,Status_Inquiry_WhereIsMyAccount,43,8.5
TCK-4002873,APP-1012686,Phone_IVR,Document_Upload_Failure,34,18.0
TCK-4002874,APP-1012689,In_App_Chat,Status_Inquiry_WhereIsMyAccount,20,8.5
TCK-4002875,APP-1012697,Phone_IVR,Status_Inquiry_WhereIsMyAccount,39,18.0
TCK-4002876,APP-1012702,Email_Helpdesk,Status_Inquiry_WhereIsMyAccount,36,12.0
TCK-4002877,APP-1012710,Phone_IVR,Document_Upload_Failure,18,18.0
TCK-4002878,APP-1012713,Phone_IVR,Status_Inquiry_WhereIsMyAccount,23,18.0
TCK-4002879,APP-1012716,In_App_Chat,Status_Inquiry_WhereIsMyAccount,31,8.5
TCK-4002880,APP-1012736,Phone_IVR,Status_Inquiry_WhereIsMyAccount,7,18.0
TCK-4002881,APP-1012737,In_App_Chat,General_Clarification,33,8.5
TCK-4002882,APP-1012741,Phone_IVR,Status_Inquiry_WhereIsMyAccount,30,18.0
TCK-4002883,APP-1012749,Phone_IVR,Status_Inquiry_WhereIsMyAccount,25,18.0
TCK-4002884,APP-1012752,Phone_IVR,Status_Inquiry_WhereIsMyAccount,31,18.0
TCK-4002885,APP-1012758,Phone_IVR,Status_Inquiry_WhereIsMyAccount,16,18.0
TCK-4002886,APP-1012768,In_App_Chat,General_Clarification,25,8.5
TCK-4002887,APP-1012769,In_App_Chat,Status_Inquiry_WhereIsMyAccount,43,8.5
TCK-4002888,APP-1012773,Phone_IVR,Status_Inquiry_WhereIsMyAccount,34,18.0
TCK-4002889,APP-1012786,In_App_Chat,General_Clarification,27,8.5
TCK-4002890,APP-1012802,In_App_Chat,Status_Inquiry_WhereIsMyAccount,9,8.5
TCK-4002891,APP-1012806,In_App_Chat,Status_Inquiry_WhereIsMyAccount,33,8.5
TCK-4002892,APP-1012807,In_App_Chat,Status_Inquiry_WhereIsMyAccount,17,8.5
TCK-4002893,APP-1012811,Phone_IVR,Status_Inquiry_WhereIsMyAccount,32,18.0
TCK-4002894,APP-1012812,In_App_Chat,Status_Inquiry_WhereIsMyAccount,11,8.5
TCK-4002895,APP-1012817,Phone_IVR,Status_Inquiry_WhereIsMyAccount,38,18.0
TCK-4002896,APP-1012823,Phone_IVR,Status_Inquiry_WhereIsMyAccount,38,18.0
TCK-4002897,APP-1012824,In_App_Chat,General_Clarification,28,8.5
TCK-4002898,APP-1012825,Email_Helpdesk,Status_Inquiry_WhereIsMyAccount,33,12.0
TCK-4002899,APP-1012830,Phone_IVR,General_Clarification,9,18.0
TCK-4002900,APP-1012835,In_App_Chat,General_Clarification,41,8.5
TCK-4002901,APP-1012836,Email_Helpdesk,Status_Inquiry_WhereIsMyAccount,28,12.0
TCK-4002902,APP-1012837,Phone_IVR,Status_Inquiry_WhereIsMyAccount,43,18.0
TCK-4002903,APP-1012838,In_App_Chat,Status_Inquiry_WhereIsMyAccount,8,8.5
TCK-4002904,APP-1012841,In_App_Chat,Status_Inquiry_WhereIsMyAccount,28,8.5
TCK-4002905,APP-1012842,Email_Helpdesk,Status_Inquiry_WhereIsMyAccount,42,12.0
TCK-4002906,APP-1012844,Phone_IVR,Status_Inquiry_WhereIsMyAccount,33,18.0
TCK-4002907,APP-1012847,In_App_Chat,Status_Inquiry_WhereIsMyAccount,27,8.5
TCK-4002908,APP-1012850,Phone_IVR,Status_Inquiry_WhereIsMyAccount,41,18.0
TCK-4002909,APP-1012851,Phone_IVR,Status_Inquiry_WhereIsMyAccount,21,18.0
TCK-4002910,APP-1012852,In_App_Chat,Status_Inquiry_WhereIsMyAccount,7,8.5
TCK-4002911,APP-1012857,Phone_IVR,General_Clarification,31,18.0
TCK-4002912,APP-1012860,In_App_Chat,Document_Upload_Failure,39,8.5
TCK-4002913,APP-1012864,In_App_Chat,Status_Inquiry_WhereIsMyAccount,31,8.5
TCK-4002914,APP-1012865,Phone_IVR,Status_Inquiry_WhereIsMyAccount,14,18.0
TCK-4002915,APP-1012866,In_App_Chat,Status_Inquiry_WhereIsMyAccount,21,8.5
TCK-4002916,APP-1012871,Phone_IVR,Status_Inquiry_WhereIsMyAccount,17,18.0
TCK-4002917,APP-1012873,In_App_Chat,General_Clarification,38,8.5
TCK-4002918,APP-1012880,Phone_IVR,Status_Inquiry_WhereIsMyAccount,26,18.0
TCK-4002919,APP-1012881,In_App_Chat,General_Clarification,42,8.5
TCK-4002920,APP-1012882,Phone_IVR,Document_Upload_Failure,5,18.0
TCK-4002921,APP-1012887,Email_Helpdesk,Status_Inquiry_WhereIsMyAccount,9,12.0
TCK-4002922,APP-1012892,Phone_IVR,Status_Inquiry_WhereIsMyAccount,37,18.0
TCK-4002923,APP-1012898,In_App_Chat,Status_Inquiry_WhereIsMyAccount,28,8.5
TCK-4002924,APP-1012899,Phone_IVR,Status_Inquiry_WhereIsMyAccount,15,18.0
TCK-4002925,APP-1012905,In_App_Chat,Status_Inquiry_WhereIsMyAccount,33,8.5
TCK-4002926,APP-1012908,Phone_IVR,General_Clarification,29,18.0
TCK-4002927,APP-1012909,In_App_Chat,General_Clarification,35,8.5
TCK-4002928,APP-1012910,In_App_Chat,Document_Upload_Failure,16,8.5
TCK-4002929,APP-1012920,Phone_IVR,Status_Inquiry_WhereIsMyAccount,22,18.0
TCK-4002930,APP-1012925,In_App_Chat,Document_Upload_Failure,43,8.5
TCK-4002931,APP-1012930,Email_Helpdesk,Status_Inquiry_WhereIsMyAccount,44,12.0
TCK-4002932,APP-1012932,Phone_IVR,Status_Inquiry_WhereIsMyAccount,7,18.0
TCK-4002933,APP-1012934,Phone_IVR,Status_Inquiry_WhereIsMyAccount,5,18.0
TCK-4002934,APP-1012936,In_App_Chat,General_Clarification,31,8.5
TCK-4002935,APP-1012939,Email_Helpdesk,Status_Inquiry_WhereIsMyAccount,33,12.0
TCK-4002936,APP-1012944,In_App_Chat,Status_Inquiry_WhereIsMyAccount,29,8.5
TCK-4002937,APP-1012945,Phone_IVR,Status_Inquiry_WhereIsMyAccount,14,18.0
TCK-4002938,APP-1012946,In_App_Chat,General_Clarification,34,8.5
TCK-4002939,APP-1012947,In_App_Chat,Status_Inquiry_WhereIsMyAccount,39,8.5
TCK-4002940,APP-1012955,In_App_Chat,Status_Inquiry_WhereIsMyAccount,28,8.5
TCK-4002941,APP-1012956,In_App_Chat,Status_Inquiry_WhereIsMyAccount,44,8.5
TCK-4002942,APP-1012957,In_App_Chat,Status_Inquiry_WhereIsMyAccount,36,8.5
TCK-4002943,APP-1012971,Email_Helpdesk,Status_Inquiry_WhereIsMyAccount,21,12.0
TCK-4002944,APP-1012973,Email_Helpdesk,Status_Inquiry_WhereIsMyAccount,16,12.0
TCK-4002945,APP-1012995,Phone_IVR,Status_Inquiry_WhereIsMyAccount,15,18.0
TCK-4002946,APP-1013003,Phone_IVR,Status_Inquiry_WhereIsMyAccount,19,18.0
TCK-4002947,APP-1013004,In_App_Chat,General_Clarification,14,8.5
TCK-4002948,APP-1013011,In_App_Chat,Status_Inquiry_WhereIsMyAccount,40,8.5
TCK-4002949,APP-1013014,In_App_Chat,Status_Inquiry_WhereIsMyAccount,31,8.5
TCK-4002950,APP-1013017,Phone_IVR,Status_Inquiry_WhereIsMyAccount,43,18.0
TCK-4002951,APP-1013018,Phone_IVR,General_Clarification,10,18.0
TCK-4002952,APP-1013021,In_App_Chat,Document_Upload_Failure,30,8.5
TCK-4002953,APP-1013030,Phone_IVR,Status_Inquiry_WhereIsMyAccount,22,18.0
TCK-4002954,APP-1013036,In_App_Chat,Status_Inquiry_WhereIsMyAccount,30,8.5
TCK-4002955,APP-1013040,In_App_Chat,Status_Inquiry_WhereIsMyAccount,40,8.5
TCK-4002956,APP-1013041,In_App_Chat,Status_Inquiry_WhereIsMyAccount,7,8.5
TCK-4002957,APP-1013044,Phone_IVR,Status_Inquiry_WhereIsMyAccount,30,18.0
TCK-4002958,APP-1013051,Email_Helpdesk,Status_Inquiry_WhereIsMyAccount,25,12.0
TCK-4002959,APP-1013054,In_App_Chat,General_Clarification,13,8.5
TCK-4002960,APP-1013063,In_App_Chat,Status_Inquiry_WhereIsMyAccount,31,8.5
TCK-4002961,APP-1013064,Email_Helpdesk,Status_Inquiry_WhereIsMyAccount,5,12.0
TCK-4002962,APP-1013074,In_App_Chat,Status_Inquiry_WhereIsMyAccount,36,8.5
TCK-4002963,APP-1013078,In_App_Chat,Status_Inquiry_WhereIsMyAccount,23,8.5
TCK-4002964,APP-1013084,In_App_Chat,Status_Inquiry_WhereIsMyAccount,35,8.5
TCK-4002965,APP-1013087,In_App_Chat,Status_Inquiry_WhereIsMyAccount,17,8.5
TCK-4002966,APP-1013102,In_App_Chat,Status_Inquiry_WhereIsMyAccount,43,8.5
TCK-4002967,APP-1013104,Phone_IVR,Status_Inquiry_WhereIsMyAccount,44,18.0
TCK-4002968,APP-1013109,Phone_IVR,Status_Inquiry_WhereIsMyAccount,43,18.0
TCK-4002969,APP-1013110,In_App_Chat,Status_Inquiry_WhereIsMyAccount,42,8.5
TCK-4002970,APP-1013113,Email_Helpdesk,Status_Inquiry_WhereIsMyAccount,42,12.0
TCK-4002971,APP-1013134,In_App_Chat,Status_Inquiry_WhereIsMyAccount,41,8.5
TCK-4002972,APP-1013154,In_App_Chat,Status_Inquiry_WhereIsMyAccount,12,8.5
TCK-4002973,APP-1013162,Phone_IVR,General_Clarification,5,18.0
TCK-4002974,APP-1013164,In_App_Chat,Status_Inquiry_WhereIsMyAccount,38,8.5
TCK-4002975,APP-1013166,Email_Helpdesk,Status_Inquiry_WhereIsMyAccount,19,12.0
TCK-4002976,APP-1013175,Phone_IVR,Status_Inquiry_WhereIsMyAccount,28,18.0
TCK-4002977,APP-1013178,In_App_Chat,Status_Inquiry_WhereIsMyAccount,38,8.5
TCK-4002978,APP-1013181,In_App_Chat,Status_Inquiry_WhereIsMyAccount,13,8.5
TCK-4002979,APP-1013183,In_App_Chat,Document_Upload_Failure,27,8.5
TCK-4002980,APP-1013187,In_App_Chat,Status_Inquiry_WhereIsMyAccount,28,8.5
TCK-4002981,APP-1013190,In_App_Chat,Status_Inquiry_WhereIsMyAccount,10,8.5
TCK-4002982,APP-1013191,In_App_Chat,Status_Inquiry_WhereIsMyAccount,30,8.5
TCK-4002983,APP-1013192,In_App_Chat,Status_Inquiry_WhereIsMyAccount,36,8.5
TCK-4002984,APP-1013195,In_App_Chat,Status_Inquiry_WhereIsMyAccount,10,8.5
TCK-4002985,APP-1013198,In_App_Chat,Status_Inquiry_WhereIsMyAccount,26,8.5
TCK-4002986,APP-1013199,In_App_Chat,Status_Inquiry_WhereIsMyAccount,25,8.5
TCK-4002987,APP-1013203,In_App_Chat,Status_Inquiry_WhereIsMyAccount,24,8.5
TCK-4002988,APP-1013204,Phone_IVR,Status_Inquiry_WhereIsMyAccount,26,18.0
TCK-4002989,APP-1013207,Email_Helpdesk,Status_Inquiry_WhereIsMyAccount,26,12.0
TCK-4002990,APP-1013208,Phone_IVR,Status_Inquiry_WhereIsMyAccount,43,18.0
TCK-4002991,APP-1013215,In_App_Chat,Document_Upload_Failure,19,8.5
TCK-4002992,APP-1013219,Phone_IVR,Document_Upload_Failure,20,18.0
TCK-4002993,APP-1013221,Email_Helpdesk,Status_Inquiry_WhereIsMyAccount,13,12.0
TCK-4002994,APP-1013230,Email_Helpdesk,Status_Inquiry_WhereIsMyAccount,21,12.0
TCK-4002995,APP-1013234,Phone_IVR,Status_Inquiry_WhereIsMyAccount,38,18.0
TCK-4002996,APP-1013243,In_App_Chat,General_Clarification,9,8.5
TCK-4002997,APP-1013247,Phone_IVR,Status_Inquiry_WhereIsMyAccount,37,18.0
TCK-4002998,APP-1013250,Phone_IVR,Status_Inquiry_WhereIsMyAccount,28,18.0
TCK-4002999,APP-1013252,Phone_IVR,Status_Inquiry_WhereIsMyAccount,22,18.0
TCK-4003000,APP-1013253,In_App_Chat,Status_Inquiry_WhereIsMyAccount,39,8.5
TCK-4003001,APP-1013266,Phone_IVR,Status_Inquiry_WhereIsMyAccount,42,18.0
TCK-4003002,APP-1013268,In_App_Chat,Status_Inquiry_WhereIsMyAccount,19,8.5
TCK-4003003,APP-1013269,In_App_Chat,Document_Upload_Failure,26,8.5
TCK-4003004,APP-1013274,In_App_Chat,Status_Inquiry_WhereIsMyAccount,42,8.5
TCK-4003005,APP-1013275,In_App_Chat,Status_Inquiry_WhereIsMyAccount,25,8.5
TCK-4003006,APP-1013284,In_App_Chat,Status_Inquiry_WhereIsMyAccount,44,8.5
TCK-4003007,APP-1013288,In_App_Chat,Status_Inquiry_WhereIsMyAccount,34,8.5
TCK-4003008,APP-1013289,In_App_Chat,Status_Inquiry_WhereIsMyAccount,15,8.5
TCK-4003009,APP-1013293,In_App_Chat,Status_Inquiry_WhereIsMyAccount,19,8.5
TCK-4003010,APP-1013302,In_App_Chat,General_Clarification,25,8.5
TCK-4003011,APP-1013315,In_App_Chat,Status_Inquiry_WhereIsMyAccount,30,8.5
TCK-4003012,APP-1013316,Phone_IVR,Status_Inquiry_WhereIsMyAccount,13,18.0
TCK-4003013,APP-1013321,Phone_IVR,Status_Inquiry_WhereIsMyAccount,24,18.0
TCK-4003014,APP-1013323,In_App_Chat,Status_Inquiry_WhereIsMyAccount,17,8.5
TCK-4003015,APP-1013333,Phone_IVR,Status_Inquiry_WhereIsMyAccount,32,18.0
TCK-4003016,APP-1013335,Phone_IVR,Status_Inquiry_WhereIsMyAccount,28,18.0
TCK-4003017,APP-1013336,Phone_IVR,Status_Inquiry_WhereIsMyAccount,14,18.0
TCK-4003018,APP-1013341,In_App_Chat,Status_Inquiry_WhereIsMyAccount,14,8.5
TCK-4003019,APP-1013344,In_App_Chat,Status_Inquiry_WhereIsMyAccount,23,8.5
TCK-4003020,APP-1013347,In_App_Chat,General_Clarification,11,8.5
TCK-4003021,APP-1013349,Phone_IVR,Status_Inquiry_WhereIsMyAccount,28,18.0
TCK-4003022,APP-1013350,In_App_Chat,Status_Inquiry_WhereIsMyAccount,33,8.5
TCK-4003023,APP-1013353,Phone_IVR,General_Clarification,25,18.0
TCK-4003024,APP-1013356,Phone_IVR,Status_Inquiry_WhereIsMyAccount,20,18.0
TCK-4003025,APP-1013359,In_App_Chat,General_Clarification,37,8.5
TCK-4003026,APP-1013372,Email_Helpdesk,Status_Inquiry_WhereIsMyAccount,44,12.0
TCK-4003027,APP-1013375,In_App_Chat,Status_Inquiry_WhereIsMyAccount,43,8.5
TCK-4003028,APP-1013380,In_App_Chat,Status_Inquiry_WhereIsMyAccount,40,8.5
TCK-4003029,APP-1013396,Phone_IVR,General_Clarification,20,18.0
TCK-4003030,APP-1013401,In_App_Chat,Status_Inquiry_WhereIsMyAccount,25,8.5
TCK-4003031,APP-1013416,Phone_IVR,Document_Upload_Failure,26,18.0
TCK-4003032,APP-1013417,In_App_Chat,Status_Inquiry_WhereIsMyAccount,10,8.5
TCK-4003033,APP-1013423,In_App_Chat,General_Clarification,29,8.5
TCK-4003034,APP-1013426,In_App_Chat,Status_Inquiry_WhereIsMyAccount,20,8.5
TCK-4003035,APP-1013429,Phone_IVR,General_Clarification,25,18.0
TCK-4003036,APP-1013433,In_App_Chat,Status_Inquiry_WhereIsMyAccount,7,8.5
TCK-4003037,APP-1013442,Phone_IVR,Status_Inquiry_WhereIsMyAccount,5,18.0
TCK-4003038,APP-1013445,In_App_Chat,Status_Inquiry_WhereIsMyAccount,36,8.5
TCK-4003039,APP-1013446,Phone_IVR,Document_Upload_Failure,33,18.0
TCK-4003040,APP-1013458,In_App_Chat,Status_Inquiry_WhereIsMyAccount,37,8.5
TCK-4003041,APP-1013460,Phone_IVR,Status_Inquiry_WhereIsMyAccount,31,18.0
TCK-4003042,APP-1013475,Phone_IVR,Status_Inquiry_WhereIsMyAccount,9,18.0
TCK-4003043,APP-1013476,Phone_IVR,Status_Inquiry_WhereIsMyAccount,5,18.0
TCK-4003044,APP-1013484,Email_Helpdesk,Status_Inquiry_WhereIsMyAccount,15,12.0
TCK-4003045,APP-1013485,Email_Helpdesk,Status_Inquiry_WhereIsMyAccount,28,12.0
TCK-4003046,APP-1013493,In_App_Chat,Status_Inquiry_WhereIsMyAccount,42,8.5
TCK-4003047,APP-1013501,Email_Helpdesk,General_Clarification,12,12.0
TCK-4003048,APP-1013519,Phone_IVR,General_Clarification,10,18.0
TCK-4003049,APP-1013525,In_App_Chat,Status_Inquiry_WhereIsMyAccount,20,8.5
TCK-4003050,APP-1013526,Email_Helpdesk,Status_Inquiry_WhereIsMyAccount,13,12.0
TCK-4003051,APP-1013534,Phone_IVR,Status_Inquiry_WhereIsMyAccount,8,18.0
TCK-4003052,APP-1013535,In_App_Chat,Status_Inquiry_WhereIsMyAccount,14,8.5
TCK-4003053,APP-1013536,In_App_Chat,Status_Inquiry_WhereIsMyAccount,19,8.5
TCK-4003054,APP-1013541,Phone_IVR,Status_Inquiry_WhereIsMyAccount,41,18.0
TCK-4003055,APP-1013550,In_App_Chat,Status_Inquiry_WhereIsMyAccount,9,8.5
TCK-4003056,APP-1013554,In_App_Chat,Status_Inquiry_WhereIsMyAccount,39,8.5
TCK-4003057,APP-1013555,In_App_Chat,Status_Inquiry_WhereIsMyAccount,8,8.5
TCK-4003058,APP-1013556,In_App_Chat,Document_Upload_Failure,8,8.5
TCK-4003059,APP-1013558,In_App_Chat,Status_Inquiry_WhereIsMyAccount,19,8.5
TCK-4003060,APP-1013563,Phone_IVR,Status_Inquiry_WhereIsMyAccount,32,18.0
TCK-4003061,APP-1013565,In_App_Chat,Status_Inquiry_WhereIsMyAccount,9,8.5
TCK-4003062,APP-1013566,In_App_Chat,Status_Inquiry_WhereIsMyAccount,40,8.5
TCK-4003063,APP-1013571,Email_Helpdesk,General_Clarification,17,12.0
TCK-4003064,APP-1013574,Phone_IVR,Status_Inquiry_WhereIsMyAccount,23,18.0
TCK-4003065,APP-1013576,Phone_IVR,Status_Inquiry_WhereIsMyAccount,25,18.0
TCK-4003066,APP-1013579,In_App_Chat,Status_Inquiry_WhereIsMyAccount,40,8.5
TCK-4003067,APP-1013582,In_App_Chat,General_Clarification,42,8.5
TCK-4003068,APP-1013585,Phone_IVR,Status_Inquiry_WhereIsMyAccount,40,18.0
TCK-4003069,APP-1013593,In_App_Chat,Document_Upload_Failure,31,8.5
TCK-4003070,APP-1013604,In_App_Chat,Document_Upload_Failure,38,8.5
TCK-4003071,APP-1013605,In_App_Chat,General_Clarification,34,8.5
TCK-4003072,APP-1013607,In_App_Chat,General_Clarification,20,8.5
TCK-4003073,APP-1013608,Phone_IVR,Status_Inquiry_WhereIsMyAccount,40,18.0
TCK-4003074,APP-1013609,In_App_Chat,Status_Inquiry_WhereIsMyAccount,26,8.5
TCK-4003075,APP-1013617,Phone_IVR,Status_Inquiry_WhereIsMyAccount,25,18.0
TCK-4003076,APP-1013620,Email_Helpdesk,General_Clarification,24,12.0
TCK-4003077,APP-1013621,In_App_Chat,General_Clarification,37,8.5
TCK-4003078,APP-1013622,In_App_Chat,Status_Inquiry_WhereIsMyAccount,9,8.5
TCK-4003079,APP-1013623,Email_Helpdesk,Status_Inquiry_WhereIsMyAccount,17,12.0
TCK-4003080,APP-1013626,In_App_Chat,Status_Inquiry_WhereIsMyAccount,19,8.5
TCK-4003081,APP-1013627,Phone_IVR,Status_Inquiry_WhereIsMyAccount,35,18.0
TCK-4003082,APP-1013635,Email_Helpdesk,Status_Inquiry_WhereIsMyAccount,42,12.0
TCK-4003083,APP-1013636,Phone_IVR,Status_Inquiry_WhereIsMyAccount,25,18.0
TCK-4003084,APP-1013641,In_App_Chat,Status_Inquiry_WhereIsMyAccount,12,8.5
TCK-4003085,APP-1013649,In_App_Chat,Status_Inquiry_WhereIsMyAccount,9,8.5
TCK-4003086,APP-1013652,In_App_Chat,General_Clarification,44,8.5
TCK-4003087,APP-1013664,Phone_IVR,Status_Inquiry_WhereIsMyAccount,22,18.0
TCK-4003088,APP-1013669,Email_Helpdesk,Status_Inquiry_WhereIsMyAccount,21,12.0
TCK-4003089,APP-1013677,In_App_Chat,Status_Inquiry_WhereIsMyAccount,40,8.5
TCK-4003090,APP-1013679,In_App_Chat,Document_Upload_Failure,9,8.5
TCK-4003091,APP-1013682,In_App_Chat,Status_Inquiry_WhereIsMyAccount,32,8.5
TCK-4003092,APP-1013698,Phone_IVR,Status_Inquiry_WhereIsMyAccount,35,18.0
TCK-4003093,APP-1013712,Phone_IVR,Status_Inquiry_WhereIsMyAccount,37,18.0
TCK-4003094,APP-1013713,Email_Helpdesk,Status_Inquiry_WhereIsMyAccount,32,12.0
TCK-4003095,APP-1013714,Phone_IVR,Status_Inquiry_WhereIsMyAccount,42,18.0
TCK-4003096,APP-1013722,Phone_IVR,Status_Inquiry_WhereIsMyAccount,10,18.0
TCK-4003097,APP-1013723,In_App_Chat,Status_Inquiry_WhereIsMyAccount,7,8.5
TCK-4003098,APP-1013726,In_App_Chat,Status_Inquiry_WhereIsMyAccount,22,8.5
TCK-4003099,APP-1013729,Phone_IVR,Status_Inquiry_WhereIsMyAccount,28,18.0
TCK-4003100,APP-1013730,Phone_IVR,Status_Inquiry_WhereIsMyAccount,5,18.0
TCK-4003101,APP-1013731,In_App_Chat,Document_Upload_Failure,7,8.5
TCK-4003102,APP-1013734,Phone_IVR,Status_Inquiry_WhereIsMyAccount,9,18.0
TCK-4003103,APP-1013736,In_App_Chat,Status_Inquiry_WhereIsMyAccount,16,8.5
TCK-4003104,APP-1013737,In_App_Chat,Status_Inquiry_WhereIsMyAccount,29,8.5
TCK-4003105,APP-1013741,Phone_IVR,Status_Inquiry_WhereIsMyAccount,10,18.0
TCK-4003106,APP-1013742,Email_Helpdesk,Status_Inquiry_WhereIsMyAccount,40,12.0
TCK-4003107,APP-1013743,In_App_Chat,Status_Inquiry_WhereIsMyAccount,5,8.5
TCK-4003108,APP-1013744,In_App_Chat,Status_Inquiry_WhereIsMyAccount,26,8.5
TCK-4003109,APP-1013746,In_App_Chat,General_Clarification,17,8.5
TCK-4003110,APP-1013747,In_App_Chat,General_Clarification,34,8.5
TCK-4003111,APP-1013748,Phone_IVR,Status_Inquiry_WhereIsMyAccount,25,18.0
TCK-4003112,APP-1013755,Phone_IVR,Status_Inquiry_WhereIsMyAccount,40,18.0
TCK-4003113,APP-1013758,In_App_Chat,Status_Inquiry_WhereIsMyAccount,30,8.5
TCK-4003114,APP-1013765,In_App_Chat,Status_Inquiry_WhereIsMyAccount,19,8.5
TCK-4003115,APP-1013770,In_App_Chat,Status_Inquiry_WhereIsMyAccount,34,8.5
TCK-4003116,APP-1013773,Phone_IVR,Status_Inquiry_WhereIsMyAccount,44,18.0
TCK-4003117,APP-1013774,In_App_Chat,Status_Inquiry_WhereIsMyAccount,44,8.5
TCK-4003118,APP-1013782,In_App_Chat,Status_Inquiry_WhereIsMyAccount,16,8.5
TCK-4003119,APP-1013785,Phone_IVR,Status_Inquiry_WhereIsMyAccount,5,18.0
TCK-4003120,APP-1013786,Phone_IVR,Status_Inquiry_WhereIsMyAccount,33,18.0
TCK-4003121,APP-1013789,In_App_Chat,Status_Inquiry_WhereIsMyAccount,14,8.5
TCK-4003122,APP-1013790,In_App_Chat,Status_Inquiry_WhereIsMyAccount,17,8.5
TCK-4003123,APP-1013792,Email_Helpdesk,Document_Upload_Failure,43,12.0
TCK-4003124,APP-1013795,Phone_IVR,Status_Inquiry_WhereIsMyAccount,38,18.0
TCK-4003125,APP-1013796,In_App_Chat,Status_Inquiry_WhereIsMyAccount,23,8.5
TCK-4003126,APP-1013802,In_App_Chat,General_Clarification,23,8.5
TCK-4003127,APP-1013803,Email_Helpdesk,Status_Inquiry_WhereIsMyAccount,42,12.0
TCK-4003128,APP-1013805,Email_Helpdesk,Status_Inquiry_WhereIsMyAccount,8,12.0
TCK-4003129,APP-1013820,In_App_Chat,Status_Inquiry_WhereIsMyAccount,42,8.5
TCK-4003130,APP-1013827,In_App_Chat,Status_Inquiry_WhereIsMyAccount,20,8.5
TCK-4003131,APP-1013830,In_App_Chat,Status_Inquiry_WhereIsMyAccount,43,8.5
TCK-4003132,APP-1013834,Email_Helpdesk,General_Clarification,26,12.0
TCK-4003133,APP-1013836,Phone_IVR,General_Clarification,43,18.0
TCK-4003134,APP-1013839,In_App_Chat,Status_Inquiry_WhereIsMyAccount,16,8.5
TCK-4003135,APP-1013840,Phone_IVR,General_Clarification,36,18.0
TCK-4003136,APP-1013848,Email_Helpdesk,Status_Inquiry_WhereIsMyAccount,31,12.0
TCK-4003137,APP-1013850,Phone_IVR,Status_Inquiry_WhereIsMyAccount,7,18.0
TCK-4003138,APP-1013852,In_App_Chat,Status_Inquiry_WhereIsMyAccount,42,8.5
TCK-4003139,APP-1013856,Phone_IVR,Status_Inquiry_WhereIsMyAccount,39,18.0
TCK-4003140,APP-1013862,In_App_Chat,Status_Inquiry_WhereIsMyAccount,25,8.5
TCK-4003141,APP-1013863,Phone_IVR,Status_Inquiry_WhereIsMyAccount,38,18.0
TCK-4003142,APP-1013871,Phone_IVR,Status_Inquiry_WhereIsMyAccount,36,18.0
TCK-4003143,APP-1013872,In_App_Chat,Status_Inquiry_WhereIsMyAccount,38,8.5
TCK-4003144,APP-1013875,In_App_Chat,Status_Inquiry_WhereIsMyAccount,25,8.5
TCK-4003145,APP-1013876,Email_Helpdesk,Status_Inquiry_WhereIsMyAccount,21,12.0
TCK-4003146,APP-1013883,Email_Helpdesk,Status_Inquiry_WhereIsMyAccount,30,12.0
TCK-4003147,APP-1013897,Phone_IVR,Status_Inquiry_WhereIsMyAccount,30,18.0
TCK-4003148,APP-1013900,Phone_IVR,Document_Upload_Failure,40,18.0
TCK-4003149,APP-1013901,In_App_Chat,Status_Inquiry_WhereIsMyAccount,42,8.5
TCK-4003150,APP-1013902,Phone_IVR,Status_Inquiry_WhereIsMyAccount,39,18.0
TCK-4003151,APP-1013908,Phone_IVR,Document_Upload_Failure,43,18.0
TCK-4003152,APP-1013909,In_App_Chat,Status_Inquiry_WhereIsMyAccount,42,8.5
TCK-4003153,APP-1013913,Phone_IVR,Status_Inquiry_WhereIsMyAccount,9,18.0
TCK-4003154,APP-1013919,In_App_Chat,Status_Inquiry_WhereIsMyAccount,38,8.5
TCK-4003155,APP-1013921,Phone_IVR,Status_Inquiry_WhereIsMyAccount,7,18.0
TCK-4003156,APP-1013922,Phone_IVR,Status_Inquiry_WhereIsMyAccount,14,18.0
TCK-4003157,APP-1013926,Phone_IVR,Status_Inquiry_WhereIsMyAccount,19,18.0
TCK-4003158,APP-1013932,Email_Helpdesk,Status_Inquiry_WhereIsMyAccount,27,12.0
TCK-4003159,APP-1013938,Phone_IVR,Status_Inquiry_WhereIsMyAccount,31,18.0
TCK-4003160,APP-1013951,In_App_Chat,Status_Inquiry_WhereIsMyAccount,14,8.5
TCK-4003161,APP-1013958,In_App_Chat,Status_Inquiry_WhereIsMyAccount,42,8.5
TCK-4003162,APP-1013964,In_App_Chat,Status_Inquiry_WhereIsMyAccount,9,8.5
TCK-4003163,APP-1013965,Phone_IVR,Status_Inquiry_WhereIsMyAccount,6,18.0
TCK-4003164,APP-1013969,In_App_Chat,Document_Upload_Failure,26,8.5
TCK-4003165,APP-1013971,In_App_Chat,Status_Inquiry_WhereIsMyAccount,27,8.5
TCK-4003166,APP-1013980,Email_Helpdesk,General_Clarification,25,12.0
TCK-4003167,APP-1013982,Phone_IVR,Status_Inquiry_WhereIsMyAccount,40,18.0
TCK-4003168,APP-1013986,Email_Helpdesk,Status_Inquiry_WhereIsMyAccount,29,12.0
TCK-4003169,APP-1013993,In_App_Chat,Status_Inquiry_WhereIsMyAccount,43,8.5
TCK-4003170,APP-1013996,Phone_IVR,Document_Upload_Failure,26,18.0
TCK-4003171,APP-1013997,Phone_IVR,Status_Inquiry_WhereIsMyAccount,30,18.0
TCK-4003172,APP-1013999,In_App_Chat,General_Clarification,24,8.5
TCK-4003173,APP-1014001,In_App_Chat,Document_Upload_Failure,42,8.5
TCK-4003174,APP-1014002,Phone_IVR,Status_Inquiry_WhereIsMyAccount,15,18.0
TCK-4003175,APP-1014003,Email_Helpdesk,Status_Inquiry_WhereIsMyAccount,18,12.0
TCK-4003176,APP-1014007,In_App_Chat,Status_Inquiry_WhereIsMyAccount,6,8.5
TCK-4003177,APP-1014012,Email_Helpdesk,General_Clarification,28,12.0
TCK-4003178,APP-1014027,Email_Helpdesk,Status_Inquiry_WhereIsMyAccount,41,12.0
TCK-4003179,APP-1014031,Email_Helpdesk,Status_Inquiry_WhereIsMyAccount,7,12.0
TCK-4003180,APP-1014035,In_App_Chat,Status_Inquiry_WhereIsMyAccount,11,8.5
TCK-4003181,APP-1014041,In_App_Chat,Status_Inquiry_WhereIsMyAccount,40,8.5
TCK-4003182,APP-1014067,In_App_Chat,Status_Inquiry_WhereIsMyAccount,13,8.5
TCK-4003183,APP-1014075,In_App_Chat,Status_Inquiry_WhereIsMyAccount,30,8.5
TCK-4003184,APP-1014077,In_App_Chat,Status_Inquiry_WhereIsMyAccount,20,8.5
TCK-4003185,APP-1014082,In_App_Chat,Status_Inquiry_WhereIsMyAccount,17,8.5
TCK-4003186,APP-1014098,In_App_Chat,Status_Inquiry_WhereIsMyAccount,39,8.5
TCK-4003187,APP-1014099,In_App_Chat,Status_Inquiry_WhereIsMyAccount,32,8.5
TCK-4003188,APP-1014108,In_App_Chat,Status_Inquiry_WhereIsMyAccount,18,8.5
TCK-4003189,APP-1014109,Email_Helpdesk,Status_Inquiry_WhereIsMyAccount,7,12.0
TCK-4003190,APP-1014110,In_App_Chat,Status_Inquiry_WhereIsMyAccount,44,8.5
TCK-4003191,APP-1014111,In_App_Chat,Status_Inquiry_WhereIsMyAccount,7,8.5
TCK-4003192,APP-1014120,In_App_Chat,Status_Inquiry_WhereIsMyAccount,30,8.5
TCK-4003193,APP-1014123,In_App_Chat,Status_Inquiry_WhereIsMyAccount,6,8.5
TCK-4003194,APP-1014125,In_App_Chat,Status_Inquiry_WhereIsMyAccount,15,8.5
TCK-4003195,APP-1014127,In_App_Chat,Status_Inquiry_WhereIsMyAccount,16,8.5
TCK-4003196,APP-1014129,Phone_IVR,General_Clarification,15,18.0
TCK-4003197,APP-1014134,Email_Helpdesk,Status_Inquiry_WhereIsMyAccount,28,12.0
TCK-4003198,APP-1014141,Email_Helpdesk,Status_Inquiry_WhereIsMyAccount,25,12.0
TCK-4003199,APP-1014145,Email_Helpdesk,Status_Inquiry_WhereIsMyAccount,19,12.0
TCK-4003200,APP-1014153,In_App_Chat,Status_Inquiry_WhereIsMyAccount,14,8.5
TCK-4003201,APP-1014163,In_App_Chat,Status_Inquiry_WhereIsMyAccount,7,8.5
TCK-4003202,APP-1014164,Phone_IVR,Status_Inquiry_WhereIsMyAccount,20,18.0
TCK-4003203,APP-1014166,Phone_IVR,Status_Inquiry_WhereIsMyAccount,29,18.0
TCK-4003204,APP-1014172,In_App_Chat,Status_Inquiry_WhereIsMyAccount,32,8.5
TCK-4003205,APP-1014183,Phone_IVR,Status_Inquiry_WhereIsMyAccount,40,18.0
TCK-4003206,APP-1014193,Phone_IVR,Status_Inquiry_WhereIsMyAccount,22,18.0
TCK-4003207,APP-1014197,Phone_IVR,Status_Inquiry_WhereIsMyAccount,6,18.0
TCK-4003208,APP-1014202,In_App_Chat,Status_Inquiry_WhereIsMyAccount,26,8.5
TCK-4003209,APP-1014208,Phone_IVR,Status_Inquiry_WhereIsMyAccount,42,18.0
TCK-4003210,APP-1014212,In_App_Chat,Status_Inquiry_WhereIsMyAccount,14,8.5
TCK-4003211,APP-1014213,In_App_Chat,Document_Upload_Failure,36,8.5
TCK-4003212,APP-1014215,In_App_Chat,Status_Inquiry_WhereIsMyAccount,38,8.5
TCK-4003213,APP-1014221,Email_Helpdesk,Status_Inquiry_WhereIsMyAccount,20,12.0
TCK-4003214,APP-1014222,In_App_Chat,Status_Inquiry_WhereIsMyAccount,29,8.5
TCK-4003215,APP-1014227,Phone_IVR,Document_Upload_Failure,40,18.0
TCK-4003216,APP-1014231,In_App_Chat,Document_Upload_Failure,20,8.5
TCK-4003217,APP-1014233,Phone_IVR,General_Clarification,8,18.0
TCK-4003218,APP-1014234,Phone_IVR,Status_Inquiry_WhereIsMyAccount,12,18.0
TCK-4003219,APP-1014235,Email_Helpdesk,General_Clarification,26,12.0
TCK-4003220,APP-1014236,Email_Helpdesk,General_Clarification,9,12.0
TCK-4003221,APP-1014239,In_App_Chat,Status_Inquiry_WhereIsMyAccount,26,8.5
TCK-4003222,APP-1014244,In_App_Chat,Status_Inquiry_WhereIsMyAccount,27,8.5
TCK-4003223,APP-1014249,In_App_Chat,Status_Inquiry_WhereIsMyAccount,18,8.5
TCK-4003224,APP-1014256,In_App_Chat,Status_Inquiry_WhereIsMyAccount,15,8.5
TCK-4003225,APP-1014260,Phone_IVR,General_Clarification,9,18.0
TCK-4003226,APP-1014261,In_App_Chat,Status_Inquiry_WhereIsMyAccount,16,8.5
TCK-4003227,APP-1014273,In_App_Chat,Status_Inquiry_WhereIsMyAccount,24,8.5
TCK-4003228,APP-1014274,Phone_IVR,Status_Inquiry_WhereIsMyAccount,21,18.0
TCK-4003229,APP-1014275,In_App_Chat,Status_Inquiry_WhereIsMyAccount,40,8.5
TCK-4003230,APP-1014279,In_App_Chat,General_Clarification,15,8.5
TCK-4003231,APP-1014287,Phone_IVR,General_Clarification,16,18.0
TCK-4003232,APP-1014299,In_App_Chat,General_Clarification,14,8.5
TCK-4003233,APP-1014306,In_App_Chat,Status_Inquiry_WhereIsMyAccount,23,8.5
TCK-4003234,APP-1014311,Phone_IVR,Status_Inquiry_WhereIsMyAccount,39,18.0
TCK-4003235,APP-1014323,In_App_Chat,Status_Inquiry_WhereIsMyAccount,43,8.5
TCK-4003236,APP-1014324,In_App_Chat,Status_Inquiry_WhereIsMyAccount,29,8.5
TCK-4003237,APP-1014326,In_App_Chat,Status_Inquiry_WhereIsMyAccount,26,8.5
TCK-4003238,APP-1014327,Email_Helpdesk,General_Clarification,44,12.0
TCK-4003239,APP-1014332,In_App_Chat,Document_Upload_Failure,32,8.5
TCK-4003240,APP-1014337,In_App_Chat,Status_Inquiry_WhereIsMyAccount,5,8.5
TCK-4003241,APP-1014338,In_App_Chat,Status_Inquiry_WhereIsMyAccount,8,8.5
TCK-4003242,APP-1014339,Phone_IVR,Status_Inquiry_WhereIsMyAccount,23,18.0
TCK-4003243,APP-1014340,Phone_IVR,Status_Inquiry_WhereIsMyAccount,28,18.0
TCK-4003244,APP-1014341,In_App_Chat,Status_Inquiry_WhereIsMyAccount,12,8.5
TCK-4003245,APP-1014344,Phone_IVR,Status_Inquiry_WhereIsMyAccount,17,18.0
TCK-4003246,APP-1014360,In_App_Chat,Status_Inquiry_WhereIsMyAccount,37,8.5
TCK-4003247,APP-1014361,Phone_IVR,Status_Inquiry_WhereIsMyAccount,29,18.0
TCK-4003248,APP-1014365,Phone_IVR,Status_Inquiry_WhereIsMyAccount,24,18.0
TCK-4003249,APP-1014366,In_App_Chat,Status_Inquiry_WhereIsMyAccount,29,8.5
TCK-4003250,APP-1014367,In_App_Chat,General_Clarification,18,8.5
TCK-4003251,APP-1014368,Phone_IVR,Status_Inquiry_WhereIsMyAccount,40,18.0
TCK-4003252,APP-1014370,Phone_IVR,General_Clarification,18,18.0
TCK-4003253,APP-1014378,In_App_Chat,Status_Inquiry_WhereIsMyAccount,13,8.5
TCK-4003254,APP-1014382,In_App_Chat,Status_Inquiry_WhereIsMyAccount,31,8.5
TCK-4003255,APP-1014390,Email_Helpdesk,Status_Inquiry_WhereIsMyAccount,32,12.0
TCK-4003256,APP-1014395,In_App_Chat,Status_Inquiry_WhereIsMyAccount,42,8.5
TCK-4003257,APP-1014396,In_App_Chat,Status_Inquiry_WhereIsMyAccount,15,8.5
TCK-4003258,APP-1014400,In_App_Chat,Status_Inquiry_WhereIsMyAccount,9,8.5
TCK-4003259,APP-1014403,In_App_Chat,Status_Inquiry_WhereIsMyAccount,21,8.5
TCK-4003260,APP-1014408,Email_Helpdesk,Status_Inquiry_WhereIsMyAccount,12,12.0
TCK-4003261,APP-1014411,Email_Helpdesk,Status_Inquiry_WhereIsMyAccount,22,12.0
TCK-4003262,APP-1014413,Phone_IVR,Status_Inquiry_WhereIsMyAccount,5,18.0
TCK-4003263,APP-1014416,Phone_IVR,Status_Inquiry_WhereIsMyAccount,32,18.0
TCK-4003264,APP-1014429,In_App_Chat,Status_Inquiry_WhereIsMyAccount,42,8.5
TCK-4003265,APP-1014430,In_App_Chat,Status_Inquiry_WhereIsMyAccount,26,8.5
TCK-4003266,APP-1014432,In_App_Chat,Status_Inquiry_WhereIsMyAccount,39,8.5
TCK-4003267,APP-1014436,In_App_Chat,Status_Inquiry_WhereIsMyAccount,44,8.5
TCK-4003268,APP-1014438,Phone_IVR,Status_Inquiry_WhereIsMyAccount,8,18.0
TCK-4003269,APP-1014440,Phone_IVR,Status_Inquiry_WhereIsMyAccount,40,18.0
TCK-4003270,APP-1014442,In_App_Chat,Status_Inquiry_WhereIsMyAccount,23,8.5
TCK-4003271,APP-1014444,In_App_Chat,Document_Upload_Failure,20,8.5
TCK-4003272,APP-1014447,In_App_Chat,Status_Inquiry_WhereIsMyAccount,35,8.5
TCK-4003273,APP-1014463,In_App_Chat,Status_Inquiry_WhereIsMyAccount,19,8.5
TCK-4003274,APP-1014465,In_App_Chat,General_Clarification,9,8.5
TCK-4003275,APP-1014466,In_App_Chat,General_Clarification,22,8.5
TCK-4003276,APP-1014468,In_App_Chat,Status_Inquiry_WhereIsMyAccount,7,8.5
TCK-4003277,APP-1014476,Phone_IVR,Status_Inquiry_WhereIsMyAccount,11,18.0
TCK-4003278,APP-1014478,In_App_Chat,Status_Inquiry_WhereIsMyAccount,14,8.5
TCK-4003279,APP-1014480,In_App_Chat,Status_Inquiry_WhereIsMyAccount,36,8.5
TCK-4003280,APP-1014484,Phone_IVR,Status_Inquiry_WhereIsMyAccount,43,18.0
TCK-4003281,APP-1014489,In_App_Chat,Status_Inquiry_WhereIsMyAccount,27,8.5
TCK-4003282,APP-1014490,Phone_IVR,Status_Inquiry_WhereIsMyAccount,41,18.0
TCK-4003283,APP-1014491,In_App_Chat,Status_Inquiry_WhereIsMyAccount,9,8.5
TCK-4003284,APP-1014493,Phone_IVR,Document_Upload_Failure,22,18.0
TCK-4003285,APP-1014497,In_App_Chat,Status_Inquiry_WhereIsMyAccount,28,8.5
TCK-4003286,APP-1014499,In_App_Chat,Status_Inquiry_WhereIsMyAccount,38,8.5
TCK-4003287,APP-1014500,Phone_IVR,Status_Inquiry_WhereIsMyAccount,19,18.0
TCK-4003288,APP-1014503,In_App_Chat,Status_Inquiry_WhereIsMyAccount,44,8.5
TCK-4003289,APP-1014510,In_App_Chat,Status_Inquiry_WhereIsMyAccount,41,8.5
TCK-4003290,APP-1014515,Phone_IVR,General_Clarification,39,18.0
TCK-4003291,APP-1014517,Phone_IVR,Status_Inquiry_WhereIsMyAccount,19,18.0
TCK-4003292,APP-1014519,Email_Helpdesk,Status_Inquiry_WhereIsMyAccount,19,12.0
TCK-4003293,APP-1014524,Phone_IVR,Status_Inquiry_WhereIsMyAccount,14,18.0
TCK-4003294,APP-1014526,Phone_IVR,General_Clarification,14,18.0
TCK-4003295,APP-1014532,In_App_Chat,Status_Inquiry_WhereIsMyAccount,12,8.5
TCK-4003296,APP-1014537,In_App_Chat,Status_Inquiry_WhereIsMyAccount,34,8.5
TCK-4003297,APP-1014539,Phone_IVR,Status_Inquiry_WhereIsMyAccount,16,18.0
TCK-4003298,APP-1014541,In_App_Chat,Status_Inquiry_WhereIsMyAccount,11,8.5
TCK-4003299,APP-1014547,In_App_Chat,Status_Inquiry_WhereIsMyAccount,29,8.5
TCK-4003300,APP-1014548,In_App_Chat,Status_Inquiry_WhereIsMyAccount,39,8.5
TCK-4003301,APP-1014551,In_App_Chat,Status_Inquiry_WhereIsMyAccount,43,8.5
TCK-4003302,APP-1014554,Email_Helpdesk,Status_Inquiry_WhereIsMyAccount,39,12.0
TCK-4003303,APP-1014559,In_App_Chat,Status_Inquiry_WhereIsMyAccount,15,8.5
TCK-4003304,APP-1014564,Email_Helpdesk,Status_Inquiry_WhereIsMyAccount,14,12.0
TCK-4003305,APP-1014565,In_App_Chat,Status_Inquiry_WhereIsMyAccount,44,8.5
TCK-4003306,APP-1014568,Email_Helpdesk,Status_Inquiry_WhereIsMyAccount,10,12.0
TCK-4003307,APP-1014570,Phone_IVR,Status_Inquiry_WhereIsMyAccount,39,18.0
TCK-4003308,APP-1014572,Email_Helpdesk,Status_Inquiry_WhereIsMyAccount,25,12.0
TCK-4003309,APP-1014578,In_App_Chat,Status_Inquiry_WhereIsMyAccount,39,8.5
TCK-4003310,APP-1014584,Email_Helpdesk,General_Clarification,31,12.0
TCK-4003311,APP-1014585,In_App_Chat,General_Clarification,6,8.5
TCK-4003312,APP-1014615,Phone_IVR,Status_Inquiry_WhereIsMyAccount,33,18.0
TCK-4003313,APP-1014616,In_App_Chat,General_Clarification,10,8.5
TCK-4003314,APP-1014628,Email_Helpdesk,General_Clarification,13,12.0
TCK-4003315,APP-1014630,Email_Helpdesk,Document_Upload_Failure,13,12.0
TCK-4003316,APP-1014631,Email_Helpdesk,Status_Inquiry_WhereIsMyAccount,33,12.0
TCK-4003317,APP-1014632,Phone_IVR,Status_Inquiry_WhereIsMyAccount,18,18.0
TCK-4003318,APP-1014643,Email_Helpdesk,General_Clarification,31,12.0
TCK-4003319,APP-1014658,Phone_IVR,Status_Inquiry_WhereIsMyAccount,29,18.0
TCK-4003320,APP-1014663,Phone_IVR,Status_Inquiry_WhereIsMyAccount,22,18.0
TCK-4003321,APP-1014664,In_App_Chat,Status_Inquiry_WhereIsMyAccount,41,8.5
TCK-4003322,APP-1014665,In_App_Chat,Status_Inquiry_WhereIsMyAccount,38,8.5
TCK-4003323,APP-1014666,In_App_Chat,Status_Inquiry_WhereIsMyAccount,30,8.5
TCK-4003324,APP-1014669,In_App_Chat,Status_Inquiry_WhereIsMyAccount,27,8.5
TCK-4003325,APP-1014672,In_App_Chat,Document_Upload_Failure,12,8.5
TCK-4003326,APP-1014673,In_App_Chat,Status_Inquiry_WhereIsMyAccount,12,8.5
TCK-4003327,APP-1014680,Phone_IVR,Status_Inquiry_WhereIsMyAccount,7,18.0
TCK-4003328,APP-1014685,In_App_Chat,Status_Inquiry_WhereIsMyAccount,42,8.5
TCK-4003329,APP-1014693,Email_Helpdesk,Status_Inquiry_WhereIsMyAccount,20,12.0
TCK-4003330,APP-1014695,Phone_IVR,Status_Inquiry_WhereIsMyAccount,15,18.0
TCK-4003331,APP-1014702,Phone_IVR,Document_Upload_Failure,8,18.0
TCK-4003332,APP-1014705,Email_Helpdesk,Status_Inquiry_WhereIsMyAccount,30,12.0
TCK-4003333,APP-1014707,Phone_IVR,Status_Inquiry_WhereIsMyAccount,25,18.0
TCK-4003334,APP-1014708,Phone_IVR,Status_Inquiry_WhereIsMyAccount,8,18.0
TCK-4003335,APP-1014713,In_App_Chat,Status_Inquiry_WhereIsMyAccount,30,8.5
TCK-4003336,APP-1014717,In_App_Chat,Status_Inquiry_WhereIsMyAccount,36,8.5
TCK-4003337,APP-1014723,Phone_IVR,Status_Inquiry_WhereIsMyAccount,34,18.0
TCK-4003338,APP-1014724,Phone_IVR,Status_Inquiry_WhereIsMyAccount,10,18.0
TCK-4003339,APP-1014727,In_App_Chat,General_Clarification,44,8.5
TCK-4003340,APP-1014731,Phone_IVR,Status_Inquiry_WhereIsMyAccount,7,18.0
TCK-4003341,APP-1014733,In_App_Chat,Status_Inquiry_WhereIsMyAccount,38,8.5
TCK-4003342,APP-1014735,In_App_Chat,Status_Inquiry_WhereIsMyAccount,37,8.5
TCK-4003343,APP-1014738,In_App_Chat,Document_Upload_Failure,33,8.5
TCK-4003344,APP-1014740,Phone_IVR,Status_Inquiry_WhereIsMyAccount,14,18.0
TCK-4003345,APP-1014744,In_App_Chat,Status_Inquiry_WhereIsMyAccount,31,8.5
TCK-4003346,APP-1014751,In_App_Chat,Document_Upload_Failure,8,8.5
TCK-4003347,APP-1014759,In_App_Chat,Status_Inquiry_WhereIsMyAccount,25,8.5
TCK-4003348,APP-1014771,Email_Helpdesk,Status_Inquiry_WhereIsMyAccount,16,12.0
TCK-4003349,APP-1014779,Email_Helpdesk,Status_Inquiry_WhereIsMyAccount,41,12.0
TCK-4003350,APP-1014783,In_App_Chat,Status_Inquiry_WhereIsMyAccount,14,8.5
TCK-4003351,APP-1014784,Email_Helpdesk,Status_Inquiry_WhereIsMyAccount,10,12.0
TCK-4003352,APP-1014787,In_App_Chat,General_Clarification,20,8.5
TCK-4003353,APP-1014792,Phone_IVR,Status_Inquiry_WhereIsMyAccount,41,18.0
TCK-4003354,APP-1014794,In_App_Chat,General_Clarification,37,8.5
TCK-4003355,APP-1014797,Phone_IVR,Status_Inquiry_WhereIsMyAccount,34,18.0
TCK-4003356,APP-1014799,In_App_Chat,Status_Inquiry_WhereIsMyAccount,44,8.5
TCK-4003357,APP-1014802,Phone_IVR,Status_Inquiry_WhereIsMyAccount,22,18.0
TCK-4003358,APP-1014803,In_App_Chat,Status_Inquiry_WhereIsMyAccount,35,8.5
TCK-4003359,APP-1014805,Phone_IVR,Status_Inquiry_WhereIsMyAccount,32,18.0
TCK-4003360,APP-1014807,In_App_Chat,Status_Inquiry_WhereIsMyAccount,35,8.5
TCK-4003361,APP-1014809,Phone_IVR,Status_Inquiry_WhereIsMyAccount,38,18.0
TCK-4003362,APP-1014818,Email_Helpdesk,Status_Inquiry_WhereIsMyAccount,12,12.0
TCK-4003363,APP-1014824,In_App_Chat,Status_Inquiry_WhereIsMyAccount,32,8.5
TCK-4003364,APP-1014829,Phone_IVR,Document_Upload_Failure,33,18.0
TCK-4003365,APP-1014831,In_App_Chat,Status_Inquiry_WhereIsMyAccount,38,8.5
TCK-4003366,APP-1014832,In_App_Chat,Status_Inquiry_WhereIsMyAccount,22,8.5
TCK-4003367,APP-1014839,In_App_Chat,Status_Inquiry_WhereIsMyAccount,10,8.5
TCK-4003368,APP-1014840,In_App_Chat,Status_Inquiry_WhereIsMyAccount,38,8.5
TCK-4003369,APP-1014842,Phone_IVR,Status_Inquiry_WhereIsMyAccount,24,18.0
TCK-4003370,APP-1014855,In_App_Chat,Status_Inquiry_WhereIsMyAccount,19,8.5
TCK-4003371,APP-1014860,Phone_IVR,Status_Inquiry_WhereIsMyAccount,43,18.0
TCK-4003372,APP-1014863,Email_Helpdesk,Status_Inquiry_WhereIsMyAccount,24,12.0
TCK-4003373,APP-1014869,Phone_IVR,Status_Inquiry_WhereIsMyAccount,42,18.0
TCK-4003374,APP-1014873,In_App_Chat,Status_Inquiry_WhereIsMyAccount,19,8.5
TCK-4003375,APP-1014877,In_App_Chat,Status_Inquiry_WhereIsMyAccount,16,8.5
TCK-4003376,APP-1014885,In_App_Chat,Status_Inquiry_WhereIsMyAccount,32,8.5
TCK-4003377,APP-1014888,In_App_Chat,Status_Inquiry_WhereIsMyAccount,33,8.5
TCK-4003378,APP-1014894,In_App_Chat,Status_Inquiry_WhereIsMyAccount,43,8.5
TCK-4003379,APP-1014899,Phone_IVR,Status_Inquiry_WhereIsMyAccount,21,18.0
TCK-4003380,APP-1014902,In_App_Chat,General_Clarification,36,8.5
TCK-4003381,APP-1014905,In_App_Chat,Status_Inquiry_WhereIsMyAccount,25,8.5
TCK-4003382,APP-1014907,Email_Helpdesk,Status_Inquiry_WhereIsMyAccount,27,12.0
TCK-4003383,APP-1014927,In_App_Chat,Status_Inquiry_WhereIsMyAccount,18,8.5
TCK-4003384,APP-1014930,Phone_IVR,Status_Inquiry_WhereIsMyAccount,33,18.0
TCK-4003385,APP-1014937,Phone_IVR,Status_Inquiry_WhereIsMyAccount,33,18.0
TCK-4003386,APP-1014949,In_App_Chat,Status_Inquiry_WhereIsMyAccount,31,8.5
TCK-4003387,APP-1014953,Email_Helpdesk,General_Clarification,30,12.0
TCK-4003388,APP-1014954,Phone_IVR,Status_Inquiry_WhereIsMyAccount,37,18.0
TCK-4003389,APP-1014957,Phone_IVR,Status_Inquiry_WhereIsMyAccount,7,18.0
TCK-4003390,APP-1014958,In_App_Chat,Status_Inquiry_WhereIsMyAccount,41,8.5
TCK-4003391,APP-1014962,Email_Helpdesk,Status_Inquiry_WhereIsMyAccount,20,12.0
TCK-4003392,APP-1014965,In_App_Chat,Status_Inquiry_WhereIsMyAccount,16,8.5
TCK-4003393,APP-1014968,In_App_Chat,Status_Inquiry_WhereIsMyAccount,20,8.5
TCK-4003394,APP-1014969,Phone_IVR,Status_Inquiry_WhereIsMyAccount,6,18.0
TCK-4003395,APP-1014970,Email_Helpdesk,Status_Inquiry_WhereIsMyAccount,41,12.0
TCK-4003396,APP-1014979,In_App_Chat,Status_Inquiry_WhereIsMyAccount,44,8.5
TCK-4003397,APP-1014984,In_App_Chat,Status_Inquiry_WhereIsMyAccount,35,8.5
TCK-4003398,APP-1014985,Email_Helpdesk,Status_Inquiry_WhereIsMyAccount,13,12.0
TCK-4003399,APP-1014989,In_App_Chat,Status_Inquiry_WhereIsMyAccount,11,8.5
TCK-4003400,APP-1014990,In_App_Chat,Status_Inquiry_WhereIsMyAccount,33,8.5
TCK-4003401,APP-1014997,In_App_Chat,Status_Inquiry_WhereIsMyAccount,23,8.5
TCK-4003402,APP-1014999,In_App_Chat,Status_Inquiry_WhereIsMyAccount,34,8.5
TCK-4003403,APP-1015000,In_App_Chat,Status_Inquiry_WhereIsMyAccount,39,8.5
TCK-4003404,APP-1015002,In_App_Chat,Status_Inquiry_WhereIsMyAccount,24,8.5
TCK-4003405,APP-1015005,In_App_Chat,Status_Inquiry_WhereIsMyAccount,36,8.5
TCK-4003406,APP-1015012,In_App_Chat,Status_Inquiry_WhereIsMyAccount,29,8.5
TCK-4003407,APP-1015018,Email_Helpdesk,Status_Inquiry_WhereIsMyAccount,10,12.0
TCK-4003408,APP-1015027,In_App_Chat,Document_Upload_Failure,41,8.5
TCK-4003409,APP-1015060,Email_Helpdesk,Status_Inquiry_WhereIsMyAccount,44,12.0
TCK-4003410,APP-1015063,Email_Helpdesk,Status_Inquiry_WhereIsMyAccount,25,12.0
TCK-4003411,APP-1015064,In_App_Chat,Status_Inquiry_WhereIsMyAccount,37,8.5
TCK-4003412,APP-1015069,In_App_Chat,Status_Inquiry_WhereIsMyAccount,27,8.5
TCK-4003413,APP-1015070,In_App_Chat,Status_Inquiry_WhereIsMyAccount,5,8.5
TCK-4003414,APP-1015072,Phone_IVR,General_Clarification,19,18.0
TCK-4003415,APP-1015078,In_App_Chat,Status_Inquiry_WhereIsMyAccount,40,8.5
TCK-4003416,APP-1015079,In_App_Chat,General_Clarification,23,8.5
TCK-4003417,APP-1015086,In_App_Chat,Status_Inquiry_WhereIsMyAccount,12,8.5
TCK-4003418,APP-1015087,In_App_Chat,Status_Inquiry_WhereIsMyAccount,21,8.5
TCK-4003419,APP-1015093,Phone_IVR,Status_Inquiry_WhereIsMyAccount,17,18.0
TCK-4003420,APP-1015099,Phone_IVR,Status_Inquiry_WhereIsMyAccount,26,18.0
TCK-4003421,APP-1015106,In_App_Chat,Status_Inquiry_WhereIsMyAccount,18,8.5
TCK-4003422,APP-1015108,Phone_IVR,Status_Inquiry_WhereIsMyAccount,29,18.0
TCK-4003423,APP-1015110,Phone_IVR,Status_Inquiry_WhereIsMyAccount,6,18.0
TCK-4003424,APP-1015112,Phone_IVR,Status_Inquiry_WhereIsMyAccount,37,18.0
TCK-4003425,APP-1015124,Phone_IVR,General_Clarification,36,18.0
TCK-4003426,APP-1015126,Email_Helpdesk,General_Clarification,42,12.0
TCK-4003427,APP-1015128,In_App_Chat,Status_Inquiry_WhereIsMyAccount,38,8.5
TCK-4003428,APP-1015137,Phone_IVR,Status_Inquiry_WhereIsMyAccount,24,18.0
TCK-4003429,APP-1015141,Phone_IVR,Status_Inquiry_WhereIsMyAccount,35,18.0
TCK-4003430,APP-1015144,In_App_Chat,Status_Inquiry_WhereIsMyAccount,44,8.5
TCK-4003431,APP-1015145,In_App_Chat,Status_Inquiry_WhereIsMyAccount,6,8.5
TCK-4003432,APP-1015147,Phone_IVR,Status_Inquiry_WhereIsMyAccount,19,18.0
TCK-4003433,APP-1015152,In_App_Chat,General_Clarification,36,8.5
TCK-4003434,APP-1015157,In_App_Chat,Status_Inquiry_WhereIsMyAccount,24,8.5
TCK-4003435,APP-1015158,In_App_Chat,General_Clarification,29,8.5
TCK-4003436,APP-1015162,In_App_Chat,General_Clarification,42,8.5
TCK-4003437,APP-1015166,In_App_Chat,Status_Inquiry_WhereIsMyAccount,44,8.5
TCK-4003438,APP-1015169,In_App_Chat,Status_Inquiry_WhereIsMyAccount,5,8.5
TCK-4003439,APP-1015173,In_App_Chat,Status_Inquiry_WhereIsMyAccount,28,8.5
TCK-4003440,APP-1015177,Phone_IVR,Document_Upload_Failure,30,18.0
TCK-4003441,APP-1015180,Email_Helpdesk,Status_Inquiry_WhereIsMyAccount,35,12.0
TCK-4003442,APP-1015183,In_App_Chat,Status_Inquiry_WhereIsMyAccount,32,8.5
TCK-4003443,APP-1015187,In_App_Chat,Status_Inquiry_WhereIsMyAccount,31,8.5
TCK-4003444,APP-1015200,Phone_IVR,Status_Inquiry_WhereIsMyAccount,14,18.0
TCK-4003445,APP-1015206,Phone_IVR,Status_Inquiry_WhereIsMyAccount,38,18.0
TCK-4003446,APP-1015208,Phone_IVR,Status_Inquiry_WhereIsMyAccount,24,18.0
TCK-4003447,APP-1015236,In_App_Chat,Status_Inquiry_WhereIsMyAccount,23,8.5
TCK-4003448,APP-1015238,In_App_Chat,Status_Inquiry_WhereIsMyAccount,32,8.5
TCK-4003449,APP-1015240,In_App_Chat,Status_Inquiry_WhereIsMyAccount,7,8.5
TCK-4003450,APP-1015244,Phone_IVR,Status_Inquiry_WhereIsMyAccount,23,18.0
TCK-4003451,APP-1015248,Phone_IVR,Status_Inquiry_WhereIsMyAccount,7,18.0
TCK-4003452,APP-1015249,Phone_IVR,Status_Inquiry_WhereIsMyAccount,39,18.0
TCK-4003453,APP-1015252,In_App_Chat,Status_Inquiry_WhereIsMyAccount,36,8.5
TCK-4003454,APP-1015256,In_App_Chat,Status_Inquiry_WhereIsMyAccount,38,8.5
TCK-4003455,APP-1015258,In_App_Chat,Status_Inquiry_WhereIsMyAccount,24,8.5
TCK-4003456,APP-1015263,In_App_Chat,Status_Inquiry_WhereIsMyAccount,37,8.5
TCK-4003457,APP-1015266,Phone_IVR,Status_Inquiry_WhereIsMyAccount,19,18.0
TCK-4003458,APP-1015272,In_App_Chat,General_Clarification,15,8.5
TCK-4003459,APP-1015273,In_App_Chat,Status_Inquiry_WhereIsMyAccount,31,8.5
TCK-4003460,APP-1015274,Phone_IVR,Status_Inquiry_WhereIsMyAccount,16,18.0
TCK-4003461,APP-1015277,In_App_Chat,Status_Inquiry_WhereIsMyAccount,31,8.5
TCK-4003462,APP-1015289,Phone_IVR,General_Clarification,44,18.0
TCK-4003463,APP-1015292,In_App_Chat,Status_Inquiry_WhereIsMyAccount,33,8.5
TCK-4003464,APP-1015298,In_App_Chat,Status_Inquiry_WhereIsMyAccount,33,8.5
TCK-4003465,APP-1015303,Phone_IVR,Status_Inquiry_WhereIsMyAccount,20,18.0
TCK-4003466,APP-1015307,In_App_Chat,Status_Inquiry_WhereIsMyAccount,15,8.5
TCK-4003467,APP-1015308,In_App_Chat,Status_Inquiry_WhereIsMyAccount,43,8.5
TCK-4003468,APP-1015313,Email_Helpdesk,Status_Inquiry_WhereIsMyAccount,5,12.0
TCK-4003469,APP-1015332,In_App_Chat,Status_Inquiry_WhereIsMyAccount,21,8.5
TCK-4003470,APP-1015336,Phone_IVR,Status_Inquiry_WhereIsMyAccount,44,18.0
TCK-4003471,APP-1015341,Phone_IVR,Status_Inquiry_WhereIsMyAccount,38,18.0
TCK-4003472,APP-1015345,In_App_Chat,Status_Inquiry_WhereIsMyAccount,43,8.5
TCK-4003473,APP-1015366,Phone_IVR,Status_Inquiry_WhereIsMyAccount,38,18.0
TCK-4003474,APP-1015368,In_App_Chat,Status_Inquiry_WhereIsMyAccount,33,8.5
TCK-4003475,APP-1015373,In_App_Chat,General_Clarification,39,8.5
TCK-4003476,APP-1015375,In_App_Chat,Status_Inquiry_WhereIsMyAccount,12,8.5
TCK-4003477,APP-1015376,Email_Helpdesk,General_Clarification,37,12.0
TCK-4003478,APP-1015377,In_App_Chat,Status_Inquiry_WhereIsMyAccount,33,8.5
TCK-4003479,APP-1015379,In_App_Chat,Status_Inquiry_WhereIsMyAccount,7,8.5
TCK-4003480,APP-1015380,Email_Helpdesk,Status_Inquiry_WhereIsMyAccount,9,12.0
TCK-4003481,APP-1015389,In_App_Chat,Status_Inquiry_WhereIsMyAccount,26,8.5
TCK-4003482,APP-1015395,In_App_Chat,Document_Upload_Failure,24,8.5
TCK-4003483,APP-1015397,Email_Helpdesk,Status_Inquiry_WhereIsMyAccount,8,12.0
TCK-4003484,APP-1015400,In_App_Chat,Status_Inquiry_WhereIsMyAccount,44,8.5
TCK-4003485,APP-1015402,Email_Helpdesk,Status_Inquiry_WhereIsMyAccount,40,12.0
TCK-4003486,APP-1015403,In_App_Chat,Status_Inquiry_WhereIsMyAccount,20,8.5
TCK-4003487,APP-1015409,In_App_Chat,Status_Inquiry_WhereIsMyAccount,16,8.5
TCK-4003488,APP-1015411,In_App_Chat,Document_Upload_Failure,8,8.5
TCK-4003489,APP-1015417,In_App_Chat,Status_Inquiry_WhereIsMyAccount,39,8.5
TCK-4003490,APP-1015431,In_App_Chat,Status_Inquiry_WhereIsMyAccount,6,8.5
TCK-4003491,APP-1015433,Email_Helpdesk,Status_Inquiry_WhereIsMyAccount,15,12.0
TCK-4003492,APP-1015436,Phone_IVR,Status_Inquiry_WhereIsMyAccount,20,18.0
TCK-4003493,APP-1015446,In_App_Chat,Status_Inquiry_WhereIsMyAccount,28,8.5
TCK-4003494,APP-1015447,Phone_IVR,Status_Inquiry_WhereIsMyAccount,16,18.0
TCK-4003495,APP-1015448,In_App_Chat,Status_Inquiry_WhereIsMyAccount,5,8.5
TCK-4003496,APP-1015462,In_App_Chat,Status_Inquiry_WhereIsMyAccount,13,8.5
TCK-4003497,APP-1015465,In_App_Chat,Status_Inquiry_WhereIsMyAccount,42,8.5
TCK-4003498,APP-1015467,Phone_IVR,Status_Inquiry_WhereIsMyAccount,39,18.0
TCK-4003499,APP-1015469,In_App_Chat,Status_Inquiry_WhereIsMyAccount,5,8.5
TCK-4003500,APP-1015475,Email_Helpdesk,Document_Upload_Failure,16,12.0
TCK-4003501,APP-1015476,In_App_Chat,Status_Inquiry_WhereIsMyAccount,44,8.5
TCK-4003502,APP-1015479,In_App_Chat,Status_Inquiry_WhereIsMyAccount,6,8.5
TCK-4003503,APP-1015484,In_App_Chat,Status_Inquiry_WhereIsMyAccount,33,8.5
TCK-4003504,APP-1015488,In_App_Chat,Status_Inquiry_WhereIsMyAccount,36,8.5
TCK-4003505,APP-1015496,Phone_IVR,Status_Inquiry_WhereIsMyAccount,16,18.0
TCK-4003506,APP-1015504,In_App_Chat,Status_Inquiry_WhereIsMyAccount,33,8.5
TCK-4003507,APP-1015507,In_App_Chat,Status_Inquiry_WhereIsMyAccount,42,8.5
TCK-4003508,APP-1015509,Phone_IVR,Status_Inquiry_WhereIsMyAccount,36,18.0
TCK-4003509,APP-1015524,In_App_Chat,Status_Inquiry_WhereIsMyAccount,18,8.5
TCK-4003510,APP-1015527,Phone_IVR,Status_Inquiry_WhereIsMyAccount,22,18.0
TCK-4003511,APP-1015534,Email_Helpdesk,Status_Inquiry_WhereIsMyAccount,37,12.0
TCK-4003512,APP-1015535,In_App_Chat,Document_Upload_Failure,39,8.5
TCK-4003513,APP-1015536,In_App_Chat,Document_Upload_Failure,21,8.5
TCK-4003514,APP-1015540,Phone_IVR,Status_Inquiry_WhereIsMyAccount,42,18.0
TCK-4003515,APP-1015553,Phone_IVR,General_Clarification,37,18.0
TCK-4003516,APP-1015554,In_App_Chat,Status_Inquiry_WhereIsMyAccount,42,8.5
TCK-4003517,APP-1015555,Phone_IVR,General_Clarification,31,18.0
TCK-4003518,APP-1015557,In_App_Chat,Status_Inquiry_WhereIsMyAccount,11,8.5
TCK-4003519,APP-1015561,In_App_Chat,General_Clarification,12,8.5
TCK-4003520,APP-1015567,Phone_IVR,Status_Inquiry_WhereIsMyAccount,43,18.0
TCK-4003521,APP-1015568,In_App_Chat,Status_Inquiry_WhereIsMyAccount,38,8.5
TCK-4003522,APP-1015570,In_App_Chat,Status_Inquiry_WhereIsMyAccount,36,8.5
TCK-4003523,APP-1015572,In_App_Chat,Document_Upload_Failure,44,8.5
TCK-4003524,APP-1015575,Phone_IVR,Status_Inquiry_WhereIsMyAccount,27,18.0
TCK-4003525,APP-1015576,Email_Helpdesk,General_Clarification,20,12.0
TCK-4003526,APP-1015578,In_App_Chat,Status_Inquiry_WhereIsMyAccount,41,8.5
TCK-4003527,APP-1015581,Email_Helpdesk,General_Clarification,23,12.0
TCK-4003528,APP-1015582,In_App_Chat,Status_Inquiry_WhereIsMyAccount,41,8.5
TCK-4003529,APP-1015590,In_App_Chat,Status_Inquiry_WhereIsMyAccount,26,8.5
TCK-4003530,APP-1015592,In_App_Chat,Status_Inquiry_WhereIsMyAccount,33,8.5
TCK-4003531,APP-1015597,In_App_Chat,Status_Inquiry_WhereIsMyAccount,37,8.5
TCK-4003532,APP-1015607,In_App_Chat,Status_Inquiry_WhereIsMyAccount,20,8.5
TCK-4003533,APP-1015610,In_App_Chat,Status_Inquiry_WhereIsMyAccount,15,8.5
TCK-4003534,APP-1015611,In_App_Chat,Status_Inquiry_WhereIsMyAccount,6,8.5
TCK-4003535,APP-1015622,In_App_Chat,Status_Inquiry_WhereIsMyAccount,29,8.5
TCK-4003536,APP-1015623,Phone_IVR,Status_Inquiry_WhereIsMyAccount,16,18.0
TCK-4003537,APP-1015624,Phone_IVR,Status_Inquiry_WhereIsMyAccount,21,18.0
TCK-4003538,APP-1015625,In_App_Chat,Status_Inquiry_WhereIsMyAccount,11,8.5
TCK-4003539,APP-1015627,In_App_Chat,Status_Inquiry_WhereIsMyAccount,19,8.5
TCK-4003540,APP-1015631,In_App_Chat,Document_Upload_Failure,42,8.5
TCK-4003541,APP-1015633,Email_Helpdesk,Status_Inquiry_WhereIsMyAccount,43,12.0
TCK-4003542,APP-1015635,Phone_IVR,Status_Inquiry_WhereIsMyAccount,17,18.0
TCK-4003543,APP-1015638,In_App_Chat,Status_Inquiry_WhereIsMyAccount,41,8.5
TCK-4003544,APP-1015639,Phone_IVR,Status_Inquiry_WhereIsMyAccount,20,18.0
TCK-4003545,APP-1015640,In_App_Chat,Status_Inquiry_WhereIsMyAccount,15,8.5
TCK-4003546,APP-1015646,Email_Helpdesk,Status_Inquiry_WhereIsMyAccount,41,12.0
TCK-4003547,APP-1015653,Email_Helpdesk,Status_Inquiry_WhereIsMyAccount,13,12.0
TCK-4003548,APP-1015658,In_App_Chat,Status_Inquiry_WhereIsMyAccount,31,8.5
TCK-4003549,APP-1015666,Phone_IVR,Status_Inquiry_WhereIsMyAccount,23,18.0
TCK-4003550,APP-1015669,Phone_IVR,Status_Inquiry_WhereIsMyAccount,8,18.0
TCK-4003551,APP-1015673,Phone_IVR,Status_Inquiry_WhereIsMyAccount,23,18.0
TCK-4003552,APP-1015677,In_App_Chat,Status_Inquiry_WhereIsMyAccount,31,8.5
TCK-4003553,APP-1015687,In_App_Chat,Status_Inquiry_WhereIsMyAccount,38,8.5
TCK-4003554,APP-1015695,In_App_Chat,Status_Inquiry_WhereIsMyAccount,10,8.5
TCK-4003555,APP-1015697,In_App_Chat,Status_Inquiry_WhereIsMyAccount,41,8.5
TCK-4003556,APP-1015699,Phone_IVR,Document_Upload_Failure,21,18.0
TCK-4003557,APP-1015700,Email_Helpdesk,Status_Inquiry_WhereIsMyAccount,38,12.0
TCK-4003558,APP-1015701,In_App_Chat,Status_Inquiry_WhereIsMyAccount,10,8.5
TCK-4003559,APP-1015703,In_App_Chat,Status_Inquiry_WhereIsMyAccount,22,8.5
TCK-4003560,APP-1015705,In_App_Chat,General_Clarification,29,8.5
TCK-4003561,APP-1015706,In_App_Chat,Status_Inquiry_WhereIsMyAccount,8,8.5
TCK-4003562,APP-1015712,In_App_Chat,Status_Inquiry_WhereIsMyAccount,18,8.5
TCK-4003563,APP-1015714,In_App_Chat,Status_Inquiry_WhereIsMyAccount,42,8.5
TCK-4003564,APP-1015721,Phone_IVR,Status_Inquiry_WhereIsMyAccount,35,18.0
TCK-4003565,APP-1015724,Email_Helpdesk,Status_Inquiry_WhereIsMyAccount,15,12.0
TCK-4003566,APP-1015725,Phone_IVR,Status_Inquiry_WhereIsMyAccount,32,18.0
TCK-4003567,APP-1015728,In_App_Chat,Status_Inquiry_WhereIsMyAccount,11,8.5
TCK-4003568,APP-1015729,In_App_Chat,Status_Inquiry_WhereIsMyAccount,7,8.5
TCK-4003569,APP-1015738,Phone_IVR,Status_Inquiry_WhereIsMyAccount,26,18.0
TCK-4003570,APP-1015740,In_App_Chat,Document_Upload_Failure,44,8.5
TCK-4003571,APP-1015741,Email_Helpdesk,Status_Inquiry_WhereIsMyAccount,35,12.0
TCK-4003572,APP-1015756,In_App_Chat,Status_Inquiry_WhereIsMyAccount,33,8.5
TCK-4003573,APP-1015762,In_App_Chat,Status_Inquiry_WhereIsMyAccount,41,8.5
TCK-4003574,APP-1015770,In_App_Chat,Document_Upload_Failure,6,8.5
TCK-4003575,APP-1015771,Phone_IVR,Status_Inquiry_WhereIsMyAccount,21,18.0
TCK-4003576,APP-1015777,Phone_IVR,Status_Inquiry_WhereIsMyAccount,6,18.0
TCK-4003577,APP-1015783,In_App_Chat,Status_Inquiry_WhereIsMyAccount,20,8.5
TCK-4003578,APP-1015784,Email_Helpdesk,Status_Inquiry_WhereIsMyAccount,14,12.0
TCK-4003579,APP-1015792,Phone_IVR,Status_Inquiry_WhereIsMyAccount,35,18.0
TCK-4003580,APP-1015793,In_App_Chat,Status_Inquiry_WhereIsMyAccount,21,8.5
TCK-4003581,APP-1015795,Phone_IVR,Status_Inquiry_WhereIsMyAccount,29,18.0
TCK-4003582,APP-1015797,Email_Helpdesk,General_Clarification,44,12.0
TCK-4003583,APP-1015810,In_App_Chat,Status_Inquiry_WhereIsMyAccount,6,8.5
TCK-4003584,APP-1015815,Phone_IVR,Status_Inquiry_WhereIsMyAccount,15,18.0
TCK-4003585,APP-1015820,Phone_IVR,Status_Inquiry_WhereIsMyAccount,37,18.0
TCK-4003586,APP-1015823,Email_Helpdesk,Status_Inquiry_WhereIsMyAccount,33,12.0
TCK-4003587,APP-1015833,In_App_Chat,Status_Inquiry_WhereIsMyAccount,14,8.5
TCK-4003588,APP-1015840,In_App_Chat,Status_Inquiry_WhereIsMyAccount,20,8.5
TCK-4003589,APP-1015847,Phone_IVR,Status_Inquiry_WhereIsMyAccount,27,18.0
TCK-4003590,APP-1015851,In_App_Chat,Status_Inquiry_WhereIsMyAccount,19,8.5
TCK-4003591,APP-1015853,In_App_Chat,Status_Inquiry_WhereIsMyAccount,5,8.5
TCK-4003592,APP-1015858,In_App_Chat,General_Clarification,22,8.5
TCK-4003593,APP-1015869,In_App_Chat,Status_Inquiry_WhereIsMyAccount,17,8.5
TCK-4003594,APP-1015881,Phone_IVR,Document_Upload_Failure,42,18.0
TCK-4003595,APP-1015886,In_App_Chat,Status_Inquiry_WhereIsMyAccount,44,8.5
TCK-4003596,APP-1015890,In_App_Chat,Status_Inquiry_WhereIsMyAccount,44,8.5
TCK-4003597,APP-1015892,In_App_Chat,Status_Inquiry_WhereIsMyAccount,38,8.5
TCK-4003598,APP-1015901,In_App_Chat,Status_Inquiry_WhereIsMyAccount,16,8.5
TCK-4003599,APP-1015907,Phone_IVR,Document_Upload_Failure,23,18.0
TCK-4003600,APP-1015908,In_App_Chat,Status_Inquiry_WhereIsMyAccount,22,8.5
TCK-4003601,APP-1015912,Phone_IVR,Status_Inquiry_WhereIsMyAccount,21,18.0
TCK-4003602,APP-1015913,In_App_Chat,Status_Inquiry_WhereIsMyAccount,44,8.5
TCK-4003603,APP-1015917,Email_Helpdesk,Status_Inquiry_WhereIsMyAccount,28,12.0
TCK-4003604,APP-1015922,In_App_Chat,Status_Inquiry_WhereIsMyAccount,19,8.5
TCK-4003605,APP-1015924,In_App_Chat,Status_Inquiry_WhereIsMyAccount,14,8.5
TCK-4003606,APP-1015926,In_App_Chat,Status_Inquiry_WhereIsMyAccount,5,8.5
TCK-4003607,APP-1015928,Email_Helpdesk,Status_Inquiry_WhereIsMyAccount,22,12.0
TCK-4003608,APP-1015930,In_App_Chat,Status_Inquiry_WhereIsMyAccount,42,8.5
TCK-4003609,APP-1015931,Phone_IVR,Status_Inquiry_WhereIsMyAccount,37,18.0
TCK-4003610,APP-1015936,Phone_IVR,Status_Inquiry_WhereIsMyAccount,37,18.0
TCK-4003611,APP-1015948,Phone_IVR,Status_Inquiry_WhereIsMyAccount,40,18.0
TCK-4003612,APP-1015951,In_App_Chat,Status_Inquiry_WhereIsMyAccount,15,8.5
TCK-4003613,APP-1015958,In_App_Chat,Document_Upload_Failure,34,8.5
TCK-4003614,APP-1015966,Phone_IVR,Document_Upload_Failure,40,18.0
TCK-4003615,APP-1015972,In_App_Chat,Status_Inquiry_WhereIsMyAccount,19,8.5
TCK-4003616,APP-1015973,Email_Helpdesk,Status_Inquiry_WhereIsMyAccount,32,12.0
TCK-4003617,APP-1015974,In_App_Chat,Status_Inquiry_WhereIsMyAccount,6,8.5
TCK-4003618,APP-1015981,Phone_IVR,General_Clarification,33,18.0
TCK-4003619,APP-1015983,Phone_IVR,Status_Inquiry_WhereIsMyAccount,15,18.0
TCK-4003620,APP-1015992,Phone_IVR,Status_Inquiry_WhereIsMyAccount,29,18.0
TCK-4003621,APP-1016000,Email_Helpdesk,Status_Inquiry_WhereIsMyAccount,30,12.0
TCK-4003622,APP-1016008,Phone_IVR,Document_Upload_Failure,30,18.0
TCK-4003623,APP-1016017,Email_Helpdesk,Status_Inquiry_WhereIsMyAccount,12,12.0
TCK-4003624,APP-1016020,In_App_Chat,General_Clarification,34,8.5
TCK-4003625,APP-1016025,In_App_Chat,Status_Inquiry_WhereIsMyAccount,11,8.5
TCK-4003626,APP-1016027,In_App_Chat,Status_Inquiry_WhereIsMyAccount,33,8.5
TCK-4003627,APP-1016028,Email_Helpdesk,Status_Inquiry_WhereIsMyAccount,40,12.0
TCK-4003628,APP-1016033,Email_Helpdesk,Status_Inquiry_WhereIsMyAccount,41,12.0
TCK-4003629,APP-1016039,Email_Helpdesk,Status_Inquiry_WhereIsMyAccount,31,12.0
TCK-4003630,APP-1016044,Email_Helpdesk,Status_Inquiry_WhereIsMyAccount,8,12.0
TCK-4003631,APP-1016050,In_App_Chat,Status_Inquiry_WhereIsMyAccount,10,8.5
TCK-4003632,APP-1016051,In_App_Chat,Status_Inquiry_WhereIsMyAccount,11,8.5
TCK-4003633,APP-1016052,Phone_IVR,Status_Inquiry_WhereIsMyAccount,21,18.0
TCK-4003634,APP-1016055,Phone_IVR,Status_Inquiry_WhereIsMyAccount,41,18.0
TCK-4003635,APP-1016060,Phone_IVR,Status_Inquiry_WhereIsMyAccount,21,18.0
TCK-4003636,APP-1016061,In_App_Chat,General_Clarification,37,8.5
TCK-4003637,APP-1016063,Phone_IVR,Status_Inquiry_WhereIsMyAccount,20,18.0
TCK-4003638,APP-1016065,In_App_Chat,Status_Inquiry_WhereIsMyAccount,42,8.5
TCK-4003639,APP-1016073,In_App_Chat,Status_Inquiry_WhereIsMyAccount,10,8.5
TCK-4003640,APP-1016088,In_App_Chat,Document_Upload_Failure,37,8.5
TCK-4003641,APP-1016099,In_App_Chat,Status_Inquiry_WhereIsMyAccount,22,8.5
TCK-4003642,APP-1016101,In_App_Chat,Document_Upload_Failure,18,8.5
TCK-4003643,APP-1016116,Phone_IVR,Status_Inquiry_WhereIsMyAccount,44,18.0
TCK-4003644,APP-1016126,In_App_Chat,General_Clarification,24,8.5
TCK-4003645,APP-1016129,Phone_IVR,Status_Inquiry_WhereIsMyAccount,26,18.0
TCK-4003646,APP-1016131,In_App_Chat,Status_Inquiry_WhereIsMyAccount,24,8.5
TCK-4003647,APP-1016140,Phone_IVR,Status_Inquiry_WhereIsMyAccount,31,18.0
TCK-4003648,APP-1016142,In_App_Chat,Status_Inquiry_WhereIsMyAccount,28,8.5
TCK-4003649,APP-1016153,Phone_IVR,Status_Inquiry_WhereIsMyAccount,9,18.0
TCK-4003650,APP-1016158,In_App_Chat,Status_Inquiry_WhereIsMyAccount,43,8.5
TCK-4003651,APP-1016160,In_App_Chat,Document_Upload_Failure,17,8.5
TCK-4003652,APP-1016164,Phone_IVR,Status_Inquiry_WhereIsMyAccount,5,18.0
TCK-4003653,APP-1016165,In_App_Chat,Status_Inquiry_WhereIsMyAccount,24,8.5
TCK-4003654,APP-1016168,In_App_Chat,Status_Inquiry_WhereIsMyAccount,6,8.5
TCK-4003655,APP-1016171,In_App_Chat,Status_Inquiry_WhereIsMyAccount,34,8.5
TCK-4003656,APP-1016175,In_App_Chat,Status_Inquiry_WhereIsMyAccount,29,8.5
TCK-4003657,APP-1016176,In_App_Chat,Status_Inquiry_WhereIsMyAccount,32,8.5
TCK-4003658,APP-1016178,In_App_Chat,Status_Inquiry_WhereIsMyAccount,11,8.5
TCK-4003659,APP-1016187,In_App_Chat,Document_Upload_Failure,13,8.5
TCK-4003660,APP-1016191,In_App_Chat,Status_Inquiry_WhereIsMyAccount,25,8.5
TCK-4003661,APP-1016192,Phone_IVR,Status_Inquiry_WhereIsMyAccount,11,18.0
TCK-4003662,APP-1016198,Phone_IVR,Status_Inquiry_WhereIsMyAccount,27,18.0
TCK-4003663,APP-1016219,In_App_Chat,Document_Upload_Failure,16,8.5
TCK-4003664,APP-1016224,In_App_Chat,Status_Inquiry_WhereIsMyAccount,12,8.5
TCK-4003665,APP-1016235,In_App_Chat,Document_Upload_Failure,43,8.5
TCK-4003666,APP-1016236,Phone_IVR,Status_Inquiry_WhereIsMyAccount,27,18.0
TCK-4003667,APP-1016238,In_App_Chat,Status_Inquiry_WhereIsMyAccount,24,8.5
TCK-4003668,APP-1016242,Phone_IVR,Status_Inquiry_WhereIsMyAccount,7,18.0
TCK-4003669,APP-1016249,In_App_Chat,Status_Inquiry_WhereIsMyAccount,10,8.5
TCK-4003670,APP-1016253,In_App_Chat,Status_Inquiry_WhereIsMyAccount,17,8.5
TCK-4003671,APP-1016257,In_App_Chat,Document_Upload_Failure,20,8.5
TCK-4003672,APP-1016261,In_App_Chat,Status_Inquiry_WhereIsMyAccount,24,8.5
TCK-4003673,APP-1016263,Phone_IVR,Status_Inquiry_WhereIsMyAccount,44,18.0
TCK-4003674,APP-1016265,In_App_Chat,Status_Inquiry_WhereIsMyAccount,29,8.5
TCK-4003675,APP-1016268,In_App_Chat,Status_Inquiry_WhereIsMyAccount,15,8.5
TCK-4003676,APP-1016276,In_App_Chat,Status_Inquiry_WhereIsMyAccount,22,8.5
TCK-4003677,APP-1016286,In_App_Chat,Status_Inquiry_WhereIsMyAccount,25,8.5
TCK-4003678,APP-1016288,In_App_Chat,Status_Inquiry_WhereIsMyAccount,43,8.5
TCK-4003679,APP-1016291,In_App_Chat,Status_Inquiry_WhereIsMyAccount,26,8.5
TCK-4003680,APP-1016293,In_App_Chat,Status_Inquiry_WhereIsMyAccount,30,8.5
TCK-4003681,APP-1016296,Phone_IVR,Status_Inquiry_WhereIsMyAccount,21,18.0
TCK-4003682,APP-1016299,Email_Helpdesk,Status_Inquiry_WhereIsMyAccount,33,12.0
TCK-4003683,APP-1016302,In_App_Chat,Status_Inquiry_WhereIsMyAccount,12,8.5
TCK-4003684,APP-1016304,Phone_IVR,Status_Inquiry_WhereIsMyAccount,31,18.0
TCK-4003685,APP-1016305,In_App_Chat,Status_Inquiry_WhereIsMyAccount,29,8.5
TCK-4003686,APP-1016306,In_App_Chat,General_Clarification,29,8.5
TCK-4003687,APP-1016307,In_App_Chat,General_Clarification,39,8.5
TCK-4003688,APP-1016311,In_App_Chat,Status_Inquiry_WhereIsMyAccount,19,8.5
TCK-4003689,APP-1016315,Phone_IVR,Status_Inquiry_WhereIsMyAccount,37,18.0
TCK-4003690,APP-1016321,In_App_Chat,Document_Upload_Failure,43,8.5
TCK-4003691,APP-1016323,In_App_Chat,Status_Inquiry_WhereIsMyAccount,43,8.5
TCK-4003692,APP-1016326,Phone_IVR,Status_Inquiry_WhereIsMyAccount,35,18.0
TCK-4003693,APP-1016327,Email_Helpdesk,Status_Inquiry_WhereIsMyAccount,27,12.0
TCK-4003694,APP-1016334,Phone_IVR,Status_Inquiry_WhereIsMyAccount,12,18.0
TCK-4003695,APP-1016336,Email_Helpdesk,Status_Inquiry_WhereIsMyAccount,19,12.0
TCK-4003696,APP-1016341,In_App_Chat,General_Clarification,16,8.5
TCK-4003697,APP-1016343,In_App_Chat,Status_Inquiry_WhereIsMyAccount,24,8.5
TCK-4003698,APP-1016344,Phone_IVR,Status_Inquiry_WhereIsMyAccount,44,18.0
TCK-4003699,APP-1016346,Phone_IVR,General_Clarification,7,18.0
TCK-4003700,APP-1016347,Email_Helpdesk,Document_Upload_Failure,43,12.0
TCK-4003701,APP-1016351,In_App_Chat,Status_Inquiry_WhereIsMyAccount,34,8.5
TCK-4003702,APP-1016354,In_App_Chat,General_Clarification,13,8.5
TCK-4003703,APP-1016368,In_App_Chat,Status_Inquiry_WhereIsMyAccount,20,8.5
TCK-4003704,APP-1016370,Phone_IVR,Status_Inquiry_WhereIsMyAccount,28,18.0
TCK-4003705,APP-1016372,Email_Helpdesk,Status_Inquiry_WhereIsMyAccount,22,12.0
TCK-4003706,APP-1016377,In_App_Chat,Status_Inquiry_WhereIsMyAccount,6,8.5
TCK-4003707,APP-1016378,In_App_Chat,Status_Inquiry_WhereIsMyAccount,21,8.5
TCK-4003708,APP-1016379,In_App_Chat,Document_Upload_Failure,25,8.5
TCK-4003709,APP-1016384,Phone_IVR,Status_Inquiry_WhereIsMyAccount,37,18.0
TCK-4003710,APP-1016387,In_App_Chat,Status_Inquiry_WhereIsMyAccount,25,8.5
TCK-4003711,APP-1016389,Email_Helpdesk,Status_Inquiry_WhereIsMyAccount,15,12.0
TCK-4003712,APP-1016391,Phone_IVR,Status_Inquiry_WhereIsMyAccount,13,18.0
TCK-4003713,APP-1016393,Email_Helpdesk,Status_Inquiry_WhereIsMyAccount,40,12.0
TCK-4003714,APP-1016410,Email_Helpdesk,Status_Inquiry_WhereIsMyAccount,32,12.0
TCK-4003715,APP-1016417,Email_Helpdesk,Status_Inquiry_WhereIsMyAccount,15,12.0
TCK-4003716,APP-1016418,Phone_IVR,Status_Inquiry_WhereIsMyAccount,42,18.0
TCK-4003717,APP-1016433,Phone_IVR,Status_Inquiry_WhereIsMyAccount,14,18.0
TCK-4003718,APP-1016435,In_App_Chat,Status_Inquiry_WhereIsMyAccount,35,8.5
TCK-4003719,APP-1016438,Phone_IVR,Status_Inquiry_WhereIsMyAccount,39,18.0
TCK-4003720,APP-1016442,In_App_Chat,Status_Inquiry_WhereIsMyAccount,39,8.5
TCK-4003721,APP-1016454,Phone_IVR,Status_Inquiry_WhereIsMyAccount,7,18.0
TCK-4003722,APP-1016456,Phone_IVR,Status_Inquiry_WhereIsMyAccount,33,18.0
TCK-4003723,APP-1016458,In_App_Chat,Status_Inquiry_WhereIsMyAccount,11,8.5
TCK-4003724,APP-1016459,Phone_IVR,Status_Inquiry_WhereIsMyAccount,12,18.0
TCK-4003725,APP-1016460,In_App_Chat,Status_Inquiry_WhereIsMyAccount,40,8.5
TCK-4003726,APP-1016465,Phone_IVR,Status_Inquiry_WhereIsMyAccount,15,18.0
TCK-4003727,APP-1016469,Phone_IVR,General_Clarification,14,18.0
TCK-4003728,APP-1016477,Email_Helpdesk,Status_Inquiry_WhereIsMyAccount,28,12.0
TCK-4003729,APP-1016486,In_App_Chat,Status_Inquiry_WhereIsMyAccount,43,8.5
TCK-4003730,APP-1016496,In_App_Chat,Status_Inquiry_WhereIsMyAccount,14,8.5
TCK-4003731,APP-1016498,Email_Helpdesk,Document_Upload_Failure,41,12.0
TCK-4003732,APP-1016502,In_App_Chat,Document_Upload_Failure,7,8.5
TCK-4003733,APP-1016515,In_App_Chat,Status_Inquiry_WhereIsMyAccount,42,8.5
TCK-4003734,APP-1016517,Email_Helpdesk,Status_Inquiry_WhereIsMyAccount,36,12.0
TCK-4003735,APP-1016524,In_App_Chat,Status_Inquiry_WhereIsMyAccount,34,8.5
TCK-4003736,APP-1016528,Phone_IVR,Status_Inquiry_WhereIsMyAccount,22,18.0
TCK-4003737,APP-1016542,In_App_Chat,Status_Inquiry_WhereIsMyAccount,8,8.5
TCK-4003738,APP-1016547,In_App_Chat,Status_Inquiry_WhereIsMyAccount,40,8.5
TCK-4003739,APP-1016551,Phone_IVR,Status_Inquiry_WhereIsMyAccount,35,18.0
TCK-4003740,APP-1016564,In_App_Chat,Status_Inquiry_WhereIsMyAccount,12,8.5
TCK-4003741,APP-1016566,In_App_Chat,Status_Inquiry_WhereIsMyAccount,39,8.5
TCK-4003742,APP-1016570,In_App_Chat,Status_Inquiry_WhereIsMyAccount,35,8.5
TCK-4003743,APP-1016573,Phone_IVR,Status_Inquiry_WhereIsMyAccount,42,18.0
TCK-4003744,APP-1016577,In_App_Chat,Status_Inquiry_WhereIsMyAccount,31,8.5
TCK-4003745,APP-1016579,In_App_Chat,Status_Inquiry_WhereIsMyAccount,10,8.5
TCK-4003746,APP-1016580,Email_Helpdesk,General_Clarification,15,12.0
TCK-4003747,APP-1016582,In_App_Chat,Status_Inquiry_WhereIsMyAccount,43,8.5
TCK-4003748,APP-1016588,In_App_Chat,Status_Inquiry_WhereIsMyAccount,15,8.5
TCK-4003749,APP-1016602,In_App_Chat,Status_Inquiry_WhereIsMyAccount,23,8.5
TCK-4003750,APP-1016606,Phone_IVR,Status_Inquiry_WhereIsMyAccount,35,18.0
TCK-4003751,APP-1016610,In_App_Chat,General_Clarification,26,8.5
TCK-4003752,APP-1016612,In_App_Chat,General_Clarification,9,8.5
TCK-4003753,APP-1016613,In_App_Chat,Status_Inquiry_WhereIsMyAccount,9,8.5
TCK-4003754,APP-1016616,Phone_IVR,Status_Inquiry_WhereIsMyAccount,8,18.0
TCK-4003755,APP-1016617,In_App_Chat,Status_Inquiry_WhereIsMyAccount,26,8.5
TCK-4003756,APP-1016626,In_App_Chat,Status_Inquiry_WhereIsMyAccount,38,8.5
TCK-4003757,APP-1016628,Email_Helpdesk,Status_Inquiry_WhereIsMyAccount,39,12.0
TCK-4003758,APP-1016629,Phone_IVR,Status_Inquiry_WhereIsMyAccount,25,18.0
TCK-4003759,APP-1016632,In_App_Chat,Status_Inquiry_WhereIsMyAccount,25,8.5
TCK-4003760,APP-1016633,Email_Helpdesk,Status_Inquiry_WhereIsMyAccount,10,12.0
TCK-4003761,APP-1016642,Phone_IVR,Status_Inquiry_WhereIsMyAccount,17,18.0
TCK-4003762,APP-1016644,Phone_IVR,Status_Inquiry_WhereIsMyAccount,16,18.0
TCK-4003763,APP-1016645,In_App_Chat,Document_Upload_Failure,5,8.5
TCK-4003764,APP-1016646,In_App_Chat,Status_Inquiry_WhereIsMyAccount,15,8.5
TCK-4003765,APP-1016647,Email_Helpdesk,Document_Upload_Failure,9,12.0
TCK-4003766,APP-1016653,In_App_Chat,Status_Inquiry_WhereIsMyAccount,29,8.5
TCK-4003767,APP-1016655,In_App_Chat,Status_Inquiry_WhereIsMyAccount,33,8.5
TCK-4003768,APP-1016659,In_App_Chat,Status_Inquiry_WhereIsMyAccount,25,8.5
TCK-4003769,APP-1016661,In_App_Chat,Status_Inquiry_WhereIsMyAccount,34,8.5
TCK-4003770,APP-1016671,Phone_IVR,Status_Inquiry_WhereIsMyAccount,21,18.0
TCK-4003771,APP-1016673,In_App_Chat,Status_Inquiry_WhereIsMyAccount,36,8.5
TCK-4003772,APP-1016674,In_App_Chat,Status_Inquiry_WhereIsMyAccount,43,8.5
TCK-4003773,APP-1016680,In_App_Chat,Status_Inquiry_WhereIsMyAccount,20,8.5
TCK-4003774,APP-1016681,In_App_Chat,Status_Inquiry_WhereIsMyAccount,13,8.5
TCK-4003775,APP-1016685,Phone_IVR,Status_Inquiry_WhereIsMyAccount,17,18.0
TCK-4003776,APP-1016690,Phone_IVR,Status_Inquiry_WhereIsMyAccount,7,18.0
TCK-4003777,APP-1016696,Phone_IVR,Status_Inquiry_WhereIsMyAccount,29,18.0
TCK-4003778,APP-1016700,Email_Helpdesk,Status_Inquiry_WhereIsMyAccount,33,12.0
TCK-4003779,APP-1016707,Email_Helpdesk,Status_Inquiry_WhereIsMyAccount,19,12.0
TCK-4003780,APP-1016708,In_App_Chat,Document_Upload_Failure,39,8.5
TCK-4003781,APP-1016711,In_App_Chat,Status_Inquiry_WhereIsMyAccount,40,8.5
TCK-4003782,APP-1016716,Phone_IVR,Status_Inquiry_WhereIsMyAccount,37,18.0
TCK-4003783,APP-1016717,In_App_Chat,Document_Upload_Failure,37,8.5
TCK-4003784,APP-1016727,In_App_Chat,Status_Inquiry_WhereIsMyAccount,5,8.5
TCK-4003785,APP-1016732,In_App_Chat,Status_Inquiry_WhereIsMyAccount,35,8.5
TCK-4003786,APP-1016735,In_App_Chat,Status_Inquiry_WhereIsMyAccount,26,8.5
TCK-4003787,APP-1016742,In_App_Chat,Status_Inquiry_WhereIsMyAccount,27,8.5
TCK-4003788,APP-1016753,Phone_IVR,General_Clarification,17,18.0
TCK-4003789,APP-1016754,In_App_Chat,General_Clarification,13,8.5
TCK-4003790,APP-1016759,In_App_Chat,Status_Inquiry_WhereIsMyAccount,12,8.5
TCK-4003791,APP-1016763,In_App_Chat,Status_Inquiry_WhereIsMyAccount,39,8.5
TCK-4003792,APP-1016766,In_App_Chat,Status_Inquiry_WhereIsMyAccount,34,8.5
TCK-4003793,APP-1016768,In_App_Chat,Status_Inquiry_WhereIsMyAccount,11,8.5
TCK-4003794,APP-1016769,Phone_IVR,Status_Inquiry_WhereIsMyAccount,16,18.0
TCK-4003795,APP-1016771,In_App_Chat,Status_Inquiry_WhereIsMyAccount,40,8.5
TCK-4003796,APP-1016782,In_App_Chat,Status_Inquiry_WhereIsMyAccount,26,8.5
TCK-4003797,APP-1016783,In_App_Chat,Status_Inquiry_WhereIsMyAccount,16,8.5
TCK-4003798,APP-1016786,In_App_Chat,Status_Inquiry_WhereIsMyAccount,28,8.5
TCK-4003799,APP-1016792,In_App_Chat,Status_Inquiry_WhereIsMyAccount,11,8.5
TCK-4003800,APP-1016803,In_App_Chat,Status_Inquiry_WhereIsMyAccount,7,8.5
TCK-4003801,APP-1016819,In_App_Chat,Status_Inquiry_WhereIsMyAccount,25,8.5
TCK-4003802,APP-1016822,In_App_Chat,Status_Inquiry_WhereIsMyAccount,11,8.5
TCK-4003803,APP-1016834,In_App_Chat,Status_Inquiry_WhereIsMyAccount,22,8.5
TCK-4003804,APP-1016852,In_App_Chat,Status_Inquiry_WhereIsMyAccount,7,8.5
TCK-4003805,APP-1016856,Email_Helpdesk,Status_Inquiry_WhereIsMyAccount,22,12.0
TCK-4003806,APP-1016863,Email_Helpdesk,Status_Inquiry_WhereIsMyAccount,32,12.0
TCK-4003807,APP-1016866,In_App_Chat,Status_Inquiry_WhereIsMyAccount,44,8.5
TCK-4003808,APP-1016871,In_App_Chat,Status_Inquiry_WhereIsMyAccount,13,8.5
TCK-4003809,APP-1016875,Phone_IVR,General_Clarification,31,18.0
TCK-4003810,APP-1016879,In_App_Chat,Status_Inquiry_WhereIsMyAccount,24,8.5
TCK-4003811,APP-1016882,Phone_IVR,Status_Inquiry_WhereIsMyAccount,8,18.0
TCK-4003812,APP-1016889,In_App_Chat,Status_Inquiry_WhereIsMyAccount,22,8.5
TCK-4003813,APP-1016904,In_App_Chat,Status_Inquiry_WhereIsMyAccount,35,8.5
TCK-4003814,APP-1016907,Email_Helpdesk,Status_Inquiry_WhereIsMyAccount,22,12.0
TCK-4003815,APP-1016912,Email_Helpdesk,Status_Inquiry_WhereIsMyAccount,19,12.0
TCK-4003816,APP-1016914,In_App_Chat,Document_Upload_Failure,35,8.5
TCK-4003817,APP-1016917,In_App_Chat,Status_Inquiry_WhereIsMyAccount,18,8.5
TCK-4003818,APP-1016919,In_App_Chat,Status_Inquiry_WhereIsMyAccount,7,8.5
TCK-4003819,APP-1016922,Phone_IVR,Status_Inquiry_WhereIsMyAccount,36,18.0
TCK-4003820,APP-1016937,In_App_Chat,Status_Inquiry_WhereIsMyAccount,7,8.5
TCK-4003821,APP-1016939,In_App_Chat,Status_Inquiry_WhereIsMyAccount,13,8.5
TCK-4003822,APP-1016942,Phone_IVR,Status_Inquiry_WhereIsMyAccount,18,18.0
TCK-4003823,APP-1016947,Email_Helpdesk,Status_Inquiry_WhereIsMyAccount,38,12.0
TCK-4003824,APP-1016961,In_App_Chat,Status_Inquiry_WhereIsMyAccount,6,8.5
TCK-4003825,APP-1016964,Phone_IVR,General_Clarification,13,18.0
TCK-4003826,APP-1016966,Email_Helpdesk,Status_Inquiry_WhereIsMyAccount,14,12.0
TCK-4003827,APP-1016972,Phone_IVR,Status_Inquiry_WhereIsMyAccount,28,18.0
TCK-4003828,APP-1016973,Email_Helpdesk,General_Clarification,34,12.0
TCK-4003829,APP-1016978,In_App_Chat,Status_Inquiry_WhereIsMyAccount,10,8.5
TCK-4003830,APP-1016985,In_App_Chat,General_Clarification,22,8.5
TCK-4003831,APP-1016997,In_App_Chat,General_Clarification,33,8.5
TCK-4003832,APP-1017001,Phone_IVR,Status_Inquiry_WhereIsMyAccount,14,18.0
TCK-4003833,APP-1017002,In_App_Chat,Status_Inquiry_WhereIsMyAccount,15,8.5
TCK-4003834,APP-1017004,Phone_IVR,Status_Inquiry_WhereIsMyAccount,23,18.0
TCK-4003835,APP-1017010,In_App_Chat,Status_Inquiry_WhereIsMyAccount,39,8.5
TCK-4003836,APP-1017012,In_App_Chat,Status_Inquiry_WhereIsMyAccount,35,8.5
TCK-4003837,APP-1017017,Email_Helpdesk,Status_Inquiry_WhereIsMyAccount,23,12.0
TCK-4003838,APP-1017019,In_App_Chat,General_Clarification,22,8.5
TCK-4003839,APP-1017024,In_App_Chat,Status_Inquiry_WhereIsMyAccount,31,8.5
TCK-4003840,APP-1017026,Email_Helpdesk,General_Clarification,23,12.0
TCK-4003841,APP-1017027,In_App_Chat,Status_Inquiry_WhereIsMyAccount,26,8.5
TCK-4003842,APP-1017028,In_App_Chat,Status_Inquiry_WhereIsMyAccount,15,8.5
TCK-4003843,APP-1017030,Phone_IVR,Status_Inquiry_WhereIsMyAccount,16,18.0
TCK-4003844,APP-1017035,In_App_Chat,Status_Inquiry_WhereIsMyAccount,30,8.5
TCK-4003845,APP-1017040,In_App_Chat,Status_Inquiry_WhereIsMyAccount,16,8.5
TCK-4003846,APP-1017041,In_App_Chat,Document_Upload_Failure,33,8.5
TCK-4003847,APP-1017046,Phone_IVR,Status_Inquiry_WhereIsMyAccount,23,18.0
TCK-4003848,APP-1017047,Phone_IVR,Status_Inquiry_WhereIsMyAccount,10,18.0
TCK-4003849,APP-1017049,In_App_Chat,Status_Inquiry_WhereIsMyAccount,28,8.5
TCK-4003850,APP-1017052,Phone_IVR,Status_Inquiry_WhereIsMyAccount,13,18.0
TCK-4003851,APP-1017054,In_App_Chat,Status_Inquiry_WhereIsMyAccount,5,8.5
TCK-4003852,APP-1017058,In_App_Chat,General_Clarification,26,8.5
TCK-4003853,APP-1017063,In_App_Chat,General_Clarification,37,8.5
TCK-4003854,APP-1017064,Phone_IVR,Document_Upload_Failure,23,18.0
TCK-4003855,APP-1017066,Phone_IVR,Status_Inquiry_WhereIsMyAccount,11,18.0
TCK-4003856,APP-1017067,Phone_IVR,Status_Inquiry_WhereIsMyAccount,24,18.0
TCK-4003857,APP-1017074,Phone_IVR,Status_Inquiry_WhereIsMyAccount,40,18.0
TCK-4003858,APP-1017084,Email_Helpdesk,Status_Inquiry_WhereIsMyAccount,24,12.0
TCK-4003859,APP-1017086,In_App_Chat,Status_Inquiry_WhereIsMyAccount,32,8.5
TCK-4003860,APP-1017087,In_App_Chat,Status_Inquiry_WhereIsMyAccount,7,8.5
TCK-4003861,APP-1017088,Phone_IVR,Status_Inquiry_WhereIsMyAccount,17,18.0
TCK-4003862,APP-1017092,Phone_IVR,Status_Inquiry_WhereIsMyAccount,29,18.0
TCK-4003863,APP-1017097,In_App_Chat,Status_Inquiry_WhereIsMyAccount,44,8.5
TCK-4003864,APP-1017102,Email_Helpdesk,Status_Inquiry_WhereIsMyAccount,24,12.0
TCK-4003865,APP-1017104,In_App_Chat,Status_Inquiry_WhereIsMyAccount,30,8.5
TCK-4003866,APP-1017107,Phone_IVR,Status_Inquiry_WhereIsMyAccount,18,18.0
TCK-4003867,APP-1017114,In_App_Chat,General_Clarification,25,8.5
TCK-4003868,APP-1017116,In_App_Chat,Status_Inquiry_WhereIsMyAccount,32,8.5
TCK-4003869,APP-1017122,In_App_Chat,Document_Upload_Failure,14,8.5
TCK-4003870,APP-1017123,In_App_Chat,Status_Inquiry_WhereIsMyAccount,22,8.5
TCK-4003871,APP-1017126,Phone_IVR,Document_Upload_Failure,34,18.0
TCK-4003872,APP-1017135,In_App_Chat,Status_Inquiry_WhereIsMyAccount,42,8.5
TCK-4003873,APP-1017140,Email_Helpdesk,Document_Upload_Failure,35,12.0
TCK-4003874,APP-1017141,Phone_IVR,Status_Inquiry_WhereIsMyAccount,22,18.0
TCK-4003875,APP-1017144,Phone_IVR,Status_Inquiry_WhereIsMyAccount,24,18.0
TCK-4003876,APP-1017145,Phone_IVR,Status_Inquiry_WhereIsMyAccount,5,18.0
TCK-4003877,APP-1017158,In_App_Chat,Status_Inquiry_WhereIsMyAccount,11,8.5
TCK-4003878,APP-1017164,In_App_Chat,Status_Inquiry_WhereIsMyAccount,23,8.5
TCK-4003879,APP-1017165,Phone_IVR,Status_Inquiry_WhereIsMyAccount,38,18.0
TCK-4003880,APP-1017172,Email_Helpdesk,General_Clarification,28,12.0
TCK-4003881,APP-1017173,In_App_Chat,Document_Upload_Failure,14,8.5
TCK-4003882,APP-1017175,In_App_Chat,Status_Inquiry_WhereIsMyAccount,23,8.5
TCK-4003883,APP-1017178,Email_Helpdesk,Status_Inquiry_WhereIsMyAccount,13,12.0
TCK-4003884,APP-1017184,In_App_Chat,Status_Inquiry_WhereIsMyAccount,29,8.5
TCK-4003885,APP-1017186,In_App_Chat,Status_Inquiry_WhereIsMyAccount,22,8.5
TCK-4003886,APP-1017192,In_App_Chat,Status_Inquiry_WhereIsMyAccount,24,8.5
TCK-4003887,APP-1017195,Phone_IVR,Status_Inquiry_WhereIsMyAccount,30,18.0
TCK-4003888,APP-1017202,In_App_Chat,Status_Inquiry_WhereIsMyAccount,30,8.5
TCK-4003889,APP-1017208,Phone_IVR,Status_Inquiry_WhereIsMyAccount,40,18.0
TCK-4003890,APP-1017209,In_App_Chat,Status_Inquiry_WhereIsMyAccount,22,8.5
TCK-4003891,APP-1017211,Phone_IVR,General_Clarification,14,18.0
TCK-4003892,APP-1017218,In_App_Chat,Document_Upload_Failure,21,8.5
TCK-4003893,APP-1017219,In_App_Chat,General_Clarification,33,8.5
TCK-4003894,APP-1017224,In_App_Chat,Status_Inquiry_WhereIsMyAccount,31,8.5
TCK-4003895,APP-1017230,In_App_Chat,Document_Upload_Failure,19,8.5
TCK-4003896,APP-1017232,Email_Helpdesk,Status_Inquiry_WhereIsMyAccount,29,12.0
TCK-4003897,APP-1017233,In_App_Chat,Status_Inquiry_WhereIsMyAccount,18,8.5
TCK-4003898,APP-1017236,In_App_Chat,Status_Inquiry_WhereIsMyAccount,30,8.5
TCK-4003899,APP-1017237,In_App_Chat,Status_Inquiry_WhereIsMyAccount,8,8.5
TCK-4003900,APP-1017244,Email_Helpdesk,General_Clarification,17,12.0
TCK-4003901,APP-1017246,In_App_Chat,Status_Inquiry_WhereIsMyAccount,19,8.5
TCK-4003902,APP-1017249,In_App_Chat,Status_Inquiry_WhereIsMyAccount,20,8.5
TCK-4003903,APP-1017257,In_App_Chat,Status_Inquiry_WhereIsMyAccount,36,8.5
TCK-4003904,APP-1017264,In_App_Chat,Status_Inquiry_WhereIsMyAccount,21,8.5
TCK-4003905,APP-1017266,In_App_Chat,Document_Upload_Failure,33,8.5
TCK-4003906,APP-1017267,Phone_IVR,Document_Upload_Failure,14,18.0
TCK-4003907,APP-1017268,Phone_IVR,Status_Inquiry_WhereIsMyAccount,19,18.0
TCK-4003908,APP-1017271,Email_Helpdesk,Status_Inquiry_WhereIsMyAccount,41,12.0
TCK-4003909,APP-1017272,In_App_Chat,Status_Inquiry_WhereIsMyAccount,42,8.5
TCK-4003910,APP-1017283,In_App_Chat,Status_Inquiry_WhereIsMyAccount,27,8.5
TCK-4003911,APP-1017288,Phone_IVR,Status_Inquiry_WhereIsMyAccount,24,18.0
TCK-4003912,APP-1017295,Phone_IVR,Status_Inquiry_WhereIsMyAccount,14,18.0
TCK-4003913,APP-1017296,In_App_Chat,Status_Inquiry_WhereIsMyAccount,29,8.5
TCK-4003914,APP-1017302,Phone_IVR,Status_Inquiry_WhereIsMyAccount,19,18.0
TCK-4003915,APP-1017306,In_App_Chat,Status_Inquiry_WhereIsMyAccount,24,8.5
TCK-4003916,APP-1017323,Email_Helpdesk,Status_Inquiry_WhereIsMyAccount,21,12.0
TCK-4003917,APP-1017327,Phone_IVR,Status_Inquiry_WhereIsMyAccount,17,18.0
TCK-4003918,APP-1017346,Email_Helpdesk,Status_Inquiry_WhereIsMyAccount,44,12.0
TCK-4003919,APP-1017353,In_App_Chat,Status_Inquiry_WhereIsMyAccount,37,8.5
TCK-4003920,APP-1017355,In_App_Chat,Status_Inquiry_WhereIsMyAccount,11,8.5
TCK-4003921,APP-1017358,In_App_Chat,Status_Inquiry_WhereIsMyAccount,34,8.5
TCK-4003922,APP-1017362,In_App_Chat,Status_Inquiry_WhereIsMyAccount,35,8.5
TCK-4003923,APP-1017366,Phone_IVR,Status_Inquiry_WhereIsMyAccount,21,18.0
TCK-4003924,APP-1017367,In_App_Chat,Status_Inquiry_WhereIsMyAccount,20,8.5
TCK-4003925,APP-1017369,In_App_Chat,Status_Inquiry_WhereIsMyAccount,44,8.5
TCK-4003926,APP-1017374,In_App_Chat,Status_Inquiry_WhereIsMyAccount,26,8.5
TCK-4003927,APP-1017378,Email_Helpdesk,Status_Inquiry_WhereIsMyAccount,10,12.0
TCK-4003928,APP-1017385,In_App_Chat,Status_Inquiry_WhereIsMyAccount,19,8.5
TCK-4003929,APP-1017398,Phone_IVR,Status_Inquiry_WhereIsMyAccount,37,18.0
TCK-4003930,APP-1017404,Phone_IVR,Status_Inquiry_WhereIsMyAccount,24,18.0
TCK-4003931,APP-1017409,Phone_IVR,Status_Inquiry_WhereIsMyAccount,7,18.0
TCK-4003932,APP-1017413,In_App_Chat,Status_Inquiry_WhereIsMyAccount,37,8.5
TCK-4003933,APP-1017415,Email_Helpdesk,Status_Inquiry_WhereIsMyAccount,29,12.0
TCK-4003934,APP-1017437,In_App_Chat,Status_Inquiry_WhereIsMyAccount,37,8.5
TCK-4003935,APP-1017440,In_App_Chat,Status_Inquiry_WhereIsMyAccount,5,8.5
TCK-4003936,APP-1017441,Phone_IVR,Status_Inquiry_WhereIsMyAccount,34,18.0
TCK-4003937,APP-1017442,In_App_Chat,Status_Inquiry_WhereIsMyAccount,43,8.5
TCK-4003938,APP-1017449,Phone_IVR,Status_Inquiry_WhereIsMyAccount,9,18.0
TCK-4003939,APP-1017450,Email_Helpdesk,Status_Inquiry_WhereIsMyAccount,34,12.0
TCK-4003940,APP-1017464,In_App_Chat,Document_Upload_Failure,9,8.5
TCK-4003941,APP-1017467,In_App_Chat,Document_Upload_Failure,29,8.5
TCK-4003942,APP-1017468,In_App_Chat,General_Clarification,21,8.5
TCK-4003943,APP-1017472,In_App_Chat,Document_Upload_Failure,20,8.5
TCK-4003944,APP-1017475,In_App_Chat,Document_Upload_Failure,19,8.5
TCK-4003945,APP-1017493,In_App_Chat,Status_Inquiry_WhereIsMyAccount,23,8.5
TCK-4003946,APP-1017505,Phone_IVR,Status_Inquiry_WhereIsMyAccount,35,18.0
TCK-4003947,APP-1017508,In_App_Chat,General_Clarification,29,8.5
TCK-4003948,APP-1017513,In_App_Chat,Status_Inquiry_WhereIsMyAccount,25,8.5
TCK-4003949,APP-1017514,In_App_Chat,Status_Inquiry_WhereIsMyAccount,19,8.5
TCK-4003950,APP-1017516,In_App_Chat,Status_Inquiry_WhereIsMyAccount,33,8.5
TCK-4003951,APP-1017520,Email_Helpdesk,Status_Inquiry_WhereIsMyAccount,16,12.0
TCK-4003952,APP-1017526,In_App_Chat,Status_Inquiry_WhereIsMyAccount,8,8.5
TCK-4003953,APP-1017527,Phone_IVR,Status_Inquiry_WhereIsMyAccount,24,18.0
TCK-4003954,APP-1017531,Email_Helpdesk,Status_Inquiry_WhereIsMyAccount,39,12.0
TCK-4003955,APP-1017536,Phone_IVR,Status_Inquiry_WhereIsMyAccount,42,18.0
TCK-4003956,APP-1017539,In_App_Chat,Status_Inquiry_WhereIsMyAccount,36,8.5
TCK-4003957,APP-1017540,Email_Helpdesk,Document_Upload_Failure,5,12.0
TCK-4003958,APP-1017543,In_App_Chat,Status_Inquiry_WhereIsMyAccount,44,8.5
TCK-4003959,APP-1017547,Phone_IVR,Status_Inquiry_WhereIsMyAccount,40,18.0
TCK-4003960,APP-1017549,In_App_Chat,Status_Inquiry_WhereIsMyAccount,34,8.5
TCK-4003961,APP-1017554,In_App_Chat,Document_Upload_Failure,14,8.5
TCK-4003962,APP-1017555,In_App_Chat,Status_Inquiry_WhereIsMyAccount,16,8.5
TCK-4003963,APP-1017558,Email_Helpdesk,Status_Inquiry_WhereIsMyAccount,8,12.0
TCK-4003964,APP-1017565,In_App_Chat,General_Clarification,9,8.5
TCK-4003965,APP-1017567,Phone_IVR,Status_Inquiry_WhereIsMyAccount,35,18.0
TCK-4003966,APP-1017568,In_App_Chat,Document_Upload_Failure,15,8.5
TCK-4003967,APP-1017571,In_App_Chat,Status_Inquiry_WhereIsMyAccount,26,8.5
TCK-4003968,APP-1017572,Phone_IVR,Status_Inquiry_WhereIsMyAccount,31,18.0
TCK-4003969,APP-1017575,Phone_IVR,General_Clarification,26,18.0
TCK-4003970,APP-1017594,Phone_IVR,Status_Inquiry_WhereIsMyAccount,29,18.0
TCK-4003971,APP-1017598,In_App_Chat,Status_Inquiry_WhereIsMyAccount,12,8.5
TCK-4003972,APP-1017599,In_App_Chat,Status_Inquiry_WhereIsMyAccount,35,8.5
TCK-4003973,APP-1017605,Email_Helpdesk,Status_Inquiry_WhereIsMyAccount,40,12.0
TCK-4003974,APP-1017612,Email_Helpdesk,Status_Inquiry_WhereIsMyAccount,24,12.0
TCK-4003975,APP-1017630,In_App_Chat,Status_Inquiry_WhereIsMyAccount,9,8.5
TCK-4003976,APP-1017632,In_App_Chat,Status_Inquiry_WhereIsMyAccount,33,8.5
TCK-4003977,APP-1017645,Phone_IVR,Status_Inquiry_WhereIsMyAccount,44,18.0
TCK-4003978,APP-1017658,Email_Helpdesk,Status_Inquiry_WhereIsMyAccount,6,12.0
TCK-4003979,APP-1017659,Email_Helpdesk,General_Clarification,35,12.0
TCK-4003980,APP-1017670,In_App_Chat,Status_Inquiry_WhereIsMyAccount,18,8.5
TCK-4003981,APP-1017672,Email_Helpdesk,Status_Inquiry_WhereIsMyAccount,37,12.0
TCK-4003982,APP-1017681,Email_Helpdesk,Status_Inquiry_WhereIsMyAccount,34,12.0
TCK-4003983,APP-1017686,In_App_Chat,Status_Inquiry_WhereIsMyAccount,28,8.5
TCK-4003984,APP-1017691,In_App_Chat,General_Clarification,14,8.5
TCK-4003985,APP-1017692,In_App_Chat,Status_Inquiry_WhereIsMyAccount,24,8.5
TCK-4003986,APP-1017696,In_App_Chat,Status_Inquiry_WhereIsMyAccount,33,8.5
TCK-4003987,APP-1017702,In_App_Chat,General_Clarification,40,8.5
TCK-4003988,APP-1017706,In_App_Chat,Status_Inquiry_WhereIsMyAccount,12,8.5
TCK-4003989,APP-1017707,In_App_Chat,Status_Inquiry_WhereIsMyAccount,9,8.5
TCK-4003990,APP-1017708,In_App_Chat,Status_Inquiry_WhereIsMyAccount,9,8.5
TCK-4003991,APP-1017709,Phone_IVR,Document_Upload_Failure,34,18.0
TCK-4003992,APP-1017722,In_App_Chat,Status_Inquiry_WhereIsMyAccount,36,8.5
TCK-4003993,APP-1017726,In_App_Chat,Status_Inquiry_WhereIsMyAccount,27,8.5
TCK-4003994,APP-1017729,Phone_IVR,Status_Inquiry_WhereIsMyAccount,38,18.0
TCK-4003995,APP-1017735,In_App_Chat,Status_Inquiry_WhereIsMyAccount,43,8.5
TCK-4003996,APP-1017739,In_App_Chat,Status_Inquiry_WhereIsMyAccount,41,8.5
TCK-4003997,APP-1017741,In_App_Chat,Document_Upload_Failure,37,8.5
TCK-4003998,APP-1017744,In_App_Chat,General_Clarification,11,8.5
TCK-4003999,APP-1017750,Email_Helpdesk,Status_Inquiry_WhereIsMyAccount,18,12.0
TCK-4004000,APP-1017759,Phone_IVR,General_Clarification,37,18.0
TCK-4004001,APP-1017766,In_App_Chat,Status_Inquiry_WhereIsMyAccount,5,8.5
TCK-4004002,APP-1017770,Email_Helpdesk,Status_Inquiry_WhereIsMyAccount,39,12.0
TCK-4004003,APP-1017781,In_App_Chat,Status_Inquiry_WhereIsMyAccount,9,8.5
TCK-4004004,APP-1017783,In_App_Chat,Status_Inquiry_WhereIsMyAccount,16,8.5
TCK-4004005,APP-1017787,In_App_Chat,Status_Inquiry_WhereIsMyAccount,5,8.5
TCK-4004006,APP-1017789,Phone_IVR,Status_Inquiry_WhereIsMyAccount,42,18.0
TCK-4004007,APP-1017795,Phone_IVR,Status_Inquiry_WhereIsMyAccount,6,18.0
TCK-4004008,APP-1017798,In_App_Chat,Status_Inquiry_WhereIsMyAccount,8,8.5
TCK-4004009,APP-1017799,Email_Helpdesk,Status_Inquiry_WhereIsMyAccount,7,12.0
TCK-4004010,APP-1017804,In_App_Chat,Status_Inquiry_WhereIsMyAccount,42,8.5
TCK-4004011,APP-1017807,Phone_IVR,Status_Inquiry_WhereIsMyAccount,37,18.0
TCK-4004012,APP-1017811,In_App_Chat,General_Clarification,5,8.5
TCK-4004013,APP-1017812,In_App_Chat,Status_Inquiry_WhereIsMyAccount,40,8.5
TCK-4004014,APP-1017816,In_App_Chat,Status_Inquiry_WhereIsMyAccount,44,8.5
TCK-4004015,APP-1017820,Phone_IVR,Status_Inquiry_WhereIsMyAccount,16,18.0
TCK-4004016,APP-1017827,In_App_Chat,Status_Inquiry_WhereIsMyAccount,9,8.5
TCK-4004017,APP-1017832,In_App_Chat,Status_Inquiry_WhereIsMyAccount,31,8.5
TCK-4004018,APP-1017835,In_App_Chat,Status_Inquiry_WhereIsMyAccount,42,8.5
TCK-4004019,APP-1017836,Phone_IVR,Status_Inquiry_WhereIsMyAccount,14,18.0
TCK-4004020,APP-1017840,Phone_IVR,Document_Upload_Failure,30,18.0
TCK-4004021,APP-1017841,In_App_Chat,Status_Inquiry_WhereIsMyAccount,33,8.5
TCK-4004022,APP-1017842,In_App_Chat,Status_Inquiry_WhereIsMyAccount,33,8.5
TCK-4004023,APP-1017843,Phone_IVR,Status_Inquiry_WhereIsMyAccount,41,18.0
TCK-4004024,APP-1017844,In_App_Chat,Status_Inquiry_WhereIsMyAccount,17,8.5
TCK-4004025,APP-1017846,Phone_IVR,Document_Upload_Failure,26,18.0
TCK-4004026,APP-1017854,In_App_Chat,Status_Inquiry_WhereIsMyAccount,25,8.5
TCK-4004027,APP-1017855,Phone_IVR,Status_Inquiry_WhereIsMyAccount,5,18.0
TCK-4004028,APP-1017859,Phone_IVR,General_Clarification,14,18.0
TCK-4004029,APP-1017861,In_App_Chat,Status_Inquiry_WhereIsMyAccount,19,8.5
TCK-4004030,APP-1017864,In_App_Chat,Status_Inquiry_WhereIsMyAccount,13,8.5
TCK-4004031,APP-1017865,In_App_Chat,Status_Inquiry_WhereIsMyAccount,32,8.5
TCK-4004032,APP-1017870,Phone_IVR,Status_Inquiry_WhereIsMyAccount,37,18.0
TCK-4004033,APP-1017874,In_App_Chat,Status_Inquiry_WhereIsMyAccount,37,8.5
TCK-4004034,APP-1017878,In_App_Chat,Status_Inquiry_WhereIsMyAccount,19,8.5
TCK-4004035,APP-1017887,In_App_Chat,Status_Inquiry_WhereIsMyAccount,13,8.5
TCK-4004036,APP-1017888,Email_Helpdesk,Status_Inquiry_WhereIsMyAccount,28,12.0
TCK-4004037,APP-1017889,In_App_Chat,Document_Upload_Failure,12,8.5
TCK-4004038,APP-1017897,In_App_Chat,Status_Inquiry_WhereIsMyAccount,38,8.5
TCK-4004039,APP-1017899,Email_Helpdesk,Status_Inquiry_WhereIsMyAccount,7,12.0
TCK-4004040,APP-1017900,Email_Helpdesk,Status_Inquiry_WhereIsMyAccount,36,12.0
TCK-4004041,APP-1017901,Phone_IVR,Status_Inquiry_WhereIsMyAccount,8,18.0
TCK-4004042,APP-1017903,In_App_Chat,Status_Inquiry_WhereIsMyAccount,42,8.5
TCK-4004043,APP-1017905,Phone_IVR,Document_Upload_Failure,31,18.0
TCK-4004044,APP-1017906,In_App_Chat,Status_Inquiry_WhereIsMyAccount,7,8.5
TCK-4004045,APP-1017908,In_App_Chat,General_Clarification,8,8.5
TCK-4004046,APP-1017912,Phone_IVR,Status_Inquiry_WhereIsMyAccount,41,18.0
TCK-4004047,APP-1017913,In_App_Chat,Status_Inquiry_WhereIsMyAccount,18,8.5
TCK-4004048,APP-1017916,Email_Helpdesk,Document_Upload_Failure,44,12.0
TCK-4004049,APP-1017917,Email_Helpdesk,Status_Inquiry_WhereIsMyAccount,36,12.0
TCK-4004050,APP-1017919,In_App_Chat,General_Clarification,33,8.5
TCK-4004051,APP-1017921,Phone_IVR,Status_Inquiry_WhereIsMyAccount,44,18.0
TCK-4004052,APP-1017923,In_App_Chat,Status_Inquiry_WhereIsMyAccount,33,8.5
TCK-4004053,APP-1017925,In_App_Chat,Status_Inquiry_WhereIsMyAccount,39,8.5
TCK-4004054,APP-1017933,Phone_IVR,Status_Inquiry_WhereIsMyAccount,14,18.0
TCK-4004055,APP-1017936,In_App_Chat,Document_Upload_Failure,30,8.5
TCK-4004056,APP-1017939,Phone_IVR,Status_Inquiry_WhereIsMyAccount,42,18.0
TCK-4004057,APP-1017948,Phone_IVR,Status_Inquiry_WhereIsMyAccount,5,18.0
TCK-4004058,APP-1017965,In_App_Chat,Status_Inquiry_WhereIsMyAccount,7,8.5
TCK-4004059,APP-1017966,In_App_Chat,Status_Inquiry_WhereIsMyAccount,14,8.5
TCK-4004060,APP-1017968,In_App_Chat,Status_Inquiry_WhereIsMyAccount,16,8.5
TCK-4004061,APP-1017969,Email_Helpdesk,Status_Inquiry_WhereIsMyAccount,39,12.0
TCK-4004062,APP-1017974,Phone_IVR,Status_Inquiry_WhereIsMyAccount,11,18.0
TCK-4004063,APP-1017980,In_App_Chat,Status_Inquiry_WhereIsMyAccount,10,8.5
TCK-4004064,APP-1017991,In_App_Chat,Status_Inquiry_WhereIsMyAccount,29,8.5
TCK-4004065,APP-1017993,Phone_IVR,Status_Inquiry_WhereIsMyAccount,9,18.0
TCK-4004066,APP-1017994,Phone_IVR,Status_Inquiry_WhereIsMyAccount,24,18.0
TCK-4004067,APP-1018003,In_App_Chat,Status_Inquiry_WhereIsMyAccount,36,8.5
TCK-4004068,APP-1018011,In_App_Chat,Status_Inquiry_WhereIsMyAccount,5,8.5
TCK-4004069,APP-1018012,In_App_Chat,Status_Inquiry_WhereIsMyAccount,27,8.5
TCK-4004070,APP-1018021,In_App_Chat,Status_Inquiry_WhereIsMyAccount,11,8.5
TCK-4004071,APP-1018030,Phone_IVR,Status_Inquiry_WhereIsMyAccount,12,18.0
TCK-4004072,APP-1018031,Email_Helpdesk,Status_Inquiry_WhereIsMyAccount,38,12.0
TCK-4004073,APP-1018039,In_App_Chat,Status_Inquiry_WhereIsMyAccount,13,8.5
TCK-4004074,APP-1018049,In_App_Chat,Status_Inquiry_WhereIsMyAccount,33,8.5
TCK-4004075,APP-1018064,In_App_Chat,Status_Inquiry_WhereIsMyAccount,16,8.5
TCK-4004076,APP-1018067,Phone_IVR,Status_Inquiry_WhereIsMyAccount,32,18.0
TCK-4004077,APP-1018074,In_App_Chat,Status_Inquiry_WhereIsMyAccount,28,8.5
TCK-4004078,APP-1018078,Email_Helpdesk,Status_Inquiry_WhereIsMyAccount,22,12.0
TCK-4004079,APP-1018081,In_App_Chat,Status_Inquiry_WhereIsMyAccount,39,8.5
TCK-4004080,APP-1018083,In_App_Chat,Status_Inquiry_WhereIsMyAccount,26,8.5
TCK-4004081,APP-1018092,Phone_IVR,Status_Inquiry_WhereIsMyAccount,30,18.0
TCK-4004082,APP-1018094,Phone_IVR,Status_Inquiry_WhereIsMyAccount,37,18.0
TCK-4004083,APP-1018099,Phone_IVR,Status_Inquiry_WhereIsMyAccount,7,18.0
TCK-4004084,APP-1018102,In_App_Chat,Status_Inquiry_WhereIsMyAccount,23,8.5
TCK-4004085,APP-1018103,In_App_Chat,Status_Inquiry_WhereIsMyAccount,40,8.5
TCK-4004086,APP-1018114,In_App_Chat,Document_Upload_Failure,38,8.5
TCK-4004087,APP-1018116,In_App_Chat,Status_Inquiry_WhereIsMyAccount,40,8.5
TCK-4004088,APP-1018122,In_App_Chat,Status_Inquiry_WhereIsMyAccount,29,8.5
TCK-4004089,APP-1018126,In_App_Chat,Status_Inquiry_WhereIsMyAccount,8,8.5
TCK-4004090,APP-1018134,Phone_IVR,Status_Inquiry_WhereIsMyAccount,41,18.0
TCK-4004091,APP-1018139,Phone_IVR,Status_Inquiry_WhereIsMyAccount,24,18.0
TCK-4004092,APP-1018142,Phone_IVR,Status_Inquiry_WhereIsMyAccount,18,18.0
TCK-4004093,APP-1018143,In_App_Chat,Status_Inquiry_WhereIsMyAccount,33,8.5
TCK-4004094,APP-1018147,Email_Helpdesk,Status_Inquiry_WhereIsMyAccount,5,12.0
TCK-4004095,APP-1018149,In_App_Chat,Status_Inquiry_WhereIsMyAccount,32,8.5
TCK-4004096,APP-1018154,Phone_IVR,Status_Inquiry_WhereIsMyAccount,21,18.0
TCK-4004097,APP-1018163,Phone_IVR,Status_Inquiry_WhereIsMyAccount,18,18.0
TCK-4004098,APP-1018166,Phone_IVR,Status_Inquiry_WhereIsMyAccount,18,18.0
TCK-4004099,APP-1018173,Email_Helpdesk,Status_Inquiry_WhereIsMyAccount,20,12.0
TCK-4004100,APP-1018174,In_App_Chat,Document_Upload_Failure,33,8.5
TCK-4004101,APP-1018180,In_App_Chat,Document_Upload_Failure,13,8.5
TCK-4004102,APP-1018182,Email_Helpdesk,Status_Inquiry_WhereIsMyAccount,31,12.0
TCK-4004103,APP-1018187,In_App_Chat,Status_Inquiry_WhereIsMyAccount,18,8.5
TCK-4004104,APP-1018188,In_App_Chat,Status_Inquiry_WhereIsMyAccount,7,8.5
TCK-4004105,APP-1018196,In_App_Chat,General_Clarification,44,8.5
TCK-4004106,APP-1018197,Phone_IVR,General_Clarification,37,18.0
TCK-4004107,APP-1018199,In_App_Chat,Status_Inquiry_WhereIsMyAccount,5,8.5
TCK-4004108,APP-1018201,In_App_Chat,General_Clarification,19,8.5
TCK-4004109,APP-1018208,In_App_Chat,Status_Inquiry_WhereIsMyAccount,40,8.5
TCK-4004110,APP-1018210,Email_Helpdesk,Status_Inquiry_WhereIsMyAccount,19,12.0
TCK-4004111,APP-1018213,Email_Helpdesk,Status_Inquiry_WhereIsMyAccount,12,12.0
TCK-4004112,APP-1018214,In_App_Chat,Status_Inquiry_WhereIsMyAccount,8,8.5
TCK-4004113,APP-1018215,In_App_Chat,Status_Inquiry_WhereIsMyAccount,8,8.5
TCK-4004114,APP-1018219,In_App_Chat,Status_Inquiry_WhereIsMyAccount,34,8.5
TCK-4004115,APP-1018223,In_App_Chat,Document_Upload_Failure,20,8.5
TCK-4004116,APP-1018235,In_App_Chat,Status_Inquiry_WhereIsMyAccount,8,8.5
TCK-4004117,APP-1018239,In_App_Chat,Status_Inquiry_WhereIsMyAccount,36,8.5
TCK-4004118,APP-1018241,Email_Helpdesk,Status_Inquiry_WhereIsMyAccount,29,12.0
TCK-4004119,APP-1018242,In_App_Chat,Status_Inquiry_WhereIsMyAccount,5,8.5
TCK-4004120,APP-1018245,In_App_Chat,Status_Inquiry_WhereIsMyAccount,18,8.5
TCK-4004121,APP-1018246,In_App_Chat,Status_Inquiry_WhereIsMyAccount,9,8.5
TCK-4004122,APP-1018262,In_App_Chat,Status_Inquiry_WhereIsMyAccount,33,8.5
TCK-4004123,APP-1018263,In_App_Chat,Status_Inquiry_WhereIsMyAccount,13,8.5
TCK-4004124,APP-1018264,In_App_Chat,Document_Upload_Failure,15,8.5
TCK-4004125,APP-1018265,In_App_Chat,Status_Inquiry_WhereIsMyAccount,11,8.5
TCK-4004126,APP-1018266,Phone_IVR,Status_Inquiry_WhereIsMyAccount,27,18.0
TCK-4004127,APP-1018276,In_App_Chat,Document_Upload_Failure,44,8.5
TCK-4004128,APP-1018281,In_App_Chat,General_Clarification,9,8.5
TCK-4004129,APP-1018283,Email_Helpdesk,Status_Inquiry_WhereIsMyAccount,23,12.0
TCK-4004130,APP-1018286,Email_Helpdesk,Status_Inquiry_WhereIsMyAccount,39,12.0
TCK-4004131,APP-1018293,Phone_IVR,General_Clarification,23,18.0
TCK-4004132,APP-1018294,Phone_IVR,Document_Upload_Failure,16,18.0
TCK-4004133,APP-1018298,In_App_Chat,Status_Inquiry_WhereIsMyAccount,13,8.5
TCK-4004134,APP-1018309,In_App_Chat,Status_Inquiry_WhereIsMyAccount,36,8.5
TCK-4004135,APP-1018316,In_App_Chat,Status_Inquiry_WhereIsMyAccount,20,8.5
TCK-4004136,APP-1018321,Phone_IVR,Status_Inquiry_WhereIsMyAccount,11,18.0
TCK-4004137,APP-1018331,In_App_Chat,Status_Inquiry_WhereIsMyAccount,26,8.5
TCK-4004138,APP-1018336,Phone_IVR,Status_Inquiry_WhereIsMyAccount,8,18.0
TCK-4004139,APP-1018339,Phone_IVR,Status_Inquiry_WhereIsMyAccount,27,18.0
TCK-4004140,APP-1018340,Phone_IVR,Status_Inquiry_WhereIsMyAccount,42,18.0
TCK-4004141,APP-1018350,In_App_Chat,Status_Inquiry_WhereIsMyAccount,39,8.5
TCK-4004142,APP-1018354,Email_Helpdesk,Status_Inquiry_WhereIsMyAccount,28,12.0
TCK-4004143,APP-1018355,In_App_Chat,Status_Inquiry_WhereIsMyAccount,24,8.5
TCK-4004144,APP-1018358,In_App_Chat,Status_Inquiry_WhereIsMyAccount,22,8.5
TCK-4004145,APP-1018362,Phone_IVR,Status_Inquiry_WhereIsMyAccount,25,18.0
TCK-4004146,APP-1018367,In_App_Chat,Status_Inquiry_WhereIsMyAccount,44,8.5
TCK-4004147,APP-1018379,Phone_IVR,Status_Inquiry_WhereIsMyAccount,38,18.0
TCK-4004148,APP-1018382,Phone_IVR,General_Clarification,20,18.0
TCK-4004149,APP-1018390,Phone_IVR,Status_Inquiry_WhereIsMyAccount,20,18.0
TCK-4004150,APP-1018395,In_App_Chat,Status_Inquiry_WhereIsMyAccount,36,8.5
TCK-4004151,APP-1018396,In_App_Chat,Status_Inquiry_WhereIsMyAccount,5,8.5
TCK-4004152,APP-1018408,In_App_Chat,Status_Inquiry_WhereIsMyAccount,40,8.5
TCK-4004153,APP-1018417,In_App_Chat,Status_Inquiry_WhereIsMyAccount,40,8.5
TCK-4004154,APP-1018420,In_App_Chat,Document_Upload_Failure,38,8.5
TCK-4004155,APP-1018435,Phone_IVR,Status_Inquiry_WhereIsMyAccount,6,18.0
TCK-4004156,APP-1018450,Phone_IVR,Status_Inquiry_WhereIsMyAccount,25,18.0
TCK-4004157,APP-1018467,In_App_Chat,Status_Inquiry_WhereIsMyAccount,43,8.5
TCK-4004158,APP-1018499,In_App_Chat,Status_Inquiry_WhereIsMyAccount,19,8.5
TCK-4004159,APP-1018502,Email_Helpdesk,Status_Inquiry_WhereIsMyAccount,15,12.0
TCK-4004160,APP-1018508,In_App_Chat,Status_Inquiry_WhereIsMyAccount,22,8.5
TCK-4004161,APP-1018510,In_App_Chat,Status_Inquiry_WhereIsMyAccount,5,8.5
TCK-4004162,APP-1018514,In_App_Chat,General_Clarification,25,8.5
TCK-4004163,APP-1018516,In_App_Chat,Status_Inquiry_WhereIsMyAccount,41,8.5
TCK-4004164,APP-1018517,In_App_Chat,Status_Inquiry_WhereIsMyAccount,26,8.5
TCK-4004165,APP-1018518,In_App_Chat,Status_Inquiry_WhereIsMyAccount,5,8.5
TCK-4004166,APP-1018522,In_App_Chat,Status_Inquiry_WhereIsMyAccount,33,8.5
TCK-4004167,APP-1018524,In_App_Chat,Document_Upload_Failure,39,8.5
TCK-4004168,APP-1018532,Phone_IVR,Status_Inquiry_WhereIsMyAccount,8,18.0
TCK-4004169,APP-1018540,Phone_IVR,Status_Inquiry_WhereIsMyAccount,30,18.0
TCK-4004170,APP-1018546,In_App_Chat,Status_Inquiry_WhereIsMyAccount,29,8.5
TCK-4004171,APP-1018547,Phone_IVR,Status_Inquiry_WhereIsMyAccount,42,18.0
TCK-4004172,APP-1018548,In_App_Chat,Status_Inquiry_WhereIsMyAccount,6,8.5
TCK-4004173,APP-1018554,In_App_Chat,Status_Inquiry_WhereIsMyAccount,18,8.5
TCK-4004174,APP-1018555,Phone_IVR,Document_Upload_Failure,44,18.0
TCK-4004175,APP-1018574,Email_Helpdesk,Status_Inquiry_WhereIsMyAccount,33,12.0
TCK-4004176,APP-1018575,Phone_IVR,Status_Inquiry_WhereIsMyAccount,39,18.0
TCK-4004177,APP-1018576,In_App_Chat,Status_Inquiry_WhereIsMyAccount,36,8.5
TCK-4004178,APP-1018578,Phone_IVR,Status_Inquiry_WhereIsMyAccount,33,18.0
TCK-4004179,APP-1018581,In_App_Chat,Status_Inquiry_WhereIsMyAccount,11,8.5
TCK-4004180,APP-1018583,Email_Helpdesk,Status_Inquiry_WhereIsMyAccount,31,12.0
TCK-4004181,APP-1018586,Phone_IVR,Status_Inquiry_WhereIsMyAccount,23,18.0
TCK-4004182,APP-1018589,In_App_Chat,Status_Inquiry_WhereIsMyAccount,18,8.5
TCK-4004183,APP-1018599,In_App_Chat,Status_Inquiry_WhereIsMyAccount,5,8.5
TCK-4004184,APP-1018606,In_App_Chat,Status_Inquiry_WhereIsMyAccount,29,8.5
TCK-4004185,APP-1018612,In_App_Chat,Status_Inquiry_WhereIsMyAccount,29,8.5
TCK-4004186,APP-1018613,Phone_IVR,General_Clarification,31,18.0
TCK-4004187,APP-1018621,Email_Helpdesk,Status_Inquiry_WhereIsMyAccount,44,12.0
TCK-4004188,APP-1018624,Phone_IVR,Status_Inquiry_WhereIsMyAccount,39,18.0
TCK-4004189,APP-1018628,Phone_IVR,Status_Inquiry_WhereIsMyAccount,10,18.0
TCK-4004190,APP-1018629,Email_Helpdesk,General_Clarification,16,12.0
TCK-4004191,APP-1018634,In_App_Chat,Document_Upload_Failure,20,8.5
TCK-4004192,APP-1018635,Email_Helpdesk,Status_Inquiry_WhereIsMyAccount,11,12.0
TCK-4004193,APP-1018638,In_App_Chat,Status_Inquiry_WhereIsMyAccount,33,8.5
TCK-4004194,APP-1018644,In_App_Chat,Status_Inquiry_WhereIsMyAccount,5,8.5
TCK-4004195,APP-1018646,Email_Helpdesk,Status_Inquiry_WhereIsMyAccount,35,12.0
TCK-4004196,APP-1018649,In_App_Chat,Status_Inquiry_WhereIsMyAccount,42,8.5
TCK-4004197,APP-1018650,Email_Helpdesk,Status_Inquiry_WhereIsMyAccount,15,12.0
TCK-4004198,APP-1018652,In_App_Chat,General_Clarification,39,8.5
TCK-4004199,APP-1018655,In_App_Chat,Status_Inquiry_WhereIsMyAccount,13,8.5
TCK-4004200,APP-1018660,Email_Helpdesk,Status_Inquiry_WhereIsMyAccount,16,12.0
TCK-4004201,APP-1018663,Email_Helpdesk,Status_Inquiry_WhereIsMyAccount,17,12.0
TCK-4004202,APP-1018666,Email_Helpdesk,Status_Inquiry_WhereIsMyAccount,41,12.0
TCK-4004203,APP-1018667,In_App_Chat,Status_Inquiry_WhereIsMyAccount,10,8.5
TCK-4004204,APP-1018671,In_App_Chat,Status_Inquiry_WhereIsMyAccount,17,8.5
TCK-4004205,APP-1018674,Phone_IVR,Status_Inquiry_WhereIsMyAccount,28,18.0
TCK-4004206,APP-1018675,Phone_IVR,Status_Inquiry_WhereIsMyAccount,18,18.0
TCK-4004207,APP-1018679,In_App_Chat,Status_Inquiry_WhereIsMyAccount,25,8.5
TCK-4004208,APP-1018682,In_App_Chat,Status_Inquiry_WhereIsMyAccount,40,8.5
TCK-4004209,APP-1018691,In_App_Chat,Status_Inquiry_WhereIsMyAccount,36,8.5
TCK-4004210,APP-1018693,Email_Helpdesk,Status_Inquiry_WhereIsMyAccount,16,12.0
TCK-4004211,APP-1018694,In_App_Chat,Status_Inquiry_WhereIsMyAccount,30,8.5
TCK-4004212,APP-1018695,In_App_Chat,Status_Inquiry_WhereIsMyAccount,6,8.5
TCK-4004213,APP-1018697,In_App_Chat,Status_Inquiry_WhereIsMyAccount,41,8.5
TCK-4004214,APP-1018701,In_App_Chat,Status_Inquiry_WhereIsMyAccount,16,8.5
TCK-4004215,APP-1018704,In_App_Chat,Status_Inquiry_WhereIsMyAccount,32,8.5
TCK-4004216,APP-1018707,Email_Helpdesk,Status_Inquiry_WhereIsMyAccount,39,12.0
TCK-4004217,APP-1018709,In_App_Chat,Status_Inquiry_WhereIsMyAccount,34,8.5
TCK-4004218,APP-1018713,In_App_Chat,Status_Inquiry_WhereIsMyAccount,27,8.5
TCK-4004219,APP-1018722,In_App_Chat,Status_Inquiry_WhereIsMyAccount,32,8.5
TCK-4004220,APP-1018725,Phone_IVR,General_Clarification,16,18.0
TCK-4004221,APP-1018726,Email_Helpdesk,Status_Inquiry_WhereIsMyAccount,23,12.0
TCK-4004222,APP-1018729,In_App_Chat,General_Clarification,7,8.5
TCK-4004223,APP-1018730,Email_Helpdesk,Status_Inquiry_WhereIsMyAccount,20,12.0
TCK-4004224,APP-1018740,In_App_Chat,Status_Inquiry_WhereIsMyAccount,40,8.5
TCK-4004225,APP-1018741,In_App_Chat,Status_Inquiry_WhereIsMyAccount,11,8.5
TCK-4004226,APP-1018744,In_App_Chat,Document_Upload_Failure,38,8.5
TCK-4004227,APP-1018749,In_App_Chat,Status_Inquiry_WhereIsMyAccount,5,8.5
TCK-4004228,APP-1018751,Email_Helpdesk,Status_Inquiry_WhereIsMyAccount,37,12.0
TCK-4004229,APP-1018753,In_App_Chat,Status_Inquiry_WhereIsMyAccount,23,8.5
TCK-4004230,APP-1018757,In_App_Chat,Status_Inquiry_WhereIsMyAccount,29,8.5
TCK-4004231,APP-1018759,In_App_Chat,Status_Inquiry_WhereIsMyAccount,24,8.5
TCK-4004232,APP-1018762,In_App_Chat,General_Clarification,7,8.5
TCK-4004233,APP-1018763,Email_Helpdesk,Status_Inquiry_WhereIsMyAccount,25,12.0
TCK-4004234,APP-1018767,In_App_Chat,Status_Inquiry_WhereIsMyAccount,18,8.5
TCK-4004235,APP-1018768,Phone_IVR,Status_Inquiry_WhereIsMyAccount,36,18.0
TCK-4004236,APP-1018770,Phone_IVR,Status_Inquiry_WhereIsMyAccount,28,18.0
TCK-4004237,APP-1018772,In_App_Chat,Status_Inquiry_WhereIsMyAccount,20,8.5
TCK-4004238,APP-1018775,Phone_IVR,Status_Inquiry_WhereIsMyAccount,10,18.0
TCK-4004239,APP-1018793,In_App_Chat,Status_Inquiry_WhereIsMyAccount,34,8.5
TCK-4004240,APP-1018797,In_App_Chat,Status_Inquiry_WhereIsMyAccount,26,8.5
TCK-4004241,APP-1018798,Phone_IVR,Status_Inquiry_WhereIsMyAccount,26,18.0
TCK-4004242,APP-1018809,In_App_Chat,Status_Inquiry_WhereIsMyAccount,12,8.5
TCK-4004243,APP-1018810,Email_Helpdesk,Status_Inquiry_WhereIsMyAccount,32,12.0
TCK-4004244,APP-1018813,In_App_Chat,General_Clarification,17,8.5
TCK-4004245,APP-1018822,Phone_IVR,Status_Inquiry_WhereIsMyAccount,38,18.0
TCK-4004246,APP-1018823,Phone_IVR,Status_Inquiry_WhereIsMyAccount,33,18.0
TCK-4004247,APP-1018824,Phone_IVR,Status_Inquiry_WhereIsMyAccount,43,18.0
TCK-4004248,APP-1018833,Phone_IVR,Status_Inquiry_WhereIsMyAccount,12,18.0
TCK-4004249,APP-1018842,Phone_IVR,Status_Inquiry_WhereIsMyAccount,8,18.0
TCK-4004250,APP-1018846,In_App_Chat,General_Clarification,5,8.5
TCK-4004251,APP-1018853,In_App_Chat,Document_Upload_Failure,17,8.5
TCK-4004252,APP-1018855,In_App_Chat,Status_Inquiry_WhereIsMyAccount,30,8.5
TCK-4004253,APP-1018857,Phone_IVR,Status_Inquiry_WhereIsMyAccount,42,18.0
TCK-4004254,APP-1018860,Phone_IVR,Status_Inquiry_WhereIsMyAccount,41,18.0
TCK-4004255,APP-1018862,In_App_Chat,Status_Inquiry_WhereIsMyAccount,18,8.5
TCK-4004256,APP-1018863,Phone_IVR,General_Clarification,30,18.0
TCK-4004257,APP-1018878,In_App_Chat,Status_Inquiry_WhereIsMyAccount,39,8.5
TCK-4004258,APP-1018879,In_App_Chat,Document_Upload_Failure,27,8.5
TCK-4004259,APP-1018896,In_App_Chat,Status_Inquiry_WhereIsMyAccount,30,8.5
TCK-4004260,APP-1018899,In_App_Chat,Status_Inquiry_WhereIsMyAccount,44,8.5
TCK-4004261,APP-1018900,Phone_IVR,Status_Inquiry_WhereIsMyAccount,33,18.0
TCK-4004262,APP-1018903,Phone_IVR,Status_Inquiry_WhereIsMyAccount,21,18.0
TCK-4004263,APP-1018905,In_App_Chat,Document_Upload_Failure,27,8.5
TCK-4004264,APP-1018907,Email_Helpdesk,Status_Inquiry_WhereIsMyAccount,35,12.0
TCK-4004265,APP-1018913,In_App_Chat,Status_Inquiry_WhereIsMyAccount,8,8.5
TCK-4004266,APP-1018917,Email_Helpdesk,Status_Inquiry_WhereIsMyAccount,16,12.0
TCK-4004267,APP-1018923,Email_Helpdesk,Status_Inquiry_WhereIsMyAccount,9,12.0
TCK-4004268,APP-1018926,Phone_IVR,Status_Inquiry_WhereIsMyAccount,6,18.0
TCK-4004269,APP-1018928,Phone_IVR,General_Clarification,26,18.0
TCK-4004270,APP-1018944,Email_Helpdesk,Status_Inquiry_WhereIsMyAccount,41,12.0
TCK-4004271,APP-1018959,In_App_Chat,Status_Inquiry_WhereIsMyAccount,40,8.5
TCK-4004272,APP-1018972,In_App_Chat,Status_Inquiry_WhereIsMyAccount,8,8.5
TCK-4004273,APP-1018974,Phone_IVR,Status_Inquiry_WhereIsMyAccount,10,18.0
TCK-4004274,APP-1018977,In_App_Chat,Status_Inquiry_WhereIsMyAccount,14,8.5
TCK-4004275,APP-1018979,Email_Helpdesk,Status_Inquiry_WhereIsMyAccount,14,12.0
TCK-4004276,APP-1018985,Email_Helpdesk,General_Clarification,35,12.0
TCK-4004277,APP-1018996,Phone_IVR,Status_Inquiry_WhereIsMyAccount,31,18.0
TCK-4004278,APP-1018997,In_App_Chat,Status_Inquiry_WhereIsMyAccount,23,8.5
TCK-4004279,APP-1019005,Phone_IVR,Status_Inquiry_WhereIsMyAccount,26,18.0
TCK-4004280,APP-1019007,In_App_Chat,Status_Inquiry_WhereIsMyAccount,30,8.5
TCK-4004281,APP-1019010,In_App_Chat,Status_Inquiry_WhereIsMyAccount,20,8.5
TCK-4004282,APP-1019012,Email_Helpdesk,Status_Inquiry_WhereIsMyAccount,39,12.0
TCK-4004283,APP-1019013,In_App_Chat,Status_Inquiry_WhereIsMyAccount,21,8.5
TCK-4004284,APP-1019014,Phone_IVR,Status_Inquiry_WhereIsMyAccount,20,18.0
TCK-4004285,APP-1019016,In_App_Chat,Status_Inquiry_WhereIsMyAccount,10,8.5
TCK-4004286,APP-1019020,In_App_Chat,General_Clarification,42,8.5
TCK-4004287,APP-1019025,In_App_Chat,Status_Inquiry_WhereIsMyAccount,31,8.5
TCK-4004288,APP-1019026,In_App_Chat,General_Clarification,25,8.5
TCK-4004289,APP-1019032,Phone_IVR,Status_Inquiry_WhereIsMyAccount,9,18.0
TCK-4004290,APP-1019036,Phone_IVR,Document_Upload_Failure,20,18.0
TCK-4004291,APP-1019042,In_App_Chat,Status_Inquiry_WhereIsMyAccount,36,8.5
TCK-4004292,APP-1019044,Phone_IVR,Status_Inquiry_WhereIsMyAccount,29,18.0
TCK-4004293,APP-1019045,In_App_Chat,Status_Inquiry_WhereIsMyAccount,31,8.5
TCK-4004294,APP-1019052,Phone_IVR,General_Clarification,11,18.0
TCK-4004295,APP-1019053,Email_Helpdesk,Status_Inquiry_WhereIsMyAccount,21,12.0
TCK-4004296,APP-1019056,In_App_Chat,Status_Inquiry_WhereIsMyAccount,6,8.5
TCK-4004297,APP-1019058,Phone_IVR,Status_Inquiry_WhereIsMyAccount,8,18.0
TCK-4004298,APP-1019061,Phone_IVR,Status_Inquiry_WhereIsMyAccount,16,18.0
TCK-4004299,APP-1019062,In_App_Chat,Status_Inquiry_WhereIsMyAccount,16,8.5
TCK-4004300,APP-1019068,In_App_Chat,General_Clarification,23,8.5
TCK-4004301,APP-1019070,Phone_IVR,Status_Inquiry_WhereIsMyAccount,12,18.0
TCK-4004302,APP-1019071,Phone_IVR,Status_Inquiry_WhereIsMyAccount,18,18.0
TCK-4004303,APP-1019080,Phone_IVR,Status_Inquiry_WhereIsMyAccount,17,18.0
TCK-4004304,APP-1019087,Phone_IVR,Status_Inquiry_WhereIsMyAccount,11,18.0
TCK-4004305,APP-1019088,In_App_Chat,Status_Inquiry_WhereIsMyAccount,43,8.5
TCK-4004306,APP-1019090,In_App_Chat,Document_Upload_Failure,14,8.5
TCK-4004307,APP-1019092,In_App_Chat,Status_Inquiry_WhereIsMyAccount,31,8.5
TCK-4004308,APP-1019102,Phone_IVR,Document_Upload_Failure,29,18.0
TCK-4004309,APP-1019107,In_App_Chat,Status_Inquiry_WhereIsMyAccount,27,8.5
TCK-4004310,APP-1019111,In_App_Chat,Status_Inquiry_WhereIsMyAccount,41,8.5
TCK-4004311,APP-1019120,Email_Helpdesk,Status_Inquiry_WhereIsMyAccount,8,12.0
TCK-4004312,APP-1019126,In_App_Chat,Status_Inquiry_WhereIsMyAccount,11,8.5
TCK-4004313,APP-1019137,In_App_Chat,Status_Inquiry_WhereIsMyAccount,34,8.5
TCK-4004314,APP-1019141,Phone_IVR,Status_Inquiry_WhereIsMyAccount,16,18.0
TCK-4004315,APP-1019143,Email_Helpdesk,Status_Inquiry_WhereIsMyAccount,17,12.0
TCK-4004316,APP-1019153,In_App_Chat,General_Clarification,27,8.5
TCK-4004317,APP-1019158,In_App_Chat,Document_Upload_Failure,7,8.5
TCK-4004318,APP-1019159,In_App_Chat,General_Clarification,12,8.5
TCK-4004319,APP-1019160,In_App_Chat,Status_Inquiry_WhereIsMyAccount,42,8.5
TCK-4004320,APP-1019163,Phone_IVR,Status_Inquiry_WhereIsMyAccount,28,18.0
TCK-4004321,APP-1019164,In_App_Chat,Status_Inquiry_WhereIsMyAccount,13,8.5
TCK-4004322,APP-1019166,Phone_IVR,Status_Inquiry_WhereIsMyAccount,11,18.0
TCK-4004323,APP-1019168,Phone_IVR,Status_Inquiry_WhereIsMyAccount,13,18.0
TCK-4004324,APP-1019169,Phone_IVR,Status_Inquiry_WhereIsMyAccount,17,18.0
TCK-4004325,APP-1019171,In_App_Chat,Status_Inquiry_WhereIsMyAccount,6,8.5
TCK-4004326,APP-1019174,In_App_Chat,Status_Inquiry_WhereIsMyAccount,29,8.5
TCK-4004327,APP-1019192,In_App_Chat,Status_Inquiry_WhereIsMyAccount,28,8.5
TCK-4004328,APP-1019195,In_App_Chat,Status_Inquiry_WhereIsMyAccount,21,8.5
TCK-4004329,APP-1019200,In_App_Chat,Status_Inquiry_WhereIsMyAccount,37,8.5
TCK-4004330,APP-1019202,Email_Helpdesk,Status_Inquiry_WhereIsMyAccount,26,12.0
TCK-4004331,APP-1019204,In_App_Chat,Status_Inquiry_WhereIsMyAccount,32,8.5
TCK-4004332,APP-1019206,In_App_Chat,Status_Inquiry_WhereIsMyAccount,18,8.5
TCK-4004333,APP-1019209,In_App_Chat,Status_Inquiry_WhereIsMyAccount,43,8.5
TCK-4004334,APP-1019211,Phone_IVR,Status_Inquiry_WhereIsMyAccount,23,18.0
TCK-4004335,APP-1019212,In_App_Chat,Status_Inquiry_WhereIsMyAccount,27,8.5
TCK-4004336,APP-1019214,In_App_Chat,General_Clarification,33,8.5
TCK-4004337,APP-1019215,In_App_Chat,Status_Inquiry_WhereIsMyAccount,11,8.5
TCK-4004338,APP-1019222,Email_Helpdesk,Status_Inquiry_WhereIsMyAccount,33,12.0
TCK-4004339,APP-1019226,In_App_Chat,Status_Inquiry_WhereIsMyAccount,43,8.5
TCK-4004340,APP-1019232,In_App_Chat,Status_Inquiry_WhereIsMyAccount,42,8.5
TCK-4004341,APP-1019239,In_App_Chat,Status_Inquiry_WhereIsMyAccount,21,8.5
TCK-4004342,APP-1019254,In_App_Chat,General_Clarification,26,8.5
TCK-4004343,APP-1019257,In_App_Chat,Status_Inquiry_WhereIsMyAccount,26,8.5
TCK-4004344,APP-1019259,In_App_Chat,General_Clarification,26,8.5
TCK-4004345,APP-1019260,Phone_IVR,Status_Inquiry_WhereIsMyAccount,23,18.0
TCK-4004346,APP-1019261,In_App_Chat,Status_Inquiry_WhereIsMyAccount,28,8.5
TCK-4004347,APP-1019262,Email_Helpdesk,Status_Inquiry_WhereIsMyAccount,8,12.0
TCK-4004348,APP-1019269,In_App_Chat,Status_Inquiry_WhereIsMyAccount,20,8.5
TCK-4004349,APP-1019278,Phone_IVR,Status_Inquiry_WhereIsMyAccount,9,18.0
TCK-4004350,APP-1019283,In_App_Chat,Document_Upload_Failure,13,8.5
TCK-4004351,APP-1019285,In_App_Chat,Status_Inquiry_WhereIsMyAccount,41,8.5
TCK-4004352,APP-1019288,Email_Helpdesk,Status_Inquiry_WhereIsMyAccount,18,12.0
TCK-4004353,APP-1019289,In_App_Chat,Status_Inquiry_WhereIsMyAccount,8,8.5
TCK-4004354,APP-1019293,Phone_IVR,Status_Inquiry_WhereIsMyAccount,21,18.0
TCK-4004355,APP-1019296,In_App_Chat,Status_Inquiry_WhereIsMyAccount,28,8.5
TCK-4004356,APP-1019299,In_App_Chat,Status_Inquiry_WhereIsMyAccount,11,8.5
TCK-4004357,APP-1019303,In_App_Chat,Status_Inquiry_WhereIsMyAccount,40,8.5
TCK-4004358,APP-1019314,In_App_Chat,Status_Inquiry_WhereIsMyAccount,38,8.5
TCK-4004359,APP-1019320,In_App_Chat,Status_Inquiry_WhereIsMyAccount,42,8.5
TCK-4004360,APP-1019327,Phone_IVR,Status_Inquiry_WhereIsMyAccount,33,18.0
TCK-4004361,APP-1019331,Email_Helpdesk,Status_Inquiry_WhereIsMyAccount,13,12.0
TCK-4004362,APP-1019334,In_App_Chat,Status_Inquiry_WhereIsMyAccount,12,8.5
TCK-4004363,APP-1019335,Email_Helpdesk,Status_Inquiry_WhereIsMyAccount,19,12.0
TCK-4004364,APP-1019338,In_App_Chat,Status_Inquiry_WhereIsMyAccount,41,8.5
TCK-4004365,APP-1019339,In_App_Chat,Status_Inquiry_WhereIsMyAccount,5,8.5
TCK-4004366,APP-1019343,Phone_IVR,Status_Inquiry_WhereIsMyAccount,26,18.0
TCK-4004367,APP-1019346,In_App_Chat,Status_Inquiry_WhereIsMyAccount,26,8.5
TCK-4004368,APP-1019347,In_App_Chat,Status_Inquiry_WhereIsMyAccount,37,8.5
TCK-4004369,APP-1019353,Email_Helpdesk,Status_Inquiry_WhereIsMyAccount,39,12.0
TCK-4004370,APP-1019357,In_App_Chat,Status_Inquiry_WhereIsMyAccount,16,8.5
TCK-4004371,APP-1019358,Phone_IVR,Status_Inquiry_WhereIsMyAccount,32,18.0
TCK-4004372,APP-1019360,In_App_Chat,Status_Inquiry_WhereIsMyAccount,27,8.5
TCK-4004373,APP-1019362,In_App_Chat,Status_Inquiry_WhereIsMyAccount,7,8.5
TCK-4004374,APP-1019375,Phone_IVR,General_Clarification,35,18.0
TCK-4004375,APP-1019376,Phone_IVR,Document_Upload_Failure,40,18.0
TCK-4004376,APP-1019381,In_App_Chat,Status_Inquiry_WhereIsMyAccount,17,8.5
TCK-4004377,APP-1019382,In_App_Chat,Status_Inquiry_WhereIsMyAccount,14,8.5
TCK-4004378,APP-1019385,In_App_Chat,Status_Inquiry_WhereIsMyAccount,38,8.5
TCK-4004379,APP-1019391,Phone_IVR,Status_Inquiry_WhereIsMyAccount,23,18.0
TCK-4004380,APP-1019396,Phone_IVR,Status_Inquiry_WhereIsMyAccount,14,18.0
TCK-4004381,APP-1019400,In_App_Chat,Status_Inquiry_WhereIsMyAccount,16,8.5
TCK-4004382,APP-1019406,In_App_Chat,Document_Upload_Failure,28,8.5
TCK-4004383,APP-1019408,Phone_IVR,Status_Inquiry_WhereIsMyAccount,30,18.0
TCK-4004384,APP-1019411,Phone_IVR,Status_Inquiry_WhereIsMyAccount,22,18.0
TCK-4004385,APP-1019412,In_App_Chat,Status_Inquiry_WhereIsMyAccount,11,8.5
TCK-4004386,APP-1019413,In_App_Chat,Status_Inquiry_WhereIsMyAccount,10,8.5
TCK-4004387,APP-1019415,Phone_IVR,Status_Inquiry_WhereIsMyAccount,20,18.0
TCK-4004388,APP-1019416,In_App_Chat,Status_Inquiry_WhereIsMyAccount,42,8.5
TCK-4004389,APP-1019419,Phone_IVR,Document_Upload_Failure,26,18.0
TCK-4004390,APP-1019420,In_App_Chat,Status_Inquiry_WhereIsMyAccount,18,8.5
TCK-4004391,APP-1019424,In_App_Chat,Status_Inquiry_WhereIsMyAccount,16,8.5
TCK-4004392,APP-1019431,In_App_Chat,Status_Inquiry_WhereIsMyAccount,13,8.5
TCK-4004393,APP-1019432,Phone_IVR,Status_Inquiry_WhereIsMyAccount,22,18.0
TCK-4004394,APP-1019437,Phone_IVR,Status_Inquiry_WhereIsMyAccount,21,18.0
TCK-4004395,APP-1019439,In_App_Chat,Status_Inquiry_WhereIsMyAccount,43,8.5
TCK-4004396,APP-1019443,In_App_Chat,Document_Upload_Failure,29,8.5
TCK-4004397,APP-1019445,In_App_Chat,Status_Inquiry_WhereIsMyAccount,40,8.5
TCK-4004398,APP-1019455,Email_Helpdesk,Status_Inquiry_WhereIsMyAccount,19,12.0
TCK-4004399,APP-1019460,Email_Helpdesk,Status_Inquiry_WhereIsMyAccount,21,12.0
TCK-4004400,APP-1019464,In_App_Chat,Status_Inquiry_WhereIsMyAccount,44,8.5
TCK-4004401,APP-1019472,In_App_Chat,Status_Inquiry_WhereIsMyAccount,27,8.5
TCK-4004402,APP-1019477,Phone_IVR,Status_Inquiry_WhereIsMyAccount,31,18.0
TCK-4004403,APP-1019490,Phone_IVR,Status_Inquiry_WhereIsMyAccount,18,18.0
TCK-4004404,APP-1019493,Phone_IVR,Status_Inquiry_WhereIsMyAccount,16,18.0
TCK-4004405,APP-1019495,In_App_Chat,Status_Inquiry_WhereIsMyAccount,21,8.5
TCK-4004406,APP-1019500,In_App_Chat,Status_Inquiry_WhereIsMyAccount,16,8.5
TCK-4004407,APP-1019502,In_App_Chat,Status_Inquiry_WhereIsMyAccount,43,8.5
TCK-4004408,APP-1019504,In_App_Chat,General_Clarification,40,8.5
TCK-4004409,APP-1019505,Phone_IVR,Status_Inquiry_WhereIsMyAccount,16,18.0
TCK-4004410,APP-1019507,In_App_Chat,Document_Upload_Failure,33,8.5
TCK-4004411,APP-1019511,In_App_Chat,General_Clarification,27,8.5
TCK-4004412,APP-1019515,Phone_IVR,Status_Inquiry_WhereIsMyAccount,7,18.0
TCK-4004413,APP-1019519,Phone_IVR,Status_Inquiry_WhereIsMyAccount,16,18.0
TCK-4004414,APP-1019520,Phone_IVR,Status_Inquiry_WhereIsMyAccount,39,18.0
TCK-4004415,APP-1019522,In_App_Chat,Status_Inquiry_WhereIsMyAccount,10,8.5
TCK-4004416,APP-1019523,Phone_IVR,Status_Inquiry_WhereIsMyAccount,24,18.0
TCK-4004417,APP-1019528,In_App_Chat,Status_Inquiry_WhereIsMyAccount,25,8.5
TCK-4004418,APP-1019530,In_App_Chat,Status_Inquiry_WhereIsMyAccount,28,8.5
TCK-4004419,APP-1019544,In_App_Chat,Status_Inquiry_WhereIsMyAccount,22,8.5
TCK-4004420,APP-1019549,In_App_Chat,Status_Inquiry_WhereIsMyAccount,23,8.5
TCK-4004421,APP-1019553,In_App_Chat,Status_Inquiry_WhereIsMyAccount,26,8.5
TCK-4004422,APP-1019559,In_App_Chat,Status_Inquiry_WhereIsMyAccount,5,8.5
TCK-4004423,APP-1019562,In_App_Chat,Status_Inquiry_WhereIsMyAccount,18,8.5
TCK-4004424,APP-1019566,Phone_IVR,Status_Inquiry_WhereIsMyAccount,25,18.0
TCK-4004425,APP-1019568,Email_Helpdesk,Status_Inquiry_WhereIsMyAccount,11,12.0
TCK-4004426,APP-1019573,In_App_Chat,Status_Inquiry_WhereIsMyAccount,44,8.5
TCK-4004427,APP-1019577,Email_Helpdesk,Status_Inquiry_WhereIsMyAccount,5,12.0
TCK-4004428,APP-1019580,In_App_Chat,Status_Inquiry_WhereIsMyAccount,25,8.5
TCK-4004429,APP-1019581,In_App_Chat,General_Clarification,21,8.5
TCK-4004430,APP-1019582,Phone_IVR,General_Clarification,30,18.0
TCK-4004431,APP-1019595,In_App_Chat,Status_Inquiry_WhereIsMyAccount,11,8.5
TCK-4004432,APP-1019598,In_App_Chat,Status_Inquiry_WhereIsMyAccount,20,8.5
TCK-4004433,APP-1019599,In_App_Chat,Status_Inquiry_WhereIsMyAccount,26,8.5
TCK-4004434,APP-1019601,Phone_IVR,General_Clarification,6,18.0
TCK-4004435,APP-1019604,In_App_Chat,Status_Inquiry_WhereIsMyAccount,6,8.5
TCK-4004436,APP-1019608,In_App_Chat,Status_Inquiry_WhereIsMyAccount,11,8.5
TCK-4004437,APP-1019610,Email_Helpdesk,Status_Inquiry_WhereIsMyAccount,14,12.0
TCK-4004438,APP-1019615,Email_Helpdesk,Status_Inquiry_WhereIsMyAccount,12,12.0
TCK-4004439,APP-1019616,In_App_Chat,Status_Inquiry_WhereIsMyAccount,19,8.5
TCK-4004440,APP-1019618,In_App_Chat,Status_Inquiry_WhereIsMyAccount,10,8.5
TCK-4004441,APP-1019621,Phone_IVR,Status_Inquiry_WhereIsMyAccount,32,18.0
TCK-4004442,APP-1019622,Phone_IVR,Status_Inquiry_WhereIsMyAccount,44,18.0
TCK-4004443,APP-1019628,Phone_IVR,General_Clarification,12,18.0
TCK-4004444,APP-1019630,Phone_IVR,Status_Inquiry_WhereIsMyAccount,26,18.0
TCK-4004445,APP-1019632,In_App_Chat,Status_Inquiry_WhereIsMyAccount,8,8.5
TCK-4004446,APP-1019633,In_App_Chat,Status_Inquiry_WhereIsMyAccount,12,8.5
TCK-4004447,APP-1019637,Phone_IVR,Status_Inquiry_WhereIsMyAccount,23,18.0
TCK-4004448,APP-1019638,In_App_Chat,Status_Inquiry_WhereIsMyAccount,7,8.5
TCK-4004449,APP-1019639,In_App_Chat,Status_Inquiry_WhereIsMyAccount,33,8.5
TCK-4004450,APP-1019643,In_App_Chat,Status_Inquiry_WhereIsMyAccount,14,8.5
TCK-4004451,APP-1019645,In_App_Chat,Status_Inquiry_WhereIsMyAccount,26,8.5
TCK-4004452,APP-1019647,Phone_IVR,Document_Upload_Failure,32,18.0
TCK-4004453,APP-1019651,Email_Helpdesk,Status_Inquiry_WhereIsMyAccount,34,12.0
TCK-4004454,APP-1019653,In_App_Chat,Status_Inquiry_WhereIsMyAccount,40,8.5
TCK-4004455,APP-1019654,In_App_Chat,Status_Inquiry_WhereIsMyAccount,28,8.5
TCK-4004456,APP-1019655,Email_Helpdesk,Status_Inquiry_WhereIsMyAccount,39,12.0
TCK-4004457,APP-1019667,Phone_IVR,Status_Inquiry_WhereIsMyAccount,7,18.0
TCK-4004458,APP-1019668,Phone_IVR,Status_Inquiry_WhereIsMyAccount,29,18.0
TCK-4004459,APP-1019671,Phone_IVR,Status_Inquiry_WhereIsMyAccount,41,18.0
TCK-4004460,APP-1019678,In_App_Chat,Status_Inquiry_WhereIsMyAccount,44,8.5
TCK-4004461,APP-1019679,In_App_Chat,Status_Inquiry_WhereIsMyAccount,42,8.5
TCK-4004462,APP-1019684,In_App_Chat,Status_Inquiry_WhereIsMyAccount,24,8.5
TCK-4004463,APP-1019699,In_App_Chat,Status_Inquiry_WhereIsMyAccount,7,8.5
TCK-4004464,APP-1019704,Email_Helpdesk,Status_Inquiry_WhereIsMyAccount,19,12.0
TCK-4004465,APP-1019706,In_App_Chat,Status_Inquiry_WhereIsMyAccount,9,8.5
TCK-4004466,APP-1019708,In_App_Chat,Document_Upload_Failure,44,8.5
TCK-4004467,APP-1019710,In_App_Chat,Status_Inquiry_WhereIsMyAccount,5,8.5
TCK-4004468,APP-1019712,Phone_IVR,General_Clarification,24,18.0
TCK-4004469,APP-1019722,In_App_Chat,General_Clarification,25,8.5
TCK-4004470,APP-1019725,Phone_IVR,Status_Inquiry_WhereIsMyAccount,41,18.0
TCK-4004471,APP-1019728,In_App_Chat,Status_Inquiry_WhereIsMyAccount,39,8.5
TCK-4004472,APP-1019731,In_App_Chat,Status_Inquiry_WhereIsMyAccount,27,8.5
TCK-4004473,APP-1019734,In_App_Chat,Status_Inquiry_WhereIsMyAccount,15,8.5
TCK-4004474,APP-1019735,Email_Helpdesk,Status_Inquiry_WhereIsMyAccount,30,12.0
TCK-4004475,APP-1019736,Phone_IVR,Document_Upload_Failure,12,18.0
TCK-4004476,APP-1019745,Phone_IVR,Status_Inquiry_WhereIsMyAccount,6,18.0
TCK-4004477,APP-1019746,In_App_Chat,Status_Inquiry_WhereIsMyAccount,28,8.5
TCK-4004478,APP-1019748,In_App_Chat,Status_Inquiry_WhereIsMyAccount,24,8.5
TCK-4004479,APP-1019753,Phone_IVR,General_Clarification,31,18.0
TCK-4004480,APP-1019754,In_App_Chat,Status_Inquiry_WhereIsMyAccount,44,8.5
TCK-4004481,APP-1019759,In_App_Chat,Status_Inquiry_WhereIsMyAccount,6,8.5
TCK-4004482,APP-1019760,In_App_Chat,Document_Upload_Failure,33,8.5
TCK-4004483,APP-1019761,In_App_Chat,Status_Inquiry_WhereIsMyAccount,29,8.5
TCK-4004484,APP-1019770,Email_Helpdesk,Status_Inquiry_WhereIsMyAccount,36,12.0
TCK-4004485,APP-1019771,In_App_Chat,General_Clarification,7,8.5
TCK-4004486,APP-1019775,Email_Helpdesk,General_Clarification,23,12.0
TCK-4004487,APP-1019779,Email_Helpdesk,Status_Inquiry_WhereIsMyAccount,11,12.0
TCK-4004488,APP-1019788,In_App_Chat,Status_Inquiry_WhereIsMyAccount,24,8.5
TCK-4004489,APP-1019789,In_App_Chat,Status_Inquiry_WhereIsMyAccount,28,8.5
TCK-4004490,APP-1019793,In_App_Chat,Status_Inquiry_WhereIsMyAccount,24,8.5
TCK-4004491,APP-1019798,In_App_Chat,General_Clarification,6,8.5
TCK-4004492,APP-1019801,In_App_Chat,Status_Inquiry_WhereIsMyAccount,24,8.5
TCK-4004493,APP-1019808,In_App_Chat,Status_Inquiry_WhereIsMyAccount,12,8.5
TCK-4004494,APP-1019812,Email_Helpdesk,Status_Inquiry_WhereIsMyAccount,28,12.0
TCK-4004495,APP-1019813,In_App_Chat,Document_Upload_Failure,30,8.5
TCK-4004496,APP-1019819,Email_Helpdesk,Status_Inquiry_WhereIsMyAccount,12,12.0
TCK-4004497,APP-1019820,Phone_IVR,Status_Inquiry_WhereIsMyAccount,32,18.0
TCK-4004498,APP-1019821,Phone_IVR,Status_Inquiry_WhereIsMyAccount,9,18.0
TCK-4004499,APP-1019822,In_App_Chat,Status_Inquiry_WhereIsMyAccount,17,8.5
TCK-4004500,APP-1019823,Email_Helpdesk,Status_Inquiry_WhereIsMyAccount,36,12.0
TCK-4004501,APP-1019827,In_App_Chat,Status_Inquiry_WhereIsMyAccount,19,8.5
TCK-4004502,APP-1019828,In_App_Chat,Status_Inquiry_WhereIsMyAccount,24,8.5
TCK-4004503,APP-1019831,In_App_Chat,Status_Inquiry_WhereIsMyAccount,38,8.5
TCK-4004504,APP-1019844,In_App_Chat,Status_Inquiry_WhereIsMyAccount,14,8.5
TCK-4004505,APP-1019846,In_App_Chat,Status_Inquiry_WhereIsMyAccount,12,8.5
TCK-4004506,APP-1019855,Phone_IVR,Status_Inquiry_WhereIsMyAccount,11,18.0
TCK-4004507,APP-1019864,In_App_Chat,Document_Upload_Failure,7,8.5
TCK-4004508,APP-1019865,In_App_Chat,Status_Inquiry_WhereIsMyAccount,21,8.5
TCK-4004509,APP-1019866,In_App_Chat,Status_Inquiry_WhereIsMyAccount,41,8.5
TCK-4004510,APP-1019870,Phone_IVR,Status_Inquiry_WhereIsMyAccount,25,18.0
TCK-4004511,APP-1019878,In_App_Chat,Status_Inquiry_WhereIsMyAccount,6,8.5
TCK-4004512,APP-1019882,Phone_IVR,Status_Inquiry_WhereIsMyAccount,37,18.0
TCK-4004513,APP-1019893,In_App_Chat,Status_Inquiry_WhereIsMyAccount,26,8.5
TCK-4004514,APP-1019898,In_App_Chat,Status_Inquiry_WhereIsMyAccount,9,8.5
TCK-4004515,APP-1019899,Phone_IVR,Status_Inquiry_WhereIsMyAccount,19,18.0
TCK-4004516,APP-1019900,Phone_IVR,Status_Inquiry_WhereIsMyAccount,10,18.0
TCK-4004517,APP-1019902,In_App_Chat,Status_Inquiry_WhereIsMyAccount,30,8.5
TCK-4004518,APP-1019907,In_App_Chat,Document_Upload_Failure,26,8.5
TCK-4004519,APP-1019909,In_App_Chat,Status_Inquiry_WhereIsMyAccount,9,8.5
TCK-4004520,APP-1019912,In_App_Chat,Status_Inquiry_WhereIsMyAccount,25,8.5
TCK-4004521,APP-1019914,Phone_IVR,Status_Inquiry_WhereIsMyAccount,37,18.0
TCK-4004522,APP-1019917,Email_Helpdesk,Status_Inquiry_WhereIsMyAccount,12,12.0
TCK-4004523,APP-1019918,Phone_IVR,Status_Inquiry_WhereIsMyAccount,10,18.0
TCK-4004524,APP-1019921,Email_Helpdesk,Status_Inquiry_WhereIsMyAccount,44,12.0
TCK-4004525,APP-1019928,Phone_IVR,Status_Inquiry_WhereIsMyAccount,26,18.0
TCK-4004526,APP-1019939,Phone_IVR,Status_Inquiry_WhereIsMyAccount,8,18.0
TCK-4004527,APP-1019948,In_App_Chat,Status_Inquiry_WhereIsMyAccount,8,8.5
TCK-4004528,APP-1019966,Phone_IVR,Status_Inquiry_WhereIsMyAccount,10,18.0
TCK-4004529,APP-1019968,In_App_Chat,General_Clarification,29,8.5
TCK-4004530,APP-1019969,In_App_Chat,Status_Inquiry_WhereIsMyAccount,5,8.5
TCK-4004531,APP-1019981,In_App_Chat,Status_Inquiry_WhereIsMyAccount,12,8.5
TCK-4004532,APP-1019992,In_App_Chat,Status_Inquiry_WhereIsMyAccount,34,8.5
TCK-4004533,APP-1019993,In_App_Chat,Status_Inquiry_WhereIsMyAccount,5,8.5
TCK-4004534,APP-1019996,Email_Helpdesk,Status_Inquiry_WhereIsMyAccount,32,12.0
TCK-4004535,APP-1019998,In_App_Chat,Status_Inquiry_WhereIsMyAccount,10,8.5
TCK-4004536,APP-1020007,Phone_IVR,Status_Inquiry_WhereIsMyAccount,5,18.0
TCK-4004537,APP-1020008,In_App_Chat,Status_Inquiry_WhereIsMyAccount,16,8.5
TCK-4004538,APP-1020014,In_App_Chat,Status_Inquiry_WhereIsMyAccount,18,8.5
TCK-4004539,APP-1020019,In_App_Chat,Status_Inquiry_WhereIsMyAccount,16,8.5
TCK-4004540,APP-1020020,Email_Helpdesk,Status_Inquiry_WhereIsMyAccount,42,12.0
TCK-4004541,APP-1020023,In_App_Chat,Status_Inquiry_WhereIsMyAccount,20,8.5
TCK-4004542,APP-1020026,Phone_IVR,Status_Inquiry_WhereIsMyAccount,36,18.0
TCK-4004543,APP-1020041,In_App_Chat,Status_Inquiry_WhereIsMyAccount,11,8.5
TCK-4004544,APP-1020042,Email_Helpdesk,Status_Inquiry_WhereIsMyAccount,36,12.0
TCK-4004545,APP-1020050,In_App_Chat,Status_Inquiry_WhereIsMyAccount,17,8.5
TCK-4004546,APP-1020056,In_App_Chat,Status_Inquiry_WhereIsMyAccount,20,8.5
TCK-4004547,APP-1020057,In_App_Chat,Status_Inquiry_WhereIsMyAccount,38,8.5
TCK-4004548,APP-1020064,Phone_IVR,Status_Inquiry_WhereIsMyAccount,17,18.0
TCK-4004549,APP-1020065,In_App_Chat,Status_Inquiry_WhereIsMyAccount,38,8.5
TCK-4004550,APP-1020067,In_App_Chat,Status_Inquiry_WhereIsMyAccount,27,8.5
TCK-4004551,APP-1020075,Phone_IVR,Status_Inquiry_WhereIsMyAccount,10,18.0
TCK-4004552,APP-1020080,In_App_Chat,Status_Inquiry_WhereIsMyAccount,30,8.5
TCK-4004553,APP-1020082,Email_Helpdesk,General_Clarification,26,12.0
TCK-4004554,APP-1020088,In_App_Chat,Status_Inquiry_WhereIsMyAccount,34,8.5
TCK-4004555,APP-1020094,In_App_Chat,Status_Inquiry_WhereIsMyAccount,36,8.5
TCK-4004556,APP-1020095,Phone_IVR,Status_Inquiry_WhereIsMyAccount,30,18.0
TCK-4004557,APP-1020096,In_App_Chat,Status_Inquiry_WhereIsMyAccount,6,8.5
TCK-4004558,APP-1020102,In_App_Chat,General_Clarification,33,8.5
TCK-4004559,APP-1020103,In_App_Chat,Status_Inquiry_WhereIsMyAccount,24,8.5
TCK-4004560,APP-1020104,In_App_Chat,Status_Inquiry_WhereIsMyAccount,42,8.5
TCK-4004561,APP-1020107,Phone_IVR,Status_Inquiry_WhereIsMyAccount,36,18.0
TCK-4004562,APP-1020108,In_App_Chat,Status_Inquiry_WhereIsMyAccount,23,8.5
TCK-4004563,APP-1020110,In_App_Chat,Status_Inquiry_WhereIsMyAccount,37,8.5
TCK-4004564,APP-1020113,In_App_Chat,Status_Inquiry_WhereIsMyAccount,44,8.5
TCK-4004565,APP-1020122,In_App_Chat,Status_Inquiry_WhereIsMyAccount,32,8.5
TCK-4004566,APP-1020127,In_App_Chat,Status_Inquiry_WhereIsMyAccount,37,8.5
TCK-4004567,APP-1020129,Phone_IVR,General_Clarification,35,18.0
TCK-4004568,APP-1020148,Email_Helpdesk,Status_Inquiry_WhereIsMyAccount,41,12.0
TCK-4004569,APP-1020149,In_App_Chat,Status_Inquiry_WhereIsMyAccount,16,8.5
TCK-4004570,APP-1020155,In_App_Chat,Status_Inquiry_WhereIsMyAccount,13,8.5
TCK-4004571,APP-1020158,Phone_IVR,Status_Inquiry_WhereIsMyAccount,41,18.0
TCK-4004572,APP-1020171,Phone_IVR,Status_Inquiry_WhereIsMyAccount,7,18.0
TCK-4004573,APP-1020173,In_App_Chat,Status_Inquiry_WhereIsMyAccount,10,8.5
TCK-4004574,APP-1020180,In_App_Chat,Status_Inquiry_WhereIsMyAccount,43,8.5
TCK-4004575,APP-1020182,Phone_IVR,Status_Inquiry_WhereIsMyAccount,19,18.0
TCK-4004576,APP-1020186,In_App_Chat,Status_Inquiry_WhereIsMyAccount,26,8.5
TCK-4004577,APP-1020188,Phone_IVR,Status_Inquiry_WhereIsMyAccount,5,18.0
TCK-4004578,APP-1020192,In_App_Chat,Status_Inquiry_WhereIsMyAccount,39,8.5
TCK-4004579,APP-1020198,Phone_IVR,Status_Inquiry_WhereIsMyAccount,25,18.0
TCK-4004580,APP-1020199,Phone_IVR,Status_Inquiry_WhereIsMyAccount,34,18.0
TCK-4004581,APP-1020201,In_App_Chat,Status_Inquiry_WhereIsMyAccount,20,8.5
TCK-4004582,APP-1020208,In_App_Chat,Status_Inquiry_WhereIsMyAccount,39,8.5
TCK-4004583,APP-1020225,In_App_Chat,Status_Inquiry_WhereIsMyAccount,13,8.5
TCK-4004584,APP-1020235,In_App_Chat,Status_Inquiry_WhereIsMyAccount,34,8.5
TCK-4004585,APP-1020242,In_App_Chat,General_Clarification,25,8.5
TCK-4004586,APP-1020245,Email_Helpdesk,Status_Inquiry_WhereIsMyAccount,9,12.0
TCK-4004587,APP-1020247,In_App_Chat,Document_Upload_Failure,41,8.5
TCK-4004588,APP-1020250,Phone_IVR,Status_Inquiry_WhereIsMyAccount,33,18.0
TCK-4004589,APP-1020257,Phone_IVR,Status_Inquiry_WhereIsMyAccount,25,18.0
TCK-4004590,APP-1020264,Phone_IVR,Status_Inquiry_WhereIsMyAccount,20,18.0
TCK-4004591,APP-1020276,In_App_Chat,Document_Upload_Failure,7,8.5
TCK-4004592,APP-1020277,Email_Helpdesk,Status_Inquiry_WhereIsMyAccount,40,12.0
TCK-4004593,APP-1020278,In_App_Chat,Document_Upload_Failure,28,8.5
TCK-4004594,APP-1020281,Phone_IVR,Status_Inquiry_WhereIsMyAccount,36,18.0
TCK-4004595,APP-1020290,In_App_Chat,Status_Inquiry_WhereIsMyAccount,12,8.5
TCK-4004596,APP-1020294,In_App_Chat,Status_Inquiry_WhereIsMyAccount,15,8.5
TCK-4004597,APP-1020296,Phone_IVR,Status_Inquiry_WhereIsMyAccount,21,18.0
TCK-4004598,APP-1020300,In_App_Chat,General_Clarification,32,8.5
TCK-4004599,APP-1020303,Email_Helpdesk,Status_Inquiry_WhereIsMyAccount,32,12.0
TCK-4004600,APP-1020304,In_App_Chat,Status_Inquiry_WhereIsMyAccount,10,8.5
TCK-4004601,APP-1020306,Phone_IVR,Status_Inquiry_WhereIsMyAccount,13,18.0
TCK-4004602,APP-1020307,In_App_Chat,General_Clarification,16,8.5
TCK-4004603,APP-1020309,In_App_Chat,Status_Inquiry_WhereIsMyAccount,11,8.5
TCK-4004604,APP-1020319,In_App_Chat,Status_Inquiry_WhereIsMyAccount,20,8.5
TCK-4004605,APP-1020326,Phone_IVR,General_Clarification,42,18.0
TCK-4004606,APP-1020331,Phone_IVR,Status_Inquiry_WhereIsMyAccount,26,18.0
TCK-4004607,APP-1020332,Phone_IVR,Status_Inquiry_WhereIsMyAccount,16,18.0
TCK-4004608,APP-1020335,Phone_IVR,Status_Inquiry_WhereIsMyAccount,40,18.0
TCK-4004609,APP-1020338,Phone_IVR,Status_Inquiry_WhereIsMyAccount,34,18.0
TCK-4004610,APP-1020345,In_App_Chat,General_Clarification,25,8.5
TCK-4004611,APP-1020357,In_App_Chat,Status_Inquiry_WhereIsMyAccount,24,8.5
TCK-4004612,APP-1020363,In_App_Chat,Status_Inquiry_WhereIsMyAccount,16,8.5
TCK-4004613,APP-1020370,In_App_Chat,General_Clarification,38,8.5
TCK-4004614,APP-1020371,Email_Helpdesk,General_Clarification,9,12.0
TCK-4004615,APP-1020375,Phone_IVR,Status_Inquiry_WhereIsMyAccount,26,18.0
TCK-4004616,APP-1020376,In_App_Chat,Status_Inquiry_WhereIsMyAccount,32,8.5
TCK-4004617,APP-1020378,Phone_IVR,Status_Inquiry_WhereIsMyAccount,40,18.0
TCK-4004618,APP-1020385,Phone_IVR,Status_Inquiry_WhereIsMyAccount,13,18.0
TCK-4004619,APP-1020386,Phone_IVR,Status_Inquiry_WhereIsMyAccount,22,18.0
TCK-4004620,APP-1020392,In_App_Chat,Status_Inquiry_WhereIsMyAccount,27,8.5
TCK-4004621,APP-1020395,In_App_Chat,Status_Inquiry_WhereIsMyAccount,18,8.5
TCK-4004622,APP-1020397,Phone_IVR,Status_Inquiry_WhereIsMyAccount,32,18.0
TCK-4004623,APP-1020402,Email_Helpdesk,Status_Inquiry_WhereIsMyAccount,42,12.0
TCK-4004624,APP-1020407,Email_Helpdesk,Status_Inquiry_WhereIsMyAccount,33,12.0
TCK-4004625,APP-1020411,Phone_IVR,Status_Inquiry_WhereIsMyAccount,16,18.0
TCK-4004626,APP-1020412,Phone_IVR,Status_Inquiry_WhereIsMyAccount,35,18.0
TCK-4004627,APP-1020418,Phone_IVR,Status_Inquiry_WhereIsMyAccount,23,18.0
TCK-4004628,APP-1020420,In_App_Chat,General_Clarification,34,8.5
TCK-4004629,APP-1020436,Phone_IVR,Status_Inquiry_WhereIsMyAccount,44,18.0
TCK-4004630,APP-1020442,Phone_IVR,Status_Inquiry_WhereIsMyAccount,11,18.0
TCK-4004631,APP-1020445,In_App_Chat,Status_Inquiry_WhereIsMyAccount,6,8.5
TCK-4004632,APP-1020447,Phone_IVR,Status_Inquiry_WhereIsMyAccount,15,18.0
TCK-4004633,APP-1020449,Email_Helpdesk,Status_Inquiry_WhereIsMyAccount,15,12.0
TCK-4004634,APP-1020451,Phone_IVR,Status_Inquiry_WhereIsMyAccount,8,18.0
TCK-4004635,APP-1020452,Phone_IVR,Status_Inquiry_WhereIsMyAccount,22,18.0
TCK-4004636,APP-1020458,Phone_IVR,Status_Inquiry_WhereIsMyAccount,36,18.0
TCK-4004637,APP-1020460,Phone_IVR,Document_Upload_Failure,43,18.0
TCK-4004638,APP-1020461,Email_Helpdesk,General_Clarification,36,12.0
TCK-4004639,APP-1020465,Phone_IVR,Document_Upload_Failure,34,18.0
TCK-4004640,APP-1020466,In_App_Chat,General_Clarification,30,8.5
TCK-4004641,APP-1020474,Email_Helpdesk,Status_Inquiry_WhereIsMyAccount,21,12.0
TCK-4004642,APP-1020480,Email_Helpdesk,Status_Inquiry_WhereIsMyAccount,14,12.0
TCK-4004643,APP-1020483,In_App_Chat,Status_Inquiry_WhereIsMyAccount,10,8.5
TCK-4004644,APP-1020488,In_App_Chat,Status_Inquiry_WhereIsMyAccount,40,8.5
TCK-4004645,APP-1020489,In_App_Chat,General_Clarification,14,8.5
TCK-4004646,APP-1020499,In_App_Chat,Status_Inquiry_WhereIsMyAccount,30,8.5
TCK-4004647,APP-1020505,Email_Helpdesk,Document_Upload_Failure,18,12.0
TCK-4004648,APP-1020513,In_App_Chat,Status_Inquiry_WhereIsMyAccount,30,8.5
TCK-4004649,APP-1020516,Phone_IVR,Document_Upload_Failure,31,18.0
TCK-4004650,APP-1020522,In_App_Chat,Status_Inquiry_WhereIsMyAccount,15,8.5
TCK-4004651,APP-1020531,In_App_Chat,Status_Inquiry_WhereIsMyAccount,20,8.5
TCK-4004652,APP-1020532,Email_Helpdesk,Status_Inquiry_WhereIsMyAccount,7,12.0
TCK-4004653,APP-1020533,Phone_IVR,Status_Inquiry_WhereIsMyAccount,38,18.0
TCK-4004654,APP-1020539,Phone_IVR,Status_Inquiry_WhereIsMyAccount,33,18.0
TCK-4004655,APP-1020540,In_App_Chat,Status_Inquiry_WhereIsMyAccount,10,8.5
TCK-4004656,APP-1020547,Phone_IVR,Status_Inquiry_WhereIsMyAccount,38,18.0
TCK-4004657,APP-1020550,In_App_Chat,Status_Inquiry_WhereIsMyAccount,38,8.5
TCK-4004658,APP-1020553,Email_Helpdesk,Status_Inquiry_WhereIsMyAccount,15,12.0
TCK-4004659,APP-1020558,Phone_IVR,Status_Inquiry_WhereIsMyAccount,31,18.0
TCK-4004660,APP-1020562,In_App_Chat,Status_Inquiry_WhereIsMyAccount,13,8.5
TCK-4004661,APP-1020572,Phone_IVR,Document_Upload_Failure,27,18.0
TCK-4004662,APP-1020580,In_App_Chat,Status_Inquiry_WhereIsMyAccount,26,8.5
TCK-4004663,APP-1020583,Phone_IVR,General_Clarification,42,18.0
TCK-4004664,APP-1020585,In_App_Chat,Status_Inquiry_WhereIsMyAccount,19,8.5
TCK-4004665,APP-1020592,In_App_Chat,Status_Inquiry_WhereIsMyAccount,15,8.5
TCK-4004666,APP-1020595,Email_Helpdesk,General_Clarification,8,12.0
TCK-4004667,APP-1020603,In_App_Chat,General_Clarification,15,8.5
TCK-4004668,APP-1020613,In_App_Chat,Document_Upload_Failure,33,8.5
TCK-4004669,APP-1020621,Phone_IVR,Status_Inquiry_WhereIsMyAccount,30,18.0
TCK-4004670,APP-1020625,In_App_Chat,Status_Inquiry_WhereIsMyAccount,17,8.5
TCK-4004671,APP-1020628,In_App_Chat,General_Clarification,24,8.5
TCK-4004672,APP-1020630,Phone_IVR,Status_Inquiry_WhereIsMyAccount,42,18.0
TCK-4004673,APP-1020632,Phone_IVR,Status_Inquiry_WhereIsMyAccount,14,18.0
TCK-4004674,APP-1020634,Phone_IVR,Status_Inquiry_WhereIsMyAccount,35,18.0
TCK-4004675,APP-1020647,In_App_Chat,Status_Inquiry_WhereIsMyAccount,43,8.5
TCK-4004676,APP-1020649,Phone_IVR,Status_Inquiry_WhereIsMyAccount,23,18.0
TCK-4004677,APP-1020651,In_App_Chat,General_Clarification,37,8.5
TCK-4004678,APP-1020654,In_App_Chat,Status_Inquiry_WhereIsMyAccount,15,8.5
TCK-4004679,APP-1020656,Phone_IVR,Status_Inquiry_WhereIsMyAccount,29,18.0
TCK-4004680,APP-1020667,In_App_Chat,Status_Inquiry_WhereIsMyAccount,12,8.5
TCK-4004681,APP-1020668,In_App_Chat,Status_Inquiry_WhereIsMyAccount,17,8.5
TCK-4004682,APP-1020673,In_App_Chat,Document_Upload_Failure,38,8.5
TCK-4004683,APP-1020677,In_App_Chat,Document_Upload_Failure,44,8.5
TCK-4004684,APP-1020679,Phone_IVR,Status_Inquiry_WhereIsMyAccount,29,18.0
TCK-4004685,APP-1020682,Phone_IVR,Status_Inquiry_WhereIsMyAccount,35,18.0
TCK-4004686,APP-1020690,Phone_IVR,Status_Inquiry_WhereIsMyAccount,41,18.0
TCK-4004687,APP-1020693,Phone_IVR,Status_Inquiry_WhereIsMyAccount,18,18.0
TCK-4004688,APP-1020695,Phone_IVR,Status_Inquiry_WhereIsMyAccount,15,18.0
TCK-4004689,APP-1020699,In_App_Chat,Status_Inquiry_WhereIsMyAccount,23,8.5
TCK-4004690,APP-1020703,Email_Helpdesk,General_Clarification,38,12.0
TCK-4004691,APP-1020711,Email_Helpdesk,Status_Inquiry_WhereIsMyAccount,15,12.0
TCK-4004692,APP-1020712,In_App_Chat,Status_Inquiry_WhereIsMyAccount,5,8.5
TCK-4004693,APP-1020720,Phone_IVR,Status_Inquiry_WhereIsMyAccount,27,18.0
TCK-4004694,APP-1020722,Phone_IVR,Status_Inquiry_WhereIsMyAccount,31,18.0
TCK-4004695,APP-1020726,Phone_IVR,Status_Inquiry_WhereIsMyAccount,32,18.0
TCK-4004696,APP-1020729,Phone_IVR,Status_Inquiry_WhereIsMyAccount,43,18.0
TCK-4004697,APP-1020731,In_App_Chat,Status_Inquiry_WhereIsMyAccount,7,8.5
TCK-4004698,APP-1020734,In_App_Chat,Status_Inquiry_WhereIsMyAccount,37,8.5
TCK-4004699,APP-1020757,In_App_Chat,Document_Upload_Failure,12,8.5
TCK-4004700,APP-1020758,Phone_IVR,Status_Inquiry_WhereIsMyAccount,27,18.0
TCK-4004701,APP-1020765,Phone_IVR,Status_Inquiry_WhereIsMyAccount,43,18.0
TCK-4004702,APP-1020770,In_App_Chat,Status_Inquiry_WhereIsMyAccount,33,8.5
TCK-4004703,APP-1020773,In_App_Chat,Status_Inquiry_WhereIsMyAccount,19,8.5
TCK-4004704,APP-1020779,In_App_Chat,Status_Inquiry_WhereIsMyAccount,31,8.5
TCK-4004705,APP-1020782,In_App_Chat,Status_Inquiry_WhereIsMyAccount,32,8.5
TCK-4004706,APP-1020783,In_App_Chat,Status_Inquiry_WhereIsMyAccount,8,8.5
TCK-4004707,APP-1020784,In_App_Chat,General_Clarification,40,8.5
TCK-4004708,APP-1020786,In_App_Chat,Document_Upload_Failure,7,8.5
TCK-4004709,APP-1020791,In_App_Chat,General_Clarification,32,8.5
TCK-4004710,APP-1020794,Phone_IVR,Status_Inquiry_WhereIsMyAccount,5,18.0
TCK-4004711,APP-1020800,Email_Helpdesk,Status_Inquiry_WhereIsMyAccount,36,12.0
TCK-4004712,APP-1020807,Phone_IVR,Status_Inquiry_WhereIsMyAccount,35,18.0
TCK-4004713,APP-1020808,Email_Helpdesk,Document_Upload_Failure,36,12.0
TCK-4004714,APP-1020820,In_App_Chat,Status_Inquiry_WhereIsMyAccount,9,8.5
TCK-4004715,APP-1020823,In_App_Chat,Status_Inquiry_WhereIsMyAccount,27,8.5
TCK-4004716,APP-1020825,In_App_Chat,Document_Upload_Failure,32,8.5
TCK-4004717,APP-1020832,In_App_Chat,General_Clarification,21,8.5
TCK-4004718,APP-1020837,Email_Helpdesk,Status_Inquiry_WhereIsMyAccount,9,12.0
TCK-4004719,APP-1020841,In_App_Chat,Status_Inquiry_WhereIsMyAccount,23,8.5
TCK-4004720,APP-1020846,In_App_Chat,Document_Upload_Failure,39,8.5
TCK-4004721,APP-1020848,In_App_Chat,Status_Inquiry_WhereIsMyAccount,15,8.5
TCK-4004722,APP-1020851,Phone_IVR,Status_Inquiry_WhereIsMyAccount,21,18.0
TCK-4004723,APP-1020856,Email_Helpdesk,General_Clarification,30,12.0
TCK-4004724,APP-1020861,Phone_IVR,Status_Inquiry_WhereIsMyAccount,17,18.0
TCK-4004725,APP-1020863,Phone_IVR,Status_Inquiry_WhereIsMyAccount,10,18.0
TCK-4004726,APP-1020864,In_App_Chat,Status_Inquiry_WhereIsMyAccount,21,8.5
TCK-4004727,APP-1020869,In_App_Chat,Status_Inquiry_WhereIsMyAccount,29,8.5
TCK-4004728,APP-1020871,In_App_Chat,General_Clarification,17,8.5
TCK-4004729,APP-1020873,In_App_Chat,Status_Inquiry_WhereIsMyAccount,12,8.5
TCK-4004730,APP-1020877,In_App_Chat,Status_Inquiry_WhereIsMyAccount,44,8.5
TCK-4004731,APP-1020878,In_App_Chat,Status_Inquiry_WhereIsMyAccount,39,8.5
TCK-4004732,APP-1020881,In_App_Chat,Document_Upload_Failure,41,8.5
TCK-4004733,APP-1020882,In_App_Chat,Status_Inquiry_WhereIsMyAccount,6,8.5
TCK-4004734,APP-1020890,Email_Helpdesk,Status_Inquiry_WhereIsMyAccount,18,12.0
TCK-4004735,APP-1020898,Phone_IVR,Status_Inquiry_WhereIsMyAccount,20,18.0
TCK-4004736,APP-1020905,Phone_IVR,Status_Inquiry_WhereIsMyAccount,37,18.0
TCK-4004737,APP-1020908,In_App_Chat,Status_Inquiry_WhereIsMyAccount,6,8.5
TCK-4004738,APP-1020910,In_App_Chat,Status_Inquiry_WhereIsMyAccount,29,8.5
TCK-4004739,APP-1020914,Phone_IVR,General_Clarification,38,18.0
TCK-4004740,APP-1020918,Phone_IVR,Status_Inquiry_WhereIsMyAccount,6,18.0
TCK-4004741,APP-1020921,Phone_IVR,Status_Inquiry_WhereIsMyAccount,9,18.0
TCK-4004742,APP-1020923,Email_Helpdesk,Document_Upload_Failure,21,12.0
TCK-4004743,APP-1020926,Phone_IVR,General_Clarification,7,18.0
TCK-4004744,APP-1020929,In_App_Chat,Status_Inquiry_WhereIsMyAccount,29,8.5
TCK-4004745,APP-1020931,Phone_IVR,Status_Inquiry_WhereIsMyAccount,18,18.0
TCK-4004746,APP-1020932,In_App_Chat,Status_Inquiry_WhereIsMyAccount,13,8.5
TCK-4004747,APP-1020935,Phone_IVR,Document_Upload_Failure,25,18.0
TCK-4004748,APP-1020939,In_App_Chat,Status_Inquiry_WhereIsMyAccount,9,8.5
TCK-4004749,APP-1020950,In_App_Chat,Status_Inquiry_WhereIsMyAccount,39,8.5
TCK-4004750,APP-1020952,In_App_Chat,Status_Inquiry_WhereIsMyAccount,42,8.5
TCK-4004751,APP-1020965,Phone_IVR,Status_Inquiry_WhereIsMyAccount,39,18.0
TCK-4004752,APP-1020969,Email_Helpdesk,Status_Inquiry_WhereIsMyAccount,12,12.0
TCK-4004753,APP-1020973,In_App_Chat,General_Clarification,22,8.5
TCK-4004754,APP-1020974,In_App_Chat,Status_Inquiry_WhereIsMyAccount,14,8.5
TCK-4004755,APP-1020983,Phone_IVR,Status_Inquiry_WhereIsMyAccount,6,18.0
TCK-4004756,APP-1020986,Phone_IVR,Status_Inquiry_WhereIsMyAccount,41,18.0
TCK-4004757,APP-1020988,In_App_Chat,Status_Inquiry_WhereIsMyAccount,18,8.5
TCK-4004758,APP-1020990,In_App_Chat,Status_Inquiry_WhereIsMyAccount,10,8.5
TCK-4004759,APP-1020998,Phone_IVR,Status_Inquiry_WhereIsMyAccount,44,18.0
TCK-4004760,APP-1020999,Email_Helpdesk,Status_Inquiry_WhereIsMyAccount,26,12.0
TCK-4004761,APP-1021005,In_App_Chat,Status_Inquiry_WhereIsMyAccount,21,8.5
TCK-4004762,APP-1021006,In_App_Chat,Status_Inquiry_WhereIsMyAccount,19,8.5
TCK-4004763,APP-1021011,Phone_IVR,Status_Inquiry_WhereIsMyAccount,44,18.0
TCK-4004764,APP-1021015,In_App_Chat,Status_Inquiry_WhereIsMyAccount,24,8.5
TCK-4004765,APP-1021016,Phone_IVR,Document_Upload_Failure,30,18.0
TCK-4004766,APP-1021019,In_App_Chat,Status_Inquiry_WhereIsMyAccount,31,8.5
TCK-4004767,APP-1021027,In_App_Chat,Status_Inquiry_WhereIsMyAccount,5,8.5
TCK-4004768,APP-1021030,Email_Helpdesk,Status_Inquiry_WhereIsMyAccount,14,12.0
TCK-4004769,APP-1021031,Phone_IVR,Status_Inquiry_WhereIsMyAccount,17,18.0
TCK-4004770,APP-1021034,In_App_Chat,Status_Inquiry_WhereIsMyAccount,9,8.5
TCK-4004771,APP-1021035,Phone_IVR,Status_Inquiry_WhereIsMyAccount,20,18.0
TCK-4004772,APP-1021039,In_App_Chat,Document_Upload_Failure,33,8.5
TCK-4004773,APP-1021044,Phone_IVR,Status_Inquiry_WhereIsMyAccount,8,18.0
TCK-4004774,APP-1021066,Phone_IVR,Status_Inquiry_WhereIsMyAccount,16,18.0
TCK-4004775,APP-1021072,In_App_Chat,Status_Inquiry_WhereIsMyAccount,25,8.5
TCK-4004776,APP-1021073,Phone_IVR,Status_Inquiry_WhereIsMyAccount,36,18.0
TCK-4004777,APP-1021076,In_App_Chat,General_Clarification,12,8.5
TCK-4004778,APP-1021079,In_App_Chat,General_Clarification,39,8.5
TCK-4004779,APP-1021081,Phone_IVR,Status_Inquiry_WhereIsMyAccount,8,18.0
TCK-4004780,APP-1021082,Phone_IVR,Status_Inquiry_WhereIsMyAccount,39,18.0
TCK-4004781,APP-1021088,Email_Helpdesk,Status_Inquiry_WhereIsMyAccount,17,12.0
TCK-4004782,APP-1021100,In_App_Chat,Status_Inquiry_WhereIsMyAccount,38,8.5
TCK-4004783,APP-1021101,In_App_Chat,General_Clarification,36,8.5
TCK-4004784,APP-1021102,Phone_IVR,General_Clarification,25,18.0
TCK-4004785,APP-1021106,In_App_Chat,Status_Inquiry_WhereIsMyAccount,38,8.5
TCK-4004786,APP-1021110,In_App_Chat,Status_Inquiry_WhereIsMyAccount,21,8.5
TCK-4004787,APP-1021112,Email_Helpdesk,Status_Inquiry_WhereIsMyAccount,29,12.0
TCK-4004788,APP-1021119,Email_Helpdesk,Status_Inquiry_WhereIsMyAccount,41,12.0
TCK-4004789,APP-1021122,In_App_Chat,Status_Inquiry_WhereIsMyAccount,29,8.5
TCK-4004790,APP-1021127,In_App_Chat,Status_Inquiry_WhereIsMyAccount,8,8.5
TCK-4004791,APP-1021134,In_App_Chat,Status_Inquiry_WhereIsMyAccount,11,8.5
TCK-4004792,APP-1021136,Phone_IVR,Status_Inquiry_WhereIsMyAccount,23,18.0
TCK-4004793,APP-1021137,Email_Helpdesk,Status_Inquiry_WhereIsMyAccount,27,12.0
TCK-4004794,APP-1021138,In_App_Chat,Document_Upload_Failure,31,8.5
TCK-4004795,APP-1021150,In_App_Chat,Status_Inquiry_WhereIsMyAccount,13,8.5
TCK-4004796,APP-1021152,Phone_IVR,Document_Upload_Failure,31,18.0
TCK-4004797,APP-1021158,Phone_IVR,Status_Inquiry_WhereIsMyAccount,13,18.0
TCK-4004798,APP-1021178,Email_Helpdesk,Status_Inquiry_WhereIsMyAccount,42,12.0
TCK-4004799,APP-1021179,Phone_IVR,Status_Inquiry_WhereIsMyAccount,36,18.0
TCK-4004800,APP-1021180,In_App_Chat,Status_Inquiry_WhereIsMyAccount,13,8.5
TCK-4004801,APP-1021181,In_App_Chat,Status_Inquiry_WhereIsMyAccount,22,8.5
TCK-4004802,APP-1021183,In_App_Chat,Status_Inquiry_WhereIsMyAccount,41,8.5
TCK-4004803,APP-1021187,Email_Helpdesk,Status_Inquiry_WhereIsMyAccount,41,12.0
TCK-4004804,APP-1021197,Phone_IVR,Status_Inquiry_WhereIsMyAccount,8,18.0
TCK-4004805,APP-1021199,Phone_IVR,Status_Inquiry_WhereIsMyAccount,30,18.0
TCK-4004806,APP-1021200,In_App_Chat,Status_Inquiry_WhereIsMyAccount,35,8.5
TCK-4004807,APP-1021201,Email_Helpdesk,Status_Inquiry_WhereIsMyAccount,5,12.0
TCK-4004808,APP-1021202,In_App_Chat,Status_Inquiry_WhereIsMyAccount,38,8.5
TCK-4004809,APP-1021213,In_App_Chat,Status_Inquiry_WhereIsMyAccount,12,8.5
TCK-4004810,APP-1021214,In_App_Chat,Status_Inquiry_WhereIsMyAccount,41,8.5
TCK-4004811,APP-1021218,Phone_IVR,Status_Inquiry_WhereIsMyAccount,13,18.0
TCK-4004812,APP-1021221,Phone_IVR,General_Clarification,25,18.0
TCK-4004813,APP-1021225,Phone_IVR,Status_Inquiry_WhereIsMyAccount,12,18.0
TCK-4004814,APP-1021226,In_App_Chat,Document_Upload_Failure,32,8.5
TCK-4004815,APP-1021233,Phone_IVR,Status_Inquiry_WhereIsMyAccount,25,18.0
TCK-4004816,APP-1021234,In_App_Chat,General_Clarification,7,8.5
TCK-4004817,APP-1021237,In_App_Chat,Status_Inquiry_WhereIsMyAccount,10,8.5
TCK-4004818,APP-1021238,In_App_Chat,General_Clarification,29,8.5
TCK-4004819,APP-1021243,In_App_Chat,Document_Upload_Failure,23,8.5
TCK-4004820,APP-1021248,Phone_IVR,Status_Inquiry_WhereIsMyAccount,33,18.0
TCK-4004821,APP-1021249,In_App_Chat,General_Clarification,23,8.5
TCK-4004822,APP-1021256,In_App_Chat,Status_Inquiry_WhereIsMyAccount,38,8.5
TCK-4004823,APP-1021258,In_App_Chat,General_Clarification,29,8.5
TCK-4004824,APP-1021263,In_App_Chat,General_Clarification,7,8.5
TCK-4004825,APP-1021269,In_App_Chat,Status_Inquiry_WhereIsMyAccount,15,8.5
TCK-4004826,APP-1021270,In_App_Chat,Status_Inquiry_WhereIsMyAccount,38,8.5
TCK-4004827,APP-1021274,Email_Helpdesk,Status_Inquiry_WhereIsMyAccount,21,12.0
TCK-4004828,APP-1021287,Phone_IVR,Status_Inquiry_WhereIsMyAccount,12,18.0
TCK-4004829,APP-1021288,In_App_Chat,Status_Inquiry_WhereIsMyAccount,15,8.5
TCK-4004830,APP-1021289,In_App_Chat,Status_Inquiry_WhereIsMyAccount,33,8.5
TCK-4004831,APP-1021290,In_App_Chat,Status_Inquiry_WhereIsMyAccount,17,8.5
TCK-4004832,APP-1021298,Phone_IVR,Status_Inquiry_WhereIsMyAccount,11,18.0
TCK-4004833,APP-1021315,In_App_Chat,Status_Inquiry_WhereIsMyAccount,43,8.5
TCK-4004834,APP-1021321,In_App_Chat,Status_Inquiry_WhereIsMyAccount,26,8.5
TCK-4004835,APP-1021335,Phone_IVR,General_Clarification,33,18.0
TCK-4004836,APP-1021338,In_App_Chat,Status_Inquiry_WhereIsMyAccount,37,8.5
TCK-4004837,APP-1021343,In_App_Chat,Status_Inquiry_WhereIsMyAccount,16,8.5
TCK-4004838,APP-1021345,Phone_IVR,Status_Inquiry_WhereIsMyAccount,8,18.0
TCK-4004839,APP-1021359,Phone_IVR,Status_Inquiry_WhereIsMyAccount,38,18.0
TCK-4004840,APP-1021361,Phone_IVR,Status_Inquiry_WhereIsMyAccount,19,18.0
TCK-4004841,APP-1021367,Phone_IVR,Document_Upload_Failure,34,18.0
TCK-4004842,APP-1021378,Phone_IVR,Status_Inquiry_WhereIsMyAccount,37,18.0
TCK-4004843,APP-1021379,Phone_IVR,Document_Upload_Failure,17,18.0
TCK-4004844,APP-1021385,In_App_Chat,Status_Inquiry_WhereIsMyAccount,11,8.5
TCK-4004845,APP-1021393,In_App_Chat,Status_Inquiry_WhereIsMyAccount,21,8.5
TCK-4004846,APP-1021394,In_App_Chat,Status_Inquiry_WhereIsMyAccount,28,8.5
TCK-4004847,APP-1021401,In_App_Chat,General_Clarification,39,8.5
TCK-4004848,APP-1021414,In_App_Chat,Status_Inquiry_WhereIsMyAccount,40,8.5
TCK-4004849,APP-1021421,In_App_Chat,Status_Inquiry_WhereIsMyAccount,10,8.5
TCK-4004850,APP-1021431,In_App_Chat,Status_Inquiry_WhereIsMyAccount,25,8.5
TCK-4004851,APP-1021443,In_App_Chat,General_Clarification,10,8.5
TCK-4004852,APP-1021448,In_App_Chat,Status_Inquiry_WhereIsMyAccount,35,8.5
TCK-4004853,APP-1021453,Email_Helpdesk,Status_Inquiry_WhereIsMyAccount,27,12.0
TCK-4004854,APP-1021459,Email_Helpdesk,Status_Inquiry_WhereIsMyAccount,26,12.0
TCK-4004855,APP-1021462,In_App_Chat,Status_Inquiry_WhereIsMyAccount,12,8.5
TCK-4004856,APP-1021466,Phone_IVR,Status_Inquiry_WhereIsMyAccount,7,18.0
TCK-4004857,APP-1021472,In_App_Chat,Status_Inquiry_WhereIsMyAccount,33,8.5
TCK-4004858,APP-1021476,In_App_Chat,Status_Inquiry_WhereIsMyAccount,13,8.5
TCK-4004859,APP-1021480,Email_Helpdesk,General_Clarification,17,12.0
TCK-4004860,APP-1021484,In_App_Chat,Status_Inquiry_WhereIsMyAccount,5,8.5
TCK-4004861,APP-1021500,Phone_IVR,Status_Inquiry_WhereIsMyAccount,20,18.0
TCK-4004862,APP-1021509,Phone_IVR,Status_Inquiry_WhereIsMyAccount,35,18.0
TCK-4004863,APP-1021511,In_App_Chat,Status_Inquiry_WhereIsMyAccount,27,8.5
TCK-4004864,APP-1021516,Email_Helpdesk,General_Clarification,17,12.0
TCK-4004865,APP-1021524,In_App_Chat,Status_Inquiry_WhereIsMyAccount,26,8.5
TCK-4004866,APP-1021526,Phone_IVR,General_Clarification,17,18.0
TCK-4004867,APP-1021537,Email_Helpdesk,Status_Inquiry_WhereIsMyAccount,40,12.0
TCK-4004868,APP-1021539,In_App_Chat,Status_Inquiry_WhereIsMyAccount,15,8.5
TCK-4004869,APP-1021541,Phone_IVR,Status_Inquiry_WhereIsMyAccount,19,18.0
TCK-4004870,APP-1021543,In_App_Chat,Status_Inquiry_WhereIsMyAccount,10,8.5
TCK-4004871,APP-1021545,Phone_IVR,Status_Inquiry_WhereIsMyAccount,29,18.0
TCK-4004872,APP-1021546,Phone_IVR,Status_Inquiry_WhereIsMyAccount,39,18.0
TCK-4004873,APP-1021549,In_App_Chat,Status_Inquiry_WhereIsMyAccount,17,8.5
TCK-4004874,APP-1021550,Phone_IVR,Status_Inquiry_WhereIsMyAccount,24,18.0
TCK-4004875,APP-1021559,Email_Helpdesk,Status_Inquiry_WhereIsMyAccount,31,12.0
TCK-4004876,APP-1021562,In_App_Chat,General_Clarification,40,8.5
TCK-4004877,APP-1021565,Email_Helpdesk,General_Clarification,33,12.0
TCK-4004878,APP-1021571,Phone_IVR,Status_Inquiry_WhereIsMyAccount,16,18.0
TCK-4004879,APP-1021580,In_App_Chat,Document_Upload_Failure,18,8.5
TCK-4004880,APP-1021581,In_App_Chat,Status_Inquiry_WhereIsMyAccount,23,8.5
TCK-4004881,APP-1021583,Phone_IVR,Status_Inquiry_WhereIsMyAccount,44,18.0
TCK-4004882,APP-1021584,In_App_Chat,Status_Inquiry_WhereIsMyAccount,23,8.5
TCK-4004883,APP-1021586,In_App_Chat,Status_Inquiry_WhereIsMyAccount,31,8.5
TCK-4004884,APP-1021587,In_App_Chat,Status_Inquiry_WhereIsMyAccount,29,8.5
TCK-4004885,APP-1021590,In_App_Chat,Status_Inquiry_WhereIsMyAccount,28,8.5
TCK-4004886,APP-1021592,In_App_Chat,Status_Inquiry_WhereIsMyAccount,6,8.5
TCK-4004887,APP-1021595,In_App_Chat,Status_Inquiry_WhereIsMyAccount,34,8.5
TCK-4004888,APP-1021615,Email_Helpdesk,Status_Inquiry_WhereIsMyAccount,7,12.0
TCK-4004889,APP-1021618,In_App_Chat,Status_Inquiry_WhereIsMyAccount,25,8.5
TCK-4004890,APP-1021629,Phone_IVR,Status_Inquiry_WhereIsMyAccount,16,18.0
TCK-4004891,APP-1021637,Phone_IVR,Status_Inquiry_WhereIsMyAccount,5,18.0
TCK-4004892,APP-1021642,Email_Helpdesk,Status_Inquiry_WhereIsMyAccount,21,12.0
TCK-4004893,APP-1021643,In_App_Chat,General_Clarification,30,8.5
TCK-4004894,APP-1021644,In_App_Chat,General_Clarification,19,8.5
TCK-4004895,APP-1021646,In_App_Chat,Status_Inquiry_WhereIsMyAccount,26,8.5
TCK-4004896,APP-1021647,In_App_Chat,Status_Inquiry_WhereIsMyAccount,27,8.5
TCK-4004897,APP-1021651,In_App_Chat,Status_Inquiry_WhereIsMyAccount,30,8.5
TCK-4004898,APP-1021652,Phone_IVR,Status_Inquiry_WhereIsMyAccount,9,18.0
TCK-4004899,APP-1021654,Phone_IVR,Status_Inquiry_WhereIsMyAccount,15,18.0
TCK-4004900,APP-1021655,In_App_Chat,Status_Inquiry_WhereIsMyAccount,36,8.5
TCK-4004901,APP-1021662,Email_Helpdesk,Document_Upload_Failure,19,12.0
TCK-4004902,APP-1021668,Phone_IVR,Status_Inquiry_WhereIsMyAccount,44,18.0
TCK-4004903,APP-1021672,In_App_Chat,General_Clarification,20,8.5
TCK-4004904,APP-1021673,Phone_IVR,Status_Inquiry_WhereIsMyAccount,20,18.0
TCK-4004905,APP-1021675,In_App_Chat,Status_Inquiry_WhereIsMyAccount,9,8.5
TCK-4004906,APP-1021676,Email_Helpdesk,General_Clarification,44,12.0
TCK-4004907,APP-1021677,Email_Helpdesk,Status_Inquiry_WhereIsMyAccount,40,12.0
TCK-4004908,APP-1021679,In_App_Chat,Status_Inquiry_WhereIsMyAccount,27,8.5
TCK-4004909,APP-1021681,In_App_Chat,Status_Inquiry_WhereIsMyAccount,23,8.5
TCK-4004910,APP-1021687,In_App_Chat,Status_Inquiry_WhereIsMyAccount,39,8.5
TCK-4004911,APP-1021688,In_App_Chat,Status_Inquiry_WhereIsMyAccount,22,8.5
TCK-4004912,APP-1021691,Phone_IVR,Status_Inquiry_WhereIsMyAccount,5,18.0
TCK-4004913,APP-1021692,Phone_IVR,Status_Inquiry_WhereIsMyAccount,41,18.0
TCK-4004914,APP-1021698,In_App_Chat,Status_Inquiry_WhereIsMyAccount,38,8.5
TCK-4004915,APP-1021708,In_App_Chat,Status_Inquiry_WhereIsMyAccount,15,8.5
TCK-4004916,APP-1021713,Email_Helpdesk,Status_Inquiry_WhereIsMyAccount,14,12.0
TCK-4004917,APP-1021718,Phone_IVR,General_Clarification,34,18.0
TCK-4004918,APP-1021724,In_App_Chat,Status_Inquiry_WhereIsMyAccount,10,8.5
TCK-4004919,APP-1021725,In_App_Chat,Status_Inquiry_WhereIsMyAccount,8,8.5
TCK-4004920,APP-1021732,In_App_Chat,Status_Inquiry_WhereIsMyAccount,20,8.5
TCK-4004921,APP-1021735,In_App_Chat,Status_Inquiry_WhereIsMyAccount,11,8.5
TCK-4004922,APP-1021746,Phone_IVR,Status_Inquiry_WhereIsMyAccount,25,18.0
TCK-4004923,APP-1021748,In_App_Chat,Status_Inquiry_WhereIsMyAccount,29,8.5
TCK-4004924,APP-1021751,Email_Helpdesk,Status_Inquiry_WhereIsMyAccount,28,12.0
TCK-4004925,APP-1021763,In_App_Chat,Status_Inquiry_WhereIsMyAccount,9,8.5
TCK-4004926,APP-1021768,In_App_Chat,Status_Inquiry_WhereIsMyAccount,6,8.5
TCK-4004927,APP-1021771,In_App_Chat,Status_Inquiry_WhereIsMyAccount,32,8.5
TCK-4004928,APP-1021774,Phone_IVR,Document_Upload_Failure,25,18.0
TCK-4004929,APP-1021776,In_App_Chat,Status_Inquiry_WhereIsMyAccount,14,8.5
TCK-4004930,APP-1021797,Email_Helpdesk,Status_Inquiry_WhereIsMyAccount,31,12.0
TCK-4004931,APP-1021798,Phone_IVR,Status_Inquiry_WhereIsMyAccount,27,18.0
TCK-4004932,APP-1021802,In_App_Chat,Status_Inquiry_WhereIsMyAccount,6,8.5
TCK-4004933,APP-1021813,In_App_Chat,Status_Inquiry_WhereIsMyAccount,29,8.5
TCK-4004934,APP-1021815,In_App_Chat,Status_Inquiry_WhereIsMyAccount,33,8.5
TCK-4004935,APP-1021817,In_App_Chat,Status_Inquiry_WhereIsMyAccount,5,8.5
TCK-4004936,APP-1021818,Email_Helpdesk,Status_Inquiry_WhereIsMyAccount,25,12.0
TCK-4004937,APP-1021819,In_App_Chat,Status_Inquiry_WhereIsMyAccount,6,8.5
TCK-4004938,APP-1021821,Email_Helpdesk,Status_Inquiry_WhereIsMyAccount,25,12.0
TCK-4004939,APP-1021831,In_App_Chat,Status_Inquiry_WhereIsMyAccount,23,8.5
TCK-4004940,APP-1021832,Email_Helpdesk,Status_Inquiry_WhereIsMyAccount,43,12.0
TCK-4004941,APP-1021833,Phone_IVR,Status_Inquiry_WhereIsMyAccount,31,18.0
TCK-4004942,APP-1021838,In_App_Chat,Status_Inquiry_WhereIsMyAccount,30,8.5
TCK-4004943,APP-1021840,In_App_Chat,Status_Inquiry_WhereIsMyAccount,37,8.5
TCK-4004944,APP-1021841,In_App_Chat,Status_Inquiry_WhereIsMyAccount,22,8.5
TCK-4004945,APP-1021856,In_App_Chat,Document_Upload_Failure,6,8.5
TCK-4004946,APP-1021863,In_App_Chat,Status_Inquiry_WhereIsMyAccount,7,8.5
TCK-4004947,APP-1021866,In_App_Chat,Status_Inquiry_WhereIsMyAccount,12,8.5
TCK-4004948,APP-1021875,In_App_Chat,Status_Inquiry_WhereIsMyAccount,12,8.5
TCK-4004949,APP-1021877,In_App_Chat,Status_Inquiry_WhereIsMyAccount,11,8.5
TCK-4004950,APP-1021880,In_App_Chat,Status_Inquiry_WhereIsMyAccount,12,8.5
TCK-4004951,APP-1021886,In_App_Chat,Status_Inquiry_WhereIsMyAccount,40,8.5
TCK-4004952,APP-1021889,Email_Helpdesk,General_Clarification,31,12.0
TCK-4004953,APP-1021892,Phone_IVR,Document_Upload_Failure,13,18.0
TCK-4004954,APP-1021894,Email_Helpdesk,General_Clarification,41,12.0
TCK-4004955,APP-1021896,In_App_Chat,Status_Inquiry_WhereIsMyAccount,29,8.5
TCK-4004956,APP-1021899,In_App_Chat,Status_Inquiry_WhereIsMyAccount,9,8.5
TCK-4004957,APP-1021900,Phone_IVR,Status_Inquiry_WhereIsMyAccount,19,18.0
TCK-4004958,APP-1021903,In_App_Chat,Status_Inquiry_WhereIsMyAccount,11,8.5
TCK-4004959,APP-1021906,In_App_Chat,Status_Inquiry_WhereIsMyAccount,15,8.5
TCK-4004960,APP-1021913,In_App_Chat,Status_Inquiry_WhereIsMyAccount,16,8.5
TCK-4004961,APP-1021915,In_App_Chat,Status_Inquiry_WhereIsMyAccount,12,8.5
TCK-4004962,APP-1021916,Email_Helpdesk,Status_Inquiry_WhereIsMyAccount,20,12.0
TCK-4004963,APP-1021918,In_App_Chat,Status_Inquiry_WhereIsMyAccount,29,8.5
TCK-4004964,APP-1021921,In_App_Chat,Status_Inquiry_WhereIsMyAccount,21,8.5
TCK-4004965,APP-1021923,Email_Helpdesk,Status_Inquiry_WhereIsMyAccount,27,12.0
TCK-4004966,APP-1021928,In_App_Chat,General_Clarification,29,8.5
TCK-4004967,APP-1021930,Phone_IVR,Status_Inquiry_WhereIsMyAccount,5,18.0
TCK-4004968,APP-1021933,Email_Helpdesk,Status_Inquiry_WhereIsMyAccount,40,12.0
TCK-4004969,APP-1021936,Email_Helpdesk,Status_Inquiry_WhereIsMyAccount,18,12.0
TCK-4004970,APP-1021938,In_App_Chat,Status_Inquiry_WhereIsMyAccount,32,8.5
TCK-4004971,APP-1021943,In_App_Chat,Document_Upload_Failure,6,8.5
TCK-4004972,APP-1021946,Phone_IVR,Status_Inquiry_WhereIsMyAccount,26,18.0
TCK-4004973,APP-1021947,In_App_Chat,Status_Inquiry_WhereIsMyAccount,43,8.5
TCK-4004974,APP-1021964,Phone_IVR,Status_Inquiry_WhereIsMyAccount,42,18.0
TCK-4004975,APP-1021967,Phone_IVR,General_Clarification,34,18.0
TCK-4004976,APP-1021976,In_App_Chat,Status_Inquiry_WhereIsMyAccount,24,8.5
TCK-4004977,APP-1021977,Phone_IVR,Status_Inquiry_WhereIsMyAccount,21,18.0
TCK-4004978,APP-1021996,In_App_Chat,General_Clarification,21,8.5
TCK-4004979,APP-1021999,In_App_Chat,Status_Inquiry_WhereIsMyAccount,31,8.5
TCK-4004980,APP-1022003,In_App_Chat,Status_Inquiry_WhereIsMyAccount,38,8.5
TCK-4004981,APP-1022007,Email_Helpdesk,Status_Inquiry_WhereIsMyAccount,33,12.0
TCK-4004982,APP-1022019,Email_Helpdesk,Status_Inquiry_WhereIsMyAccount,22,12.0
TCK-4004983,APP-1022020,In_App_Chat,Status_Inquiry_WhereIsMyAccount,40,8.5
TCK-4004984,APP-1022022,Phone_IVR,Status_Inquiry_WhereIsMyAccount,35,18.0
TCK-4004985,APP-1022028,Phone_IVR,Status_Inquiry_WhereIsMyAccount,11,18.0
TCK-4004986,APP-1022030,In_App_Chat,Status_Inquiry_WhereIsMyAccount,40,8.5
TCK-4004987,APP-1022033,Phone_IVR,Status_Inquiry_WhereIsMyAccount,25,18.0
TCK-4004988,APP-1022034,In_App_Chat,Status_Inquiry_WhereIsMyAccount,39,8.5
TCK-4004989,APP-1022038,Phone_IVR,Status_Inquiry_WhereIsMyAccount,15,18.0
TCK-4004990,APP-1022041,Email_Helpdesk,Status_Inquiry_WhereIsMyAccount,31,12.0
TCK-4004991,APP-1022049,Phone_IVR,Status_Inquiry_WhereIsMyAccount,24,18.0
TCK-4004992,APP-1022059,Phone_IVR,General_Clarification,32,18.0
TCK-4004993,APP-1022063,In_App_Chat,General_Clarification,14,8.5
TCK-4004994,APP-1022064,Phone_IVR,Status_Inquiry_WhereIsMyAccount,30,18.0
TCK-4004995,APP-1022065,In_App_Chat,Status_Inquiry_WhereIsMyAccount,10,8.5
TCK-4004996,APP-1022085,In_App_Chat,Status_Inquiry_WhereIsMyAccount,23,8.5
TCK-4004997,APP-1022107,In_App_Chat,Status_Inquiry_WhereIsMyAccount,19,8.5
TCK-4004998,APP-1022113,Email_Helpdesk,Status_Inquiry_WhereIsMyAccount,20,12.0
TCK-4004999,APP-1022116,In_App_Chat,Status_Inquiry_WhereIsMyAccount,33,8.5
